entity_id,race,sex,age_cat,label_value
1,Other,Male,Greater than 45,0
3,African-American,Male,25 - 45,1
4,African-American,Male,Less than 25,1
7,Other,Male,25 - 45,0
8,Caucasian,Male,25 - 45,1
9,Other,Male,25 - 45,0
10,Caucasian,Female,25 - 45,0
14,Caucasian,Male,25 - 45,0
15,African-American,Male,Less than 25,1
16,Caucasian,Female,25 - 45,0
18,African-American,Male,25 - 45,0
19,Caucasian,Female,Greater than 45,1
20,African-American,Male,25 - 45,1
21,Hispanic,Male,25 - 45,0
22,African-American,Male,25 - 45,0
23,Caucasian,Male,25 - 45,1
24,Caucasian,Male,25 - 45,1
25,African-American,Male,Greater than 45,1
26,African-American,Male,Less than 25,1
27,Caucasian,Male,25 - 45,1
28,Caucasian,Female,Less than 25,0
30,Hispanic,Male,Less than 25,1
32,Caucasian,Male,25 - 45,0
33,Other,Male,25 - 45,0
37,African-American,Male,25 - 45,1
39,African-American,Male,25 - 45,1
40,African-American,Male,25 - 45,1
41,Caucasian,Male,25 - 45,1
42,African-American,Male,25 - 45,1
45,Caucasian,Male,Greater than 45,0
50,Other,Male,Greater than 45,1
52,Caucasian,Female,25 - 45,1
53,Caucasian,Male,Less than 25,1
54,African-American,Male,25 - 45,1
55,Caucasian,Male,25 - 45,0
56,African-American,Female,Less than 25,0
57,African-American,Male,Greater than 45,0
59,Caucasian,Male,25 - 45,1
61,African-American,Female,Greater than 45,0
64,African-American,Male,25 - 45,1
66,Caucasian,Male,25 - 45,1
67,African-American,Male,25 - 45,1
68,Caucasian,Male,Greater than 45,0
70,African-American,Male,25 - 45,0
71,Caucasian,Male,25 - 45,1
72,Other,Female,25 - 45,0
79,African-American,Male,25 - 45,0
80,African-American,Male,Less than 25,1
83,Hispanic,Male,25 - 45,0
84,African-American,Male,Greater than 45,0
85,Caucasian,Male,Greater than 45,0
87,African-American,Male,25 - 45,0
90,African-American,Male,25 - 45,1
91,Caucasian,Male,25 - 45,1
93,African-American,Male,Less than 25,1
96,African-American,Male,25 - 45,1
97,Hispanic,Male,Greater than 45,0
98,African-American,Male,25 - 45,1
99,Other,Male,25 - 45,0
100,African-American,Female,Greater than 45,0
101,Hispanic,Male,Greater than 45,1
102,Hispanic,Male,Less than 25,0
105,African-American,Male,25 - 45,0
107,African-American,Male,25 - 45,1
108,Caucasian,Male,25 - 45,1
111,African-American,Male,25 - 45,0
113,African-American,Male,Less than 25,1
114,Caucasian,Male,Less than 25,0
115,African-American,Female,25 - 45,1
119,African-American,Male,25 - 45,0
120,African-American,Male,25 - 45,0
122,African-American,Male,25 - 45,1
127,Other,Male,Greater than 45,1
128,African-American,Male,25 - 45,1
130,Other,Male,Less than 25,1
131,African-American,Male,Less than 25,1
136,African-American,Female,25 - 45,0
137,African-American,Male,25 - 45,1
138,Caucasian,Male,25 - 45,1
139,Other,Male,Less than 25,1
142,Caucasian,Male,25 - 45,1
145,Caucasian,Female,Less than 25,0
146,Caucasian,Male,25 - 45,1
148,Caucasian,Female,Greater than 45,0
150,Hispanic,Female,25 - 45,0
151,African-American,Male,Less than 25,1
153,African-American,Male,25 - 45,0
154,Caucasian,Female,25 - 45,1
156,Caucasian,Male,Less than 25,1
157,Caucasian,Male,25 - 45,0
158,Caucasian,Male,25 - 45,0
159,Caucasian,Female,25 - 45,0
163,Caucasian,Male,25 - 45,0
166,African-American,Male,Less than 25,1
169,Caucasian,Male,25 - 45,1
171,Caucasian,Male,25 - 45,0
173,African-American,Male,25 - 45,1
174,African-American,Male,25 - 45,0
175,Caucasian,Male,25 - 45,1
176,African-American,Male,25 - 45,1
177,African-American,Male,Less than 25,1
178,African-American,Male,25 - 45,1
180,African-American,Male,25 - 45,0
182,Other,Female,25 - 45,0
183,Caucasian,Male,25 - 45,1
184,African-American,Male,25 - 45,1
189,Caucasian,Male,Greater than 45,0
190,African-American,Male,25 - 45,1
194,Caucasian,Male,25 - 45,0
195,Caucasian,Female,25 - 45,0
197,Caucasian,Male,25 - 45,0
200,Other,Female,25 - 45,0
202,Caucasian,Male,25 - 45,1
203,African-American,Female,Less than 25,0
206,Caucasian,Female,25 - 45,1
208,Caucasian,Male,25 - 45,1
210,African-American,Male,25 - 45,1
213,Caucasian,Male,25 - 45,1
215,African-American,Male,25 - 45,0
216,Caucasian,Male,Greater than 45,1
220,African-American,Female,Less than 25,0
222,Caucasian,Female,25 - 45,0
223,African-American,Male,25 - 45,1
224,African-American,Male,25 - 45,1
225,African-American,Male,25 - 45,1
227,African-American,Female,25 - 45,1
228,African-American,Female,25 - 45,1
229,African-American,Male,25 - 45,1
231,African-American,Female,Less than 25,0
232,Caucasian,Female,25 - 45,0
234,African-American,Female,Greater than 45,1
235,Other,Male,Greater than 45,1
236,Hispanic,Male,Greater than 45,0
238,African-American,Female,25 - 45,1
239,Hispanic,Male,25 - 45,0
241,African-American,Female,25 - 45,1
243,Caucasian,Male,25 - 45,0
244,Caucasian,Female,25 - 45,1
245,African-American,Male,25 - 45,0
246,Caucasian,Male,Greater than 45,0
248,African-American,Male,Less than 25,0
249,Caucasian,Male,Greater than 45,1
252,Caucasian,Male,25 - 45,0
254,African-American,Male,25 - 45,1
257,Hispanic,Male,Less than 25,0
258,African-American,Female,25 - 45,0
259,Hispanic,Male,Greater than 45,0
260,African-American,Male,Greater than 45,0
264,Hispanic,Male,25 - 45,1
265,African-American,Male,25 - 45,1
266,Hispanic,Male,Greater than 45,0
267,Hispanic,Male,Greater than 45,0
268,Caucasian,Male,Greater than 45,1
269,Caucasian,Male,Greater than 45,0
271,Other,Male,Less than 25,0
275,African-American,Male,Less than 25,1
277,African-American,Male,Greater than 45,1
278,African-American,Male,Less than 25,1
279,Hispanic,Male,Greater than 45,0
281,African-American,Male,Greater than 45,0
282,Caucasian,Male,Greater than 45,1
287,African-American,Male,25 - 45,1
288,Caucasian,Male,25 - 45,1
289,African-American,Male,25 - 45,1
291,Caucasian,Male,Greater than 45,0
293,African-American,Male,Less than 25,1
294,African-American,Male,25 - 45,0
297,African-American,Female,Less than 25,0
298,Other,Male,25 - 45,1
299,Caucasian,Male,Greater than 45,0
300,Caucasian,Female,25 - 45,0
301,Caucasian,Male,25 - 45,0
302,African-American,Female,25 - 45,1
304,Other,Male,Less than 25,1
306,African-American,Male,25 - 45,1
308,African-American,Male,25 - 45,0
310,African-American,Female,25 - 45,0
313,Caucasian,Female,25 - 45,1
315,African-American,Male,25 - 45,0
317,African-American,Female,25 - 45,0
319,Caucasian,Male,Greater than 45,1
320,African-American,Male,25 - 45,0
321,African-American,Male,25 - 45,0
326,Caucasian,Female,Greater than 45,1
327,Caucasian,Male,Greater than 45,0
329,Other,Male,25 - 45,1
330,African-American,Male,Greater than 45,0
331,Caucasian,Male,25 - 45,1
332,African-American,Female,25 - 45,0
333,African-American,Female,25 - 45,0
334,African-American,Male,25 - 45,1
335,African-American,Male,25 - 45,0
336,Other,Male,25 - 45,1
337,African-American,Male,Greater than 45,0
338,African-American,Male,Less than 25,0
344,African-American,Male,25 - 45,0
345,Caucasian,Male,Greater than 45,0
347,Caucasian,Male,25 - 45,1
348,African-American,Male,Greater than 45,0
349,Caucasian,Male,25 - 45,0
350,African-American,Male,25 - 45,1
351,Caucasian,Male,25 - 45,0
354,African-American,Male,Less than 25,0
355,African-American,Male,25 - 45,0
356,Hispanic,Male,25 - 45,0
357,Caucasian,Male,25 - 45,1
358,Caucasian,Male,25 - 45,1
359,African-American,Male,25 - 45,0
361,Caucasian,Male,Greater than 45,0
362,African-American,Male,25 - 45,1
363,Caucasian,Male,25 - 45,1
364,African-American,Male,25 - 45,0
366,Caucasian,Male,Less than 25,1
369,Other,Female,25 - 45,0
372,Other,Female,25 - 45,0
379,Hispanic,Female,25 - 45,0
381,Hispanic,Male,Less than 25,1
382,Caucasian,Female,Less than 25,1
383,Hispanic,Male,Less than 25,0
384,African-American,Male,25 - 45,0
385,African-American,Male,Less than 25,1
386,African-American,Male,25 - 45,1
389,Other,Male,25 - 45,0
390,African-American,Male,25 - 45,0
393,African-American,Female,25 - 45,0
396,African-American,Male,Less than 25,0
398,Hispanic,Male,Less than 25,0
399,African-American,Female,Greater than 45,0
400,African-American,Female,Less than 25,1
402,African-American,Female,Greater than 45,0
404,Caucasian,Male,25 - 45,0
405,Caucasian,Male,25 - 45,1
406,African-American,Male,25 - 45,1
407,African-American,Male,Less than 25,1
408,Caucasian,Female,Less than 25,0
411,African-American,Female,25 - 45,0
414,Other,Female,25 - 45,0
416,African-American,Male,Greater than 45,1
417,African-American,Male,25 - 45,0
423,Caucasian,Male,25 - 45,0
425,Caucasian,Male,Greater than 45,0
428,Caucasian,Male,Greater than 45,0
429,African-American,Male,Less than 25,1
430,African-American,Male,25 - 45,1
431,Hispanic,Male,25 - 45,1
432,Caucasian,Male,25 - 45,0
435,African-American,Male,25 - 45,0
437,Caucasian,Male,Less than 25,1
438,African-American,Male,25 - 45,1
440,African-American,Male,25 - 45,1
441,Other,Male,Less than 25,0
445,Caucasian,Male,Greater than 45,0
446,African-American,Female,Less than 25,0
451,African-American,Male,Less than 25,1
452,Caucasian,Male,Greater than 45,0
456,Caucasian,Male,25 - 45,0
457,Other,Male,25 - 45,1
459,African-American,Female,25 - 45,0
461,Hispanic,Male,Less than 25,0
462,African-American,Male,25 - 45,0
463,Caucasian,Male,25 - 45,1
464,Caucasian,Male,25 - 45,1
465,Caucasian,Female,25 - 45,0
467,Other,Male,Less than 25,1
468,African-American,Male,25 - 45,0
469,African-American,Male,Less than 25,1
474,Caucasian,Female,Greater than 45,0
475,Caucasian,Male,Greater than 45,0
478,African-American,Male,25 - 45,0
480,African-American,Male,Less than 25,1
484,Caucasian,Male,25 - 45,0
485,African-American,Male,Less than 25,1
487,Caucasian,Male,Greater than 45,1
489,Caucasian,Male,25 - 45,1
494,Hispanic,Male,Less than 25,0
495,African-American,Female,25 - 45,0
496,Caucasian,Female,25 - 45,1
497,Hispanic,Female,Less than 25,0
499,Caucasian,Male,25 - 45,0
500,African-American,Female,Less than 25,1
501,Caucasian,Male,25 - 45,0
502,African-American,Male,Less than 25,0
504,Other,Male,25 - 45,1
505,African-American,Male,25 - 45,0
509,Caucasian,Female,25 - 45,0
510,Hispanic,Male,Greater than 45,0
516,African-American,Male,25 - 45,1
517,African-American,Male,Less than 25,0
518,African-American,Male,Greater than 45,0
522,Caucasian,Male,25 - 45,0
523,African-American,Male,Less than 25,1
524,Hispanic,Male,25 - 45,0
525,Other,Male,25 - 45,0
526,Caucasian,Female,Less than 25,0
527,Caucasian,Male,Greater than 45,0
530,Caucasian,Male,Less than 25,0
531,African-American,Male,25 - 45,1
532,Caucasian,Male,Less than 25,0
533,African-American,Female,Less than 25,1
537,African-American,Male,Greater than 45,0
538,African-American,Male,25 - 45,0
540,Caucasian,Female,Greater than 45,0
542,African-American,Male,Less than 25,1
545,Other,Female,Less than 25,0
546,Hispanic,Male,25 - 45,0
547,Caucasian,Male,25 - 45,0
548,African-American,Male,Less than 25,0
552,Caucasian,Male,Less than 25,1
557,African-American,Male,Less than 25,1
558,African-American,Male,Less than 25,1
561,Caucasian,Male,25 - 45,0
563,Caucasian,Female,Greater than 45,1
565,Caucasian,Male,25 - 45,1
566,African-American,Male,25 - 45,1
567,Caucasian,Female,Greater than 45,0
569,African-American,Female,Less than 25,0
572,African-American,Male,25 - 45,0
573,African-American,Male,25 - 45,0
576,African-American,Male,25 - 45,1
579,African-American,Male,Less than 25,1
580,Caucasian,Male,Less than 25,0
581,African-American,Male,25 - 45,1
584,African-American,Male,25 - 45,0
586,African-American,Male,Greater than 45,0
588,African-American,Male,25 - 45,0
590,Caucasian,Male,Greater than 45,1
594,Caucasian,Female,Greater than 45,0
597,African-American,Male,25 - 45,1
598,African-American,Male,25 - 45,0
599,Caucasian,Male,25 - 45,0
600,Hispanic,Female,25 - 45,0
602,African-American,Male,25 - 45,1
603,African-American,Male,25 - 45,0
604,African-American,Male,Less than 25,1
608,Caucasian,Male,25 - 45,0
611,African-American,Male,Greater than 45,0
612,African-American,Male,25 - 45,1
613,Caucasian,Male,Greater than 45,1
616,African-American,Male,25 - 45,0
617,Other,Male,Greater than 45,0
621,Hispanic,Male,Less than 25,0
622,Caucasian,Female,25 - 45,0
623,Caucasian,Male,Greater than 45,0
624,African-American,Female,Less than 25,0
627,African-American,Male,Greater than 45,0
628,Caucasian,Male,25 - 45,1
629,Hispanic,Male,Less than 25,0
630,Caucasian,Male,Less than 25,0
633,Caucasian,Female,Greater than 45,0
635,African-American,Male,25 - 45,1
637,Caucasian,Male,Less than 25,1
638,African-American,Male,25 - 45,1
639,Other,Male,25 - 45,0
640,African-American,Male,Less than 25,1
641,Caucasian,Male,25 - 45,1
644,African-American,Male,Greater than 45,1
645,African-American,Male,Less than 25,0
646,Hispanic,Male,Greater than 45,1
647,Caucasian,Male,25 - 45,0
648,African-American,Male,Greater than 45,1
649,Caucasian,Male,25 - 45,0
651,African-American,Male,25 - 45,0
653,Caucasian,Male,Less than 25,1
654,Caucasian,Male,25 - 45,0
656,African-American,Male,25 - 45,0
657,African-American,Female,Less than 25,1
659,Caucasian,Male,Less than 25,1
660,Caucasian,Male,25 - 45,0
662,Caucasian,Female,Less than 25,0
664,Caucasian,Male,25 - 45,0
668,Hispanic,Male,25 - 45,1
669,African-American,Male,Less than 25,1
674,African-American,Male,Less than 25,1
675,Caucasian,Male,Greater than 45,0
678,African-American,Female,Greater than 45,0
679,African-American,Male,25 - 45,0
680,African-American,Male,25 - 45,0
681,Caucasian,Male,Less than 25,0
685,African-American,Female,Greater than 45,1
686,Caucasian,Male,25 - 45,1
687,Other,Male,Less than 25,1
688,African-American,Male,25 - 45,1
691,African-American,Male,25 - 45,1
692,African-American,Male,25 - 45,1
693,Caucasian,Male,Greater than 45,1
694,Caucasian,Male,25 - 45,1
697,African-American,Male,Greater than 45,1
700,African-American,Male,25 - 45,1
701,African-American,Male,25 - 45,0
703,Caucasian,Male,Greater than 45,0
704,African-American,Male,25 - 45,0
707,African-American,Male,Less than 25,0
708,African-American,Male,Greater than 45,1
709,African-American,Male,25 - 45,1
711,African-American,Female,Less than 25,1
712,African-American,Male,Greater than 45,0
713,African-American,Male,Greater than 45,1
715,Caucasian,Male,Less than 25,1
716,African-American,Male,25 - 45,0
718,African-American,Male,Less than 25,1
720,Caucasian,Male,Greater than 45,0
721,Hispanic,Male,Less than 25,0
722,Caucasian,Male,25 - 45,0
724,Caucasian,Male,Greater than 45,0
726,Caucasian,Male,25 - 45,1
727,Caucasian,Male,Greater than 45,0
728,Hispanic,Male,25 - 45,1
729,Caucasian,Male,Greater than 45,1
730,Asian,Male,25 - 45,0
731,Hispanic,Male,Greater than 45,0
732,Hispanic,Male,25 - 45,0
737,Caucasian,Female,Less than 25,1
738,Caucasian,Male,Less than 25,1
740,Asian,Male,Greater than 45,1
743,African-American,Male,25 - 45,0
745,Caucasian,Female,25 - 45,0
752,Caucasian,Male,25 - 45,1
753,African-American,Male,Greater than 45,0
754,African-American,Male,25 - 45,1
756,Caucasian,Female,Greater than 45,0
757,African-American,Male,25 - 45,0
762,Caucasian,Male,25 - 45,1
763,Hispanic,Male,25 - 45,1
764,Hispanic,Male,Greater than 45,0
765,African-American,Male,Greater than 45,1
769,Caucasian,Male,25 - 45,0
770,Caucasian,Male,Greater than 45,0
771,Caucasian,Male,25 - 45,0
775,Caucasian,Male,Greater than 45,0
781,Other,Male,Greater than 45,0
785,African-American,Female,25 - 45,0
786,Caucasian,Female,Greater than 45,0
787,Hispanic,Male,25 - 45,0
788,Other,Male,25 - 45,0
789,African-American,Male,25 - 45,0
790,African-American,Female,25 - 45,0
792,Other,Male,25 - 45,0
793,African-American,Male,Greater than 45,1
794,African-American,Male,25 - 45,1
796,Caucasian,Male,Less than 25,0
798,Caucasian,Male,Greater than 45,1
803,African-American,Male,Greater than 45,0
804,African-American,Male,Less than 25,1
805,Caucasian,Male,25 - 45,1
806,Caucasian,Male,Less than 25,0
807,Caucasian,Male,Less than 25,0
808,Caucasian,Male,25 - 45,0
810,African-American,Male,25 - 45,1
812,African-American,Male,25 - 45,0
813,African-American,Male,25 - 45,1
814,Caucasian,Male,25 - 45,1
815,Caucasian,Male,Less than 25,1
817,Other,Male,25 - 45,0
818,Caucasian,Male,25 - 45,0
820,Hispanic,Male,25 - 45,0
821,African-American,Male,25 - 45,0
823,African-American,Male,25 - 45,1
825,Caucasian,Male,Less than 25,1
830,Hispanic,Male,Less than 25,1
831,Caucasian,Male,Greater than 45,0
835,African-American,Male,25 - 45,1
836,Hispanic,Male,25 - 45,1
837,Caucasian,Male,Greater than 45,1
838,African-American,Male,25 - 45,0
841,Caucasian,Male,Less than 25,0
843,African-American,Male,25 - 45,0
844,African-American,Male,Greater than 45,0
847,African-American,Male,25 - 45,0
848,Other,Female,Greater than 45,0
849,African-American,Male,25 - 45,1
850,African-American,Male,Less than 25,1
851,Caucasian,Male,Greater than 45,0
852,African-American,Male,Less than 25,1
853,African-American,Male,Greater than 45,0
855,African-American,Male,25 - 45,0
856,Caucasian,Male,25 - 45,0
857,African-American,Male,25 - 45,1
858,African-American,Female,25 - 45,0
859,African-American,Male,Less than 25,0
861,Caucasian,Male,25 - 45,1
863,Caucasian,Male,25 - 45,0
864,Hispanic,Male,Less than 25,0
867,African-American,Male,25 - 45,1
869,Caucasian,Male,25 - 45,0
870,African-American,Female,25 - 45,1
871,Caucasian,Male,25 - 45,0
872,African-American,Male,25 - 45,0
874,Hispanic,Male,25 - 45,0
875,African-American,Female,25 - 45,0
880,Hispanic,Male,Greater than 45,0
881,Caucasian,Female,Greater than 45,1
882,Caucasian,Male,Greater than 45,1
884,Caucasian,Male,Greater than 45,1
886,Caucasian,Female,Greater than 45,0
887,African-American,Male,25 - 45,1
888,Caucasian,Female,Less than 25,0
889,Caucasian,Male,Less than 25,0
890,Other,Male,25 - 45,1
893,Hispanic,Male,25 - 45,0
895,Other,Male,25 - 45,0
899,African-American,Male,25 - 45,0
900,Caucasian,Female,Less than 25,0
901,African-American,Male,25 - 45,0
904,Hispanic,Male,Less than 25,1
905,Hispanic,Male,25 - 45,0
906,Caucasian,Female,Less than 25,0
909,African-American,Male,Less than 25,0
913,African-American,Male,25 - 45,1
914,African-American,Male,25 - 45,1
916,African-American,Male,25 - 45,0
917,African-American,Male,Less than 25,1
918,African-American,Female,25 - 45,0
919,Hispanic,Male,25 - 45,1
921,African-American,Male,25 - 45,0
922,Caucasian,Male,25 - 45,1
924,Caucasian,Female,Greater than 45,0
925,Caucasian,Male,25 - 45,0
926,African-American,Male,25 - 45,1
927,Caucasian,Male,25 - 45,0
930,African-American,Male,Less than 25,1
934,African-American,Male,25 - 45,1
935,Caucasian,Male,Greater than 45,0
943,Caucasian,Male,25 - 45,1
944,African-American,Male,25 - 45,0
946,African-American,Male,Greater than 45,1
947,Caucasian,Female,Less than 25,0
948,African-American,Female,Less than 25,0
949,Caucasian,Female,Less than 25,1
951,African-American,Male,25 - 45,0
953,African-American,Male,25 - 45,0
955,African-American,Male,Greater than 45,1
958,Hispanic,Male,25 - 45,0
959,African-American,Male,Less than 25,1
960,Caucasian,Male,25 - 45,1
962,Caucasian,Male,25 - 45,0
963,Caucasian,Male,25 - 45,0
964,Caucasian,Male,Less than 25,1
965,African-American,Male,25 - 45,0
967,African-American,Male,25 - 45,1
968,Caucasian,Female,25 - 45,1
969,Other,Male,Less than 25,0
971,African-American,Female,Greater than 45,1
973,Caucasian,Female,Greater than 45,1
975,African-American,Male,Less than 25,0
977,African-American,Female,Less than 25,0
978,African-American,Male,25 - 45,0
987,African-American,Male,25 - 45,1
988,African-American,Female,25 - 45,0
990,Caucasian,Female,Greater than 45,0
993,Caucasian,Male,25 - 45,1
995,African-American,Male,25 - 45,1
996,African-American,Male,Less than 25,1
998,African-American,Male,25 - 45,1
999,Caucasian,Male,25 - 45,1
1000,African-American,Male,25 - 45,1
1001,African-American,Male,Greater than 45,0
1002,African-American,Male,Less than 25,0
1003,African-American,Male,25 - 45,1
1004,Hispanic,Male,Less than 25,1
1005,African-American,Male,Greater than 45,1
1006,African-American,Male,25 - 45,0
1007,African-American,Female,25 - 45,0
1008,Caucasian,Male,Greater than 45,0
1009,Hispanic,Male,Greater than 45,0
1014,African-American,Male,Less than 25,0
1015,African-American,Male,25 - 45,0
1016,Other,Male,25 - 45,1
1020,Other,Male,Greater than 45,0
1022,African-American,Female,25 - 45,0
1023,Caucasian,Female,Greater than 45,0
1024,African-American,Male,25 - 45,0
1025,African-American,Male,25 - 45,1
1026,African-American,Male,Greater than 45,1
1027,African-American,Male,Less than 25,0
1030,Caucasian,Female,25 - 45,0
1031,Caucasian,Female,25 - 45,1
1032,Hispanic,Male,25 - 45,1
1034,African-American,Male,Less than 25,1
1036,African-American,Male,25 - 45,0
1037,Asian,Male,Less than 25,1
1038,Caucasian,Male,Greater than 45,1
1043,African-American,Male,25 - 45,0
1044,African-American,Male,25 - 45,0
1048,African-American,Male,25 - 45,1
1049,Caucasian,Male,Greater than 45,0
1051,African-American,Male,25 - 45,1
1056,Caucasian,Male,Greater than 45,1
1057,African-American,Male,Greater than 45,1
1058,African-American,Male,25 - 45,0
1059,African-American,Male,Less than 25,0
1060,African-American,Male,25 - 45,0
1061,African-American,Male,Greater than 45,0
1062,African-American,Male,25 - 45,0
1063,African-American,Male,25 - 45,1
1065,African-American,Male,25 - 45,1
1066,Caucasian,Male,25 - 45,0
1068,Caucasian,Female,Greater than 45,1
1069,Caucasian,Male,Greater than 45,0
1072,African-American,Male,25 - 45,0
1073,Hispanic,Male,Less than 25,0
1076,Caucasian,Female,Greater than 45,0
1077,African-American,Male,Less than 25,1
1082,African-American,Male,Greater than 45,1
1084,African-American,Male,Greater than 45,0
1086,African-American,Male,Less than 25,0
1087,Caucasian,Male,25 - 45,1
1088,Caucasian,Male,Greater than 45,0
1089,Caucasian,Male,25 - 45,1
1092,Hispanic,Male,Less than 25,0
1093,Caucasian,Male,Less than 25,0
1094,Caucasian,Male,25 - 45,1
1096,Caucasian,Male,Greater than 45,0
1099,Caucasian,Male,Less than 25,0
1101,Hispanic,Female,25 - 45,0
1103,African-American,Male,Less than 25,0
1106,Caucasian,Male,25 - 45,0
1107,Caucasian,Male,Less than 25,1
1109,African-American,Male,Greater than 45,1
1110,African-American,Female,25 - 45,1
1111,African-American,Male,Greater than 45,0
1119,African-American,Male,Less than 25,1
1120,African-American,Male,Less than 25,0
1121,African-American,Male,25 - 45,0
1122,African-American,Male,Less than 25,0
1123,African-American,Male,Greater than 45,0
1125,African-American,Male,25 - 45,1
1127,African-American,Male,Less than 25,0
1128,Caucasian,Female,Less than 25,0
1129,Other,Male,25 - 45,0
1130,Caucasian,Male,25 - 45,1
1131,African-American,Male,Less than 25,1
1132,Caucasian,Female,Greater than 45,0
1136,African-American,Male,25 - 45,1
1138,African-American,Female,25 - 45,0
1140,African-American,Male,Greater than 45,0
1141,African-American,Male,25 - 45,0
1142,African-American,Female,25 - 45,0
1143,African-American,Male,Less than 25,1
1144,African-American,Female,25 - 45,0
1145,African-American,Male,Less than 25,1
1146,African-American,Male,25 - 45,1
1150,African-American,Female,Greater than 45,1
1151,Other,Male,Less than 25,1
1152,Other,Female,Less than 25,0
1153,Caucasian,Female,Less than 25,1
1156,African-American,Female,Less than 25,0
1157,Native American,Male,25 - 45,0
1159,African-American,Female,Greater than 45,0
1160,African-American,Female,Less than 25,0
1162,African-American,Male,25 - 45,1
1163,African-American,Male,25 - 45,0
1165,Other,Male,Less than 25,0
1166,African-American,Male,25 - 45,1
1169,African-American,Male,25 - 45,0
1170,Other,Male,25 - 45,1
1171,Hispanic,Male,25 - 45,0
1172,African-American,Male,25 - 45,0
1173,African-American,Male,25 - 45,1
1176,Caucasian,Male,25 - 45,0
1177,Caucasian,Male,Greater than 45,0
1179,African-American,Male,25 - 45,0
1181,African-American,Female,25 - 45,0
1186,Caucasian,Male,Less than 25,1
1187,Caucasian,Male,Less than 25,1
1191,Caucasian,Male,Less than 25,1
1192,African-American,Male,Greater than 45,0
1193,Caucasian,Male,Greater than 45,0
1194,Other,Male,25 - 45,0
1195,African-American,Female,25 - 45,0
1196,Caucasian,Male,25 - 45,0
1197,African-American,Male,Less than 25,1
1198,Caucasian,Male,25 - 45,0
1200,African-American,Male,Less than 25,1
1202,African-American,Male,25 - 45,1
1204,Other,Female,Less than 25,0
1205,African-American,Male,Greater than 45,0
1206,Other,Male,25 - 45,0
1209,Caucasian,Male,Less than 25,0
1212,African-American,Female,Less than 25,1
1213,African-American,Female,25 - 45,0
1215,Hispanic,Male,Greater than 45,0
1216,Caucasian,Male,25 - 45,0
1217,African-American,Male,25 - 45,1
1219,African-American,Female,25 - 45,0
1220,African-American,Male,25 - 45,0
1221,Other,Male,25 - 45,0
1222,African-American,Male,25 - 45,1
1225,African-American,Male,Less than 25,1
1229,African-American,Male,25 - 45,0
1230,African-American,Male,Less than 25,0
1233,Caucasian,Male,25 - 45,0
1235,African-American,Male,25 - 45,1
1237,African-American,Male,25 - 45,0
1238,Caucasian,Female,25 - 45,1
1239,African-American,Male,25 - 45,1
1240,African-American,Male,25 - 45,0
1241,Caucasian,Male,25 - 45,1
1242,Other,Female,25 - 45,1
1243,Caucasian,Male,25 - 45,0
1244,Caucasian,Male,Greater than 45,0
1246,African-American,Male,25 - 45,1
1247,African-American,Female,Less than 25,0
1248,Caucasian,Male,25 - 45,0
1250,African-American,Male,25 - 45,1
1252,Other,Male,25 - 45,0
1253,Other,Male,Less than 25,1
1254,African-American,Male,25 - 45,0
1255,African-American,Male,25 - 45,1
1256,African-American,Male,Greater than 45,1
1257,African-American,Male,Less than 25,1
1258,African-American,Male,Greater than 45,1
1259,Caucasian,Male,25 - 45,1
1260,African-American,Male,Greater than 45,1
1261,African-American,Male,25 - 45,0
1262,Caucasian,Male,Greater than 45,0
1268,African-American,Male,25 - 45,1
1269,African-American,Male,25 - 45,0
1272,African-American,Male,25 - 45,1
1274,Other,Male,25 - 45,0
1275,Caucasian,Male,Greater than 45,0
1276,African-American,Male,Less than 25,1
1280,Caucasian,Male,25 - 45,1
1281,Caucasian,Female,25 - 45,1
1282,African-American,Male,Less than 25,0
1283,African-American,Male,Less than 25,1
1286,Caucasian,Male,Less than 25,1
1290,African-American,Male,25 - 45,1
1292,Caucasian,Male,Greater than 45,0
1293,African-American,Male,Less than 25,1
1295,Caucasian,Male,25 - 45,0
1296,Caucasian,Male,Greater than 45,0
1298,African-American,Male,Less than 25,0
1300,Caucasian,Female,Less than 25,0
1303,African-American,Male,Less than 25,1
1305,African-American,Male,25 - 45,0
1306,African-American,Male,25 - 45,1
1310,Caucasian,Female,Less than 25,0
1313,African-American,Male,25 - 45,1
1314,African-American,Male,25 - 45,1
1315,African-American,Male,Less than 25,0
1318,African-American,Male,25 - 45,1
1320,Other,Male,Greater than 45,0
1323,African-American,Female,25 - 45,0
1324,Caucasian,Male,25 - 45,0
1325,African-American,Female,Greater than 45,0
1326,African-American,Male,Less than 25,0
1328,African-American,Female,25 - 45,0
1329,Caucasian,Male,Less than 25,1
1330,Caucasian,Male,25 - 45,0
1331,African-American,Male,Less than 25,1
1332,Other,Male,25 - 45,1
1334,African-American,Male,25 - 45,0
1336,Caucasian,Male,Greater than 45,0
1342,African-American,Male,25 - 45,0
1343,Hispanic,Male,Less than 25,1
1344,African-American,Male,Greater than 45,0
1345,Caucasian,Male,Less than 25,1
1346,African-American,Male,25 - 45,0
1347,Caucasian,Female,25 - 45,1
1348,African-American,Female,25 - 45,0
1349,Hispanic,Male,25 - 45,0
1351,African-American,Male,25 - 45,1
1352,Caucasian,Male,25 - 45,1
1353,Caucasian,Male,Greater than 45,1
1354,Hispanic,Male,25 - 45,0
1356,Hispanic,Female,Greater than 45,0
1358,African-American,Male,25 - 45,1
1360,African-American,Male,25 - 45,1
1361,African-American,Male,25 - 45,1
1363,Hispanic,Male,Greater than 45,1
1366,Caucasian,Female,25 - 45,0
1367,African-American,Male,25 - 45,1
1369,Caucasian,Female,25 - 45,0
1370,Caucasian,Female,Greater than 45,0
1372,Caucasian,Male,Less than 25,0
1375,Hispanic,Male,25 - 45,0
1376,Hispanic,Male,25 - 45,0
1377,African-American,Male,25 - 45,1
1379,African-American,Male,Less than 25,1
1380,African-American,Male,Greater than 45,1
1382,African-American,Male,25 - 45,0
1384,Caucasian,Male,Greater than 45,0
1385,African-American,Male,25 - 45,1
1388,Caucasian,Female,Greater than 45,1
1393,African-American,Male,Greater than 45,1
1395,African-American,Male,Less than 25,1
1396,African-American,Male,25 - 45,1
1397,African-American,Male,Greater than 45,0
1399,Caucasian,Male,25 - 45,0
1402,African-American,Male,Greater than 45,0
1408,African-American,Male,25 - 45,1
1410,African-American,Male,25 - 45,0
1411,Hispanic,Female,Greater than 45,0
1412,Hispanic,Male,Greater than 45,0
1418,Hispanic,Male,Greater than 45,0
1419,Caucasian,Female,25 - 45,0
1422,Hispanic,Female,25 - 45,1
1427,African-American,Male,25 - 45,1
1428,African-American,Male,Less than 25,0
1429,African-American,Male,25 - 45,1
1430,Hispanic,Male,Greater than 45,0
1431,Caucasian,Male,25 - 45,0
1433,African-American,Male,Less than 25,0
1435,African-American,Male,25 - 45,1
1436,African-American,Male,Less than 25,1
1438,Caucasian,Female,25 - 45,0
1439,Caucasian,Male,Less than 25,0
1441,African-American,Male,25 - 45,1
1443,African-American,Male,Greater than 45,1
1445,African-American,Male,25 - 45,1
1446,Caucasian,Male,25 - 45,0
1447,Caucasian,Male,25 - 45,0
1448,Caucasian,Male,Less than 25,0
1452,Caucasian,Female,Less than 25,1
1455,African-American,Male,Greater than 45,0
1456,African-American,Male,25 - 45,1
1458,Caucasian,Male,Less than 25,0
1460,Hispanic,Female,Less than 25,1
1461,African-American,Male,Less than 25,1
1462,Hispanic,Male,25 - 45,0
1463,African-American,Male,25 - 45,1
1467,African-American,Male,25 - 45,1
1470,African-American,Male,Greater than 45,1
1471,Caucasian,Male,Less than 25,1
1473,African-American,Male,25 - 45,1
1474,African-American,Female,Less than 25,0
1479,African-American,Male,Greater than 45,1
1481,African-American,Male,25 - 45,0
1482,African-American,Female,Less than 25,0
1483,African-American,Male,25 - 45,0
1484,Caucasian,Male,25 - 45,1
1485,African-American,Male,Less than 25,1
1486,Hispanic,Male,25 - 45,0
1490,African-American,Male,25 - 45,1
1491,African-American,Female,25 - 45,0
1496,African-American,Male,Less than 25,1
1497,Caucasian,Male,25 - 45,0
1499,African-American,Male,25 - 45,1
1501,Caucasian,Male,25 - 45,0
1505,African-American,Male,Less than 25,1
1508,African-American,Female,Less than 25,0
1509,Hispanic,Male,Greater than 45,0
1511,African-American,Male,25 - 45,0
1513,African-American,Male,25 - 45,1
1515,African-American,Male,Greater than 45,0
1516,Hispanic,Male,Greater than 45,1
1520,Caucasian,Male,Less than 25,0
1522,African-American,Male,Less than 25,0
1526,African-American,Male,25 - 45,0
1530,Hispanic,Male,Greater than 45,0
1531,Hispanic,Male,Less than 25,1
1532,Hispanic,Male,Greater than 45,0
1533,African-American,Male,25 - 45,0
1534,African-American,Male,25 - 45,0
1535,Hispanic,Male,Less than 25,1
1538,Caucasian,Male,25 - 45,0
1540,African-American,Male,25 - 45,0
1541,African-American,Male,25 - 45,0
1542,African-American,Male,25 - 45,1
1543,African-American,Male,25 - 45,1
1545,African-American,Male,25 - 45,0
1548,African-American,Male,25 - 45,1
1550,Caucasian,Male,Greater than 45,0
1551,Hispanic,Male,Greater than 45,0
1553,Hispanic,Male,Greater than 45,1
1557,African-American,Female,Greater than 45,0
1559,Caucasian,Male,Less than 25,0
1560,Hispanic,Male,Greater than 45,1
1562,Hispanic,Male,25 - 45,0
1563,African-American,Female,Greater than 45,0
1565,African-American,Male,25 - 45,1
1568,Other,Male,25 - 45,1
1569,African-American,Female,25 - 45,1
1571,Caucasian,Male,Greater than 45,0
1572,African-American,Male,25 - 45,0
1575,African-American,Male,25 - 45,1
1576,African-American,Male,25 - 45,1
1577,African-American,Male,Greater than 45,0
1578,Caucasian,Male,25 - 45,0
1581,Caucasian,Male,Greater than 45,0
1584,Other,Male,25 - 45,0
1587,Caucasian,Male,Greater than 45,0
1588,African-American,Male,25 - 45,1
1590,African-American,Male,25 - 45,1
1591,Caucasian,Female,Greater than 45,0
1594,African-American,Female,Less than 25,0
1595,African-American,Male,Greater than 45,1
1596,African-American,Male,25 - 45,1
1597,African-American,Male,25 - 45,0
1599,Caucasian,Female,25 - 45,0
1601,Caucasian,Male,25 - 45,1
1602,African-American,Male,25 - 45,0
1604,African-American,Male,25 - 45,1
1605,Hispanic,Male,Less than 25,0
1606,African-American,Female,25 - 45,0
1607,African-American,Female,25 - 45,1
1608,Caucasian,Female,Greater than 45,1
1611,African-American,Male,Greater than 45,0
1613,African-American,Male,25 - 45,0
1615,Caucasian,Female,25 - 45,0
1618,Other,Male,25 - 45,0
1620,Caucasian,Male,Greater than 45,0
1622,African-American,Male,Greater than 45,0
1623,African-American,Male,Greater than 45,0
1624,African-American,Male,Less than 25,1
1625,African-American,Male,Less than 25,1
1626,African-American,Male,25 - 45,1
1629,African-American,Male,25 - 45,0
1630,Caucasian,Female,Greater than 45,0
1631,Caucasian,Male,Greater than 45,1
1632,African-American,Male,25 - 45,1
1634,Caucasian,Male,25 - 45,0
1637,African-American,Male,25 - 45,0
1638,African-American,Male,Greater than 45,1
1639,Hispanic,Male,25 - 45,0
1640,Caucasian,Male,Greater than 45,0
1642,Caucasian,Male,25 - 45,0
1643,Caucasian,Male,25 - 45,0
1645,African-American,Female,Less than 25,1
1646,Hispanic,Male,Greater than 45,0
1648,Caucasian,Male,Greater than 45,0
1651,African-American,Male,Greater than 45,1
1652,Caucasian,Male,Greater than 45,0
1653,Caucasian,Male,25 - 45,0
1655,African-American,Male,Less than 25,1
1656,Hispanic,Male,25 - 45,0
1657,African-American,Male,25 - 45,0
1658,Hispanic,Female,Greater than 45,0
1660,African-American,Male,25 - 45,1
1664,Caucasian,Male,25 - 45,0
1667,Caucasian,Male,Less than 25,1
1668,African-American,Male,25 - 45,0
1669,Caucasian,Female,25 - 45,1
1670,African-American,Male,Less than 25,1
1672,African-American,Female,Less than 25,0
1680,Caucasian,Male,Greater than 45,0
1681,African-American,Male,Greater than 45,0
1682,Caucasian,Male,25 - 45,0
1684,Caucasian,Female,Less than 25,0
1685,Hispanic,Male,Less than 25,1
1686,African-American,Female,Less than 25,1
1689,Caucasian,Male,Greater than 45,1
1691,Caucasian,Male,25 - 45,0
1692,Caucasian,Male,Greater than 45,0
1697,Other,Male,25 - 45,0
1698,Caucasian,Female,Less than 25,0
1699,Caucasian,Female,25 - 45,0
1700,African-American,Male,25 - 45,1
1702,African-American,Male,25 - 45,1
1706,African-American,Male,25 - 45,1
1707,African-American,Male,Less than 25,0
1709,African-American,Male,25 - 45,1
1710,Caucasian,Male,25 - 45,0
1711,Caucasian,Female,25 - 45,0
1715,African-American,Male,25 - 45,1
1717,African-American,Male,25 - 45,1
1718,African-American,Male,25 - 45,1
1719,African-American,Male,Greater than 45,1
1727,African-American,Female,Greater than 45,0
1729,African-American,Male,25 - 45,1
1730,African-American,Male,Greater than 45,0
1733,Caucasian,Female,Greater than 45,0
1735,Caucasian,Male,25 - 45,0
1736,African-American,Female,Less than 25,0
1737,African-American,Female,25 - 45,0
1742,Other,Male,Less than 25,1
1746,Caucasian,Male,25 - 45,1
1749,Caucasian,Female,Greater than 45,0
1750,Caucasian,Male,Less than 25,1
1752,Caucasian,Female,Greater than 45,0
1754,Caucasian,Male,25 - 45,0
1755,African-American,Female,Less than 25,0
1757,Caucasian,Male,25 - 45,0
1760,Caucasian,Male,25 - 45,1
1764,Caucasian,Female,25 - 45,0
1768,African-American,Male,Greater than 45,0
1770,African-American,Male,Less than 25,1
1771,Hispanic,Male,Less than 25,1
1774,Caucasian,Male,Less than 25,0
1776,African-American,Male,Less than 25,1
1780,African-American,Female,25 - 45,0
1781,Caucasian,Male,25 - 45,0
1783,Hispanic,Male,Less than 25,0
1786,African-American,Male,25 - 45,0
1787,African-American,Male,Less than 25,0
1788,Hispanic,Male,Less than 25,1
1791,African-American,Male,25 - 45,1
1792,Native American,Male,25 - 45,0
1794,African-American,Male,Greater than 45,0
1795,Hispanic,Female,Less than 25,0
1796,African-American,Male,Less than 25,1
1797,African-American,Female,25 - 45,1
1800,African-American,Male,Greater than 45,0
1801,African-American,Female,Less than 25,0
1803,Caucasian,Male,25 - 45,0
1805,African-American,Male,25 - 45,1
1806,Caucasian,Female,25 - 45,1
1809,Other,Male,25 - 45,1
1810,Hispanic,Male,25 - 45,0
1815,Native American,Male,25 - 45,0
1816,Caucasian,Female,25 - 45,1
1817,African-American,Female,25 - 45,1
1819,Other,Male,Less than 25,0
1820,African-American,Male,Greater than 45,0
1821,Caucasian,Female,25 - 45,0
1822,Caucasian,Male,25 - 45,1
1823,Hispanic,Male,25 - 45,0
1829,Caucasian,Female,25 - 45,0
1830,African-American,Male,Less than 25,1
1833,Asian,Male,Less than 25,0
1834,Caucasian,Male,25 - 45,0
1841,Caucasian,Female,25 - 45,0
1843,Hispanic,Male,25 - 45,1
1844,Caucasian,Male,Greater than 45,1
1845,African-American,Female,25 - 45,0
1847,African-American,Male,25 - 45,0
1848,Caucasian,Male,25 - 45,1
1849,African-American,Male,25 - 45,1
1850,African-American,Male,25 - 45,1
1852,African-American,Male,25 - 45,1
1853,Caucasian,Male,25 - 45,0
1854,African-American,Male,25 - 45,0
1859,African-American,Female,25 - 45,0
1860,Caucasian,Male,Less than 25,1
1861,African-American,Male,25 - 45,1
1862,African-American,Male,25 - 45,1
1863,African-American,Male,25 - 45,1
1864,African-American,Male,25 - 45,0
1865,Caucasian,Male,25 - 45,0
1866,Hispanic,Male,25 - 45,0
1868,African-American,Male,Less than 25,0
1869,Caucasian,Male,Greater than 45,0
1870,African-American,Male,Less than 25,0
1871,African-American,Female,25 - 45,1
1872,African-American,Male,25 - 45,0
1874,Caucasian,Female,25 - 45,0
1877,African-American,Male,Less than 25,1
1879,African-American,Male,Less than 25,0
1880,Other,Male,Less than 25,1
1883,Hispanic,Male,25 - 45,0
1884,Other,Male,25 - 45,0
1886,African-American,Male,Greater than 45,0
1888,African-American,Male,25 - 45,0
1890,African-American,Male,25 - 45,1
1893,Caucasian,Male,Less than 25,0
1894,African-American,Male,25 - 45,1
1895,African-American,Male,25 - 45,1
1897,Caucasian,Male,Less than 25,1
1899,Hispanic,Male,25 - 45,0
1901,Caucasian,Female,25 - 45,1
1904,African-American,Male,25 - 45,0
1905,Other,Male,25 - 45,0
1906,Caucasian,Male,25 - 45,0
1907,African-American,Male,Less than 25,1
1908,Caucasian,Male,Less than 25,1
1909,Caucasian,Male,Greater than 45,0
1910,Caucasian,Male,Greater than 45,1
1913,African-American,Male,Less than 25,0
1914,African-American,Male,Less than 25,0
1915,African-American,Male,25 - 45,1
1917,Caucasian,Male,Greater than 45,0
1919,Caucasian,Female,25 - 45,1
1923,Caucasian,Male,25 - 45,1
1924,African-American,Male,Less than 25,1
1925,Other,Male,25 - 45,0
1926,Caucasian,Female,Greater than 45,0
1927,African-American,Male,25 - 45,1
1928,Hispanic,Male,Less than 25,0
1929,Hispanic,Male,25 - 45,1
1930,Caucasian,Female,Greater than 45,0
1931,Caucasian,Male,25 - 45,0
1938,Caucasian,Female,25 - 45,0
1939,Caucasian,Male,Less than 25,1
1941,African-American,Male,25 - 45,0
1942,Caucasian,Male,25 - 45,0
1943,African-American,Male,Less than 25,1
1945,African-American,Male,25 - 45,0
1948,Caucasian,Male,Greater than 45,0
1949,Hispanic,Male,Greater than 45,0
1951,African-American,Male,Less than 25,0
1952,African-American,Male,Less than 25,0
1953,Other,Male,25 - 45,1
1954,Caucasian,Male,25 - 45,1
1955,Hispanic,Male,Greater than 45,0
1956,Hispanic,Male,25 - 45,1
1957,Caucasian,Male,25 - 45,0
1961,Caucasian,Male,25 - 45,1
1965,African-American,Female,25 - 45,1
1966,Hispanic,Male,Less than 25,0
1967,African-American,Female,25 - 45,0
1968,Other,Male,25 - 45,0
1971,African-American,Male,25 - 45,0
1972,Caucasian,Male,Greater than 45,0
1974,African-American,Male,25 - 45,0
1975,Asian,Male,25 - 45,0
1976,Caucasian,Male,Less than 25,1
1982,Asian,Male,Greater than 45,0
1983,African-American,Male,25 - 45,0
1987,Caucasian,Male,Greater than 45,0
1990,African-American,Male,Greater than 45,1
1993,Caucasian,Male,25 - 45,1
1994,Caucasian,Male,25 - 45,1
1995,Caucasian,Male,Greater than 45,1
1999,African-American,Male,25 - 45,0
2002,Caucasian,Male,Greater than 45,0
2006,African-American,Male,Less than 25,1
2009,African-American,Male,25 - 45,1
2010,African-American,Male,25 - 45,0
2014,Caucasian,Male,25 - 45,0
2020,Hispanic,Male,25 - 45,0
2021,Other,Male,Greater than 45,0
2024,Caucasian,Female,Greater than 45,0
2026,African-American,Male,25 - 45,1
2027,African-American,Male,25 - 45,1
2029,African-American,Male,25 - 45,0
2034,Caucasian,Male,25 - 45,0
2035,African-American,Male,25 - 45,1
2037,African-American,Male,25 - 45,0
2038,Other,Male,25 - 45,0
2040,Hispanic,Male,25 - 45,0
2042,African-American,Female,Greater than 45,0
2044,Other,Male,25 - 45,0
2045,Caucasian,Female,Less than 25,0
2048,African-American,Male,Less than 25,1
2051,Caucasian,Male,25 - 45,1
2052,Caucasian,Male,25 - 45,0
2053,African-American,Male,Less than 25,0
2054,Caucasian,Male,25 - 45,0
2055,African-American,Male,Less than 25,0
2056,African-American,Male,25 - 45,0
2057,African-American,Male,25 - 45,1
2058,African-American,Male,Less than 25,1
2059,Hispanic,Male,25 - 45,0
2061,African-American,Male,25 - 45,1
2062,African-American,Male,Greater than 45,0
2063,Hispanic,Male,Less than 25,0
2064,African-American,Male,Greater than 45,1
2065,Caucasian,Male,25 - 45,0
2066,Caucasian,Male,25 - 45,0
2069,African-American,Male,Less than 25,0
2070,African-American,Male,25 - 45,0
2071,African-American,Male,25 - 45,1
2074,Other,Male,Greater than 45,0
2075,Caucasian,Female,Less than 25,0
2076,African-American,Male,25 - 45,1
2077,African-American,Male,25 - 45,0
2078,Caucasian,Male,25 - 45,1
2079,African-American,Male,25 - 45,0
2083,African-American,Male,Less than 25,1
2087,African-American,Male,Less than 25,1
2089,African-American,Male,25 - 45,0
2090,African-American,Female,Less than 25,0
2093,Caucasian,Female,25 - 45,0
2094,African-American,Male,25 - 45,0
2095,Caucasian,Male,Greater than 45,0
2096,Caucasian,Male,Greater than 45,1
2098,Caucasian,Female,Greater than 45,0
2099,African-American,Female,25 - 45,0
2100,Caucasian,Male,25 - 45,0
2101,Caucasian,Male,25 - 45,1
2103,African-American,Male,25 - 45,1
2105,Hispanic,Male,Greater than 45,0
2107,African-American,Male,Less than 25,1
2108,Hispanic,Male,Less than 25,0
2109,Caucasian,Male,25 - 45,0
2110,African-American,Male,Less than 25,0
2111,African-American,Male,25 - 45,0
2113,African-American,Male,Less than 25,1
2115,Caucasian,Male,25 - 45,0
2116,African-American,Male,25 - 45,0
2121,African-American,Female,25 - 45,0
2123,Caucasian,Male,25 - 45,1
2125,Caucasian,Male,25 - 45,0
2128,African-American,Male,25 - 45,1
2129,African-American,Male,Less than 25,0
2130,Caucasian,Male,Greater than 45,1
2131,African-American,Male,25 - 45,0
2132,Other,Male,Greater than 45,1
2133,Other,Male,Less than 25,1
2134,African-American,Male,Less than 25,0
2138,African-American,Male,25 - 45,1
2140,Caucasian,Female,Greater than 45,0
2141,Caucasian,Male,25 - 45,1
2143,Caucasian,Female,25 - 45,1
2147,African-American,Male,25 - 45,0
2148,African-American,Female,25 - 45,1
2149,African-American,Male,25 - 45,1
2150,African-American,Male,25 - 45,1
2151,Caucasian,Male,25 - 45,1
2152,African-American,Female,25 - 45,0
2153,African-American,Male,Less than 25,1
2154,Other,Male,Less than 25,0
2156,Caucasian,Male,Greater than 45,1
2157,African-American,Female,Less than 25,1
2159,Caucasian,Male,Greater than 45,0
2161,Caucasian,Male,25 - 45,0
2162,African-American,Female,25 - 45,0
2163,Caucasian,Male,25 - 45,0
2165,African-American,Male,Greater than 45,1
2166,African-American,Female,25 - 45,1
2168,Hispanic,Male,25 - 45,0
2169,Caucasian,Male,25 - 45,0
2170,African-American,Male,Less than 25,0
2171,African-American,Male,Less than 25,0
2176,Caucasian,Male,25 - 45,1
2178,African-American,Male,25 - 45,1
2179,African-American,Male,Greater than 45,0
2180,Other,Male,25 - 45,1
2181,African-American,Male,25 - 45,1
2182,African-American,Female,25 - 45,1
2183,African-American,Male,25 - 45,0
2184,Caucasian,Male,Less than 25,1
2186,Caucasian,Male,25 - 45,1
2188,African-American,Male,Less than 25,1
2193,Caucasian,Female,25 - 45,1
2194,African-American,Female,25 - 45,0
2195,African-American,Male,25 - 45,1
2196,African-American,Male,Greater than 45,0
2198,Caucasian,Male,Greater than 45,0
2201,Caucasian,Female,Greater than 45,0
2205,African-American,Female,Less than 25,0
2206,African-American,Male,25 - 45,0
2207,African-American,Male,Greater than 45,1
2208,African-American,Male,25 - 45,1
2209,Hispanic,Male,25 - 45,1
2211,African-American,Male,Less than 25,1
2215,African-American,Male,Less than 25,1
2216,African-American,Male,25 - 45,0
2217,Caucasian,Male,25 - 45,0
2218,African-American,Female,25 - 45,0
2220,African-American,Male,Greater than 45,1
2221,Caucasian,Male,Greater than 45,1
2222,African-American,Male,Greater than 45,0
2223,Other,Male,Greater than 45,0
2224,Caucasian,Female,Less than 25,0
2226,Caucasian,Male,25 - 45,1
2228,African-American,Male,Less than 25,1
2231,African-American,Male,Less than 25,1
2233,Caucasian,Male,Less than 25,1
2234,Hispanic,Male,Greater than 45,0
2235,Caucasian,Male,25 - 45,0
2236,African-American,Male,25 - 45,1
2237,African-American,Male,Less than 25,0
2239,Caucasian,Female,25 - 45,0
2240,African-American,Male,25 - 45,1
2245,Caucasian,Female,Greater than 45,0
2246,African-American,Male,Less than 25,0
2247,African-American,Male,25 - 45,1
2248,African-American,Female,Less than 25,0
2250,African-American,Male,25 - 45,1
2252,Other,Male,25 - 45,0
2256,Caucasian,Male,Greater than 45,0
2258,Caucasian,Female,Less than 25,1
2259,African-American,Male,25 - 45,0
2261,African-American,Female,Greater than 45,0
2262,African-American,Male,Less than 25,1
2263,Native American,Male,25 - 45,0
2268,Caucasian,Female,25 - 45,0
2274,Caucasian,Male,Greater than 45,1
2276,Other,Male,25 - 45,0
2277,Caucasian,Male,25 - 45,1
2278,Caucasian,Male,Greater than 45,1
2279,African-American,Male,25 - 45,0
2281,Hispanic,Male,25 - 45,1
2283,African-American,Male,25 - 45,1
2284,Caucasian,Male,25 - 45,0
2285,African-American,Male,25 - 45,0
2286,Hispanic,Male,25 - 45,0
2287,African-American,Male,25 - 45,1
2289,Caucasian,Female,Less than 25,1
2290,African-American,Male,25 - 45,1
2291,Caucasian,Male,Greater than 45,0
2292,Caucasian,Male,25 - 45,0
2293,Caucasian,Male,25 - 45,0
2294,Caucasian,Male,Less than 25,0
2297,Caucasian,Male,Less than 25,1
2299,Caucasian,Male,25 - 45,1
2300,Caucasian,Male,Greater than 45,1
2303,Caucasian,Female,25 - 45,0
2306,Caucasian,Male,Greater than 45,0
2307,Caucasian,Male,Greater than 45,0
2309,Hispanic,Female,Less than 25,1
2310,African-American,Male,25 - 45,0
2311,Other,Male,25 - 45,1
2316,Caucasian,Male,Greater than 45,0
2317,African-American,Male,25 - 45,1
2318,Caucasian,Male,Less than 25,1
2320,African-American,Female,Less than 25,1
2321,African-American,Male,25 - 45,1
2322,African-American,Male,25 - 45,0
2324,Hispanic,Male,Less than 25,1
2326,African-American,Male,25 - 45,0
2327,African-American,Male,Greater than 45,1
2328,Asian,Male,Less than 25,0
2329,African-American,Male,25 - 45,1
2332,Caucasian,Male,Greater than 45,0
2334,Hispanic,Male,25 - 45,1
2335,African-American,Male,25 - 45,1
2336,African-American,Male,Less than 25,1
2338,Hispanic,Male,Greater than 45,0
2342,African-American,Female,25 - 45,0
2343,Caucasian,Male,Greater than 45,0
2344,African-American,Female,Less than 25,1
2349,African-American,Male,Greater than 45,0
2350,African-American,Male,25 - 45,1
2352,African-American,Male,Greater than 45,0
2353,Caucasian,Male,Greater than 45,0
2354,African-American,Male,Less than 25,1
2355,African-American,Male,Less than 25,1
2356,Caucasian,Male,Greater than 45,1
2361,Caucasian,Female,Greater than 45,1
2363,Caucasian,Male,25 - 45,0
2365,Caucasian,Male,Greater than 45,0
2366,Hispanic,Male,25 - 45,0
2370,African-American,Female,25 - 45,0
2371,Caucasian,Male,25 - 45,0
2372,African-American,Male,Greater than 45,0
2374,African-American,Male,Less than 25,0
2376,African-American,Male,25 - 45,1
2381,Hispanic,Male,Greater than 45,1
2382,African-American,Male,Greater than 45,1
2383,Other,Male,25 - 45,0
2385,African-American,Female,Less than 25,1
2386,African-American,Male,25 - 45,1
2387,Caucasian,Male,Less than 25,1
2388,Other,Male,25 - 45,0
2389,African-American,Male,25 - 45,0
2390,African-American,Male,25 - 45,1
2392,African-American,Male,25 - 45,1
2393,African-American,Male,Less than 25,0
2394,Caucasian,Male,25 - 45,1
2396,Caucasian,Female,Greater than 45,0
2398,Caucasian,Female,Greater than 45,0
2399,Hispanic,Male,25 - 45,1
2400,African-American,Male,25 - 45,0
2401,African-American,Male,25 - 45,0
2402,African-American,Male,Greater than 45,1
2405,African-American,Female,Less than 25,0
2406,African-American,Female,Greater than 45,0
2407,Hispanic,Male,Less than 25,1
2408,Caucasian,Female,Greater than 45,0
2410,Hispanic,Female,25 - 45,0
2411,African-American,Female,25 - 45,0
2412,Caucasian,Male,25 - 45,0
2415,Hispanic,Male,Greater than 45,0
2418,Caucasian,Male,Greater than 45,0
2420,Caucasian,Male,25 - 45,1
2422,African-American,Male,25 - 45,0
2425,Caucasian,Male,25 - 45,1
2427,African-American,Male,25 - 45,1
2429,Caucasian,Male,25 - 45,0
2430,African-American,Male,Greater than 45,1
2431,Caucasian,Female,Less than 25,0
2432,African-American,Male,25 - 45,0
2438,Asian,Male,Greater than 45,0
2441,Other,Male,25 - 45,0
2442,African-American,Male,Less than 25,1
2443,Other,Male,25 - 45,0
2444,African-American,Male,Greater than 45,0
2445,African-American,Male,25 - 45,1
2446,Caucasian,Male,Less than 25,1
2448,African-American,Male,Less than 25,1
2451,Caucasian,Male,Greater than 45,0
2453,Caucasian,Female,Greater than 45,1
2454,Other,Male,25 - 45,0
2456,Caucasian,Male,25 - 45,0
2457,Other,Male,25 - 45,0
2459,African-American,Male,25 - 45,0
2460,Caucasian,Male,Greater than 45,1
2464,African-American,Male,Greater than 45,0
2465,African-American,Male,25 - 45,0
2467,African-American,Male,25 - 45,0
2474,African-American,Male,Greater than 45,1
2475,Other,Male,Greater than 45,0
2476,African-American,Male,25 - 45,1
2477,Caucasian,Male,25 - 45,1
2478,African-American,Male,25 - 45,0
2479,African-American,Male,25 - 45,1
2480,African-American,Male,25 - 45,0
2482,African-American,Male,25 - 45,0
2484,Caucasian,Male,Greater than 45,0
2485,African-American,Female,25 - 45,0
2486,Caucasian,Female,25 - 45,0
2487,African-American,Male,25 - 45,1
2488,Caucasian,Female,Greater than 45,1
2489,Hispanic,Male,Less than 25,0
2490,African-American,Male,25 - 45,1
2493,Caucasian,Female,25 - 45,1
2494,African-American,Female,Less than 25,1
2495,Caucasian,Male,Less than 25,0
2497,Other,Male,Greater than 45,0
2498,Caucasian,Male,Greater than 45,0
2499,Caucasian,Male,Greater than 45,1
2501,African-American,Male,Less than 25,0
2502,Hispanic,Male,Greater than 45,0
2503,African-American,Female,25 - 45,1
2504,Caucasian,Male,Less than 25,1
2507,African-American,Male,25 - 45,0
2509,African-American,Male,Less than 25,1
2511,Hispanic,Male,25 - 45,0
2512,African-American,Male,25 - 45,1
2513,African-American,Male,Less than 25,1
2514,African-American,Male,25 - 45,1
2515,African-American,Male,25 - 45,0
2516,African-American,Male,Less than 25,0
2519,African-American,Male,25 - 45,1
2521,African-American,Female,Less than 25,0
2523,African-American,Male,Greater than 45,0
2524,Other,Male,Less than 25,0
2525,Caucasian,Male,25 - 45,0
2526,Caucasian,Male,Greater than 45,0
2529,African-American,Male,25 - 45,1
2530,African-American,Male,Less than 25,1
2532,African-American,Male,25 - 45,0
2533,Caucasian,Male,Less than 25,1
2534,Caucasian,Male,Greater than 45,1
2536,African-American,Male,Greater than 45,0
2537,African-American,Female,25 - 45,0
2538,Caucasian,Male,Greater than 45,0
2540,Caucasian,Male,Less than 25,0
2541,Caucasian,Male,Greater than 45,0
2543,African-American,Male,25 - 45,0
2544,Caucasian,Male,25 - 45,1
2546,African-American,Male,Greater than 45,0
2548,African-American,Male,25 - 45,1
2549,African-American,Male,Greater than 45,0
2554,Caucasian,Female,Greater than 45,0
2556,African-American,Male,Less than 25,0
2560,Caucasian,Male,Less than 25,1
2561,Caucasian,Female,25 - 45,1
2562,Hispanic,Male,25 - 45,0
2564,Other,Male,25 - 45,1
2566,African-American,Male,25 - 45,0
2567,Caucasian,Male,25 - 45,0
2568,African-American,Male,Greater than 45,1
2569,Caucasian,Male,25 - 45,0
2571,African-American,Male,Less than 25,1
2572,African-American,Female,25 - 45,1
2573,Caucasian,Female,25 - 45,1
2574,Caucasian,Male,Less than 25,0
2575,Caucasian,Female,25 - 45,1
2576,Caucasian,Male,Less than 25,1
2578,Other,Male,Greater than 45,1
2579,African-American,Female,25 - 45,0
2580,Caucasian,Male,Greater than 45,0
2583,Caucasian,Female,25 - 45,0
2584,African-American,Male,Less than 25,0
2586,Caucasian,Male,25 - 45,0
2588,Hispanic,Male,25 - 45,0
2589,Hispanic,Female,25 - 45,0
2591,African-American,Male,Less than 25,1
2592,Caucasian,Male,25 - 45,1
2593,African-American,Female,25 - 45,0
2594,African-American,Male,Greater than 45,0
2595,Hispanic,Female,Greater than 45,0
2602,African-American,Male,Greater than 45,0
2604,African-American,Male,25 - 45,1
2606,African-American,Male,25 - 45,0
2607,Caucasian,Female,Greater than 45,0
2608,African-American,Male,25 - 45,1
2609,African-American,Male,25 - 45,0
2610,African-American,Male,Greater than 45,0
2611,African-American,Female,25 - 45,0
2613,Caucasian,Male,Greater than 45,0
2614,Caucasian,Male,25 - 45,0
2615,African-American,Male,Greater than 45,0
2616,Hispanic,Male,Less than 25,0
2618,African-American,Male,25 - 45,1
2619,African-American,Male,25 - 45,0
2620,African-American,Male,25 - 45,1
2621,Caucasian,Male,25 - 45,1
2623,African-American,Male,25 - 45,0
2624,African-American,Male,Greater than 45,1
2630,African-American,Male,25 - 45,0
2632,Caucasian,Male,Greater than 45,0
2633,African-American,Male,Greater than 45,1
2634,Caucasian,Male,25 - 45,1
2637,Caucasian,Male,25 - 45,1
2638,Caucasian,Male,Less than 25,0
2639,African-American,Male,25 - 45,0
2641,Other,Male,25 - 45,0
2642,Hispanic,Male,Less than 25,0
2643,Caucasian,Male,25 - 45,0
2644,Caucasian,Male,25 - 45,1
2649,Caucasian,Male,Greater than 45,0
2650,African-American,Female,25 - 45,0
2651,African-American,Male,Greater than 45,0
2654,African-American,Male,25 - 45,0
2655,African-American,Male,Less than 25,0
2656,Caucasian,Male,Greater than 45,0
2658,Caucasian,Male,25 - 45,0
2664,African-American,Male,25 - 45,1
2667,Caucasian,Male,Less than 25,0
2668,Caucasian,Female,25 - 45,0
2671,African-American,Male,25 - 45,1
2672,African-American,Male,25 - 45,1
2673,African-American,Male,Less than 25,0
2676,Caucasian,Male,25 - 45,1
2677,Caucasian,Male,Less than 25,0
2678,African-American,Male,Less than 25,0
2679,Caucasian,Female,25 - 45,0
2680,African-American,Male,25 - 45,0
2681,African-American,Male,25 - 45,0
2682,African-American,Male,25 - 45,0
2683,Caucasian,Male,Greater than 45,0
2685,African-American,Female,Less than 25,0
2687,Caucasian,Male,Greater than 45,0
2688,African-American,Male,25 - 45,1
2689,African-American,Female,25 - 45,0
2690,Caucasian,Female,Greater than 45,1
2691,African-American,Male,Greater than 45,0
2692,Hispanic,Male,25 - 45,1
2696,African-American,Male,25 - 45,0
2698,Caucasian,Female,Greater than 45,1
2700,African-American,Male,Less than 25,0
2703,African-American,Male,Greater than 45,0
2704,African-American,Male,25 - 45,1
2708,African-American,Male,25 - 45,0
2711,Caucasian,Male,25 - 45,1
2713,Caucasian,Male,25 - 45,0
2714,Hispanic,Male,Greater than 45,0
2716,Caucasian,Male,25 - 45,1
2718,African-American,Female,25 - 45,1
2719,African-American,Male,Less than 25,1
2720,Hispanic,Male,25 - 45,0
2721,Other,Male,25 - 45,1
2722,Hispanic,Male,25 - 45,0
2723,African-American,Male,25 - 45,1
2724,Caucasian,Male,Greater than 45,1
2728,Asian,Male,Less than 25,0
2731,Hispanic,Male,25 - 45,0
2732,African-American,Male,Greater than 45,1
2735,African-American,Male,25 - 45,1
2737,African-American,Male,25 - 45,1
2738,Other,Male,25 - 45,0
2745,Caucasian,Male,25 - 45,0
2746,Caucasian,Male,Greater than 45,1
2748,Caucasian,Male,25 - 45,0
2749,African-American,Male,25 - 45,0
2750,African-American,Male,25 - 45,0
2751,Hispanic,Female,Greater than 45,0
2752,Caucasian,Male,Greater than 45,0
2753,African-American,Male,25 - 45,1
2754,Caucasian,Female,25 - 45,0
2758,African-American,Male,25 - 45,0
2759,Caucasian,Male,25 - 45,0
2760,African-American,Male,25 - 45,0
2762,African-American,Male,Less than 25,1
2764,Caucasian,Male,25 - 45,0
2765,African-American,Female,25 - 45,0
2766,African-American,Male,25 - 45,1
2767,Caucasian,Male,Greater than 45,1
2770,Other,Female,Less than 25,0
2771,Caucasian,Male,25 - 45,0
2772,African-American,Male,Less than 25,1
2773,African-American,Female,Greater than 45,1
2775,Caucasian,Male,25 - 45,1
2776,Caucasian,Male,25 - 45,0
2777,African-American,Male,25 - 45,0
2780,Caucasian,Male,Greater than 45,0
2782,African-American,Male,25 - 45,1
2786,African-American,Male,25 - 45,0
2787,African-American,Female,25 - 45,1
2788,Caucasian,Male,Greater than 45,0
2790,Caucasian,Male,25 - 45,0
2792,African-American,Male,25 - 45,0
2793,African-American,Male,25 - 45,0
2794,Caucasian,Male,25 - 45,1
2797,African-American,Male,25 - 45,1
2800,African-American,Male,Less than 25,0
2802,Caucasian,Male,25 - 45,0
2804,African-American,Male,25 - 45,1
2807,Hispanic,Male,Less than 25,1
2809,African-American,Male,Less than 25,0
2814,Caucasian,Male,25 - 45,1
2817,Caucasian,Male,25 - 45,0
2819,African-American,Male,Less than 25,1
2820,Caucasian,Male,Greater than 45,0
2821,Caucasian,Female,25 - 45,0
2824,Hispanic,Male,Greater than 45,1
2825,Caucasian,Male,Less than 25,1
2828,African-American,Female,Less than 25,1
2829,Hispanic,Male,25 - 45,0
2830,African-American,Male,Greater than 45,0
2836,Asian,Male,Greater than 45,1
2837,African-American,Female,Greater than 45,0
2841,Caucasian,Male,Less than 25,0
2842,African-American,Male,Less than 25,1
2843,Caucasian,Male,25 - 45,0
2844,Hispanic,Male,Less than 25,1
2845,Caucasian,Male,Greater than 45,1
2846,Caucasian,Male,25 - 45,1
2848,Caucasian,Male,Less than 25,1
2851,Other,Male,25 - 45,0
2852,African-American,Male,25 - 45,0
2854,African-American,Male,25 - 45,1
2855,African-American,Female,25 - 45,1
2856,African-American,Male,25 - 45,0
2857,African-American,Male,25 - 45,0
2859,Caucasian,Male,25 - 45,1
2860,African-American,Male,25 - 45,0
2862,African-American,Male,25 - 45,1
2863,Other,Male,Less than 25,1
2864,African-American,Male,25 - 45,1
2865,African-American,Male,Less than 25,1
2867,Caucasian,Male,25 - 45,0
2869,Hispanic,Male,25 - 45,0
2870,African-American,Male,Less than 25,1
2871,African-American,Male,Less than 25,1
2873,Caucasian,Male,25 - 45,1
2874,African-American,Male,25 - 45,1
2875,African-American,Male,25 - 45,1
2879,Caucasian,Male,25 - 45,0
2880,Caucasian,Male,Greater than 45,0
2883,African-American,Male,25 - 45,1
2885,African-American,Male,25 - 45,1
2886,African-American,Male,25 - 45,1
2887,African-American,Male,25 - 45,0
2891,Hispanic,Male,Less than 25,1
2892,African-American,Male,Greater than 45,0
2893,African-American,Male,25 - 45,0
2897,Caucasian,Male,25 - 45,1
2898,Caucasian,Female,25 - 45,0
2900,African-American,Male,Less than 25,0
2901,African-American,Male,25 - 45,1
2902,Caucasian,Male,25 - 45,0
2907,African-American,Male,Less than 25,1
2908,African-American,Male,Less than 25,0
2910,Caucasian,Male,25 - 45,0
2913,African-American,Male,25 - 45,0
2914,African-American,Male,25 - 45,0
2915,Caucasian,Male,25 - 45,1
2917,Caucasian,Male,25 - 45,0
2922,African-American,Male,Greater than 45,0
2923,Other,Male,25 - 45,0
2925,Hispanic,Male,Greater than 45,0
2926,African-American,Male,Less than 25,1
2927,African-American,Male,25 - 45,1
2928,African-American,Male,25 - 45,0
2929,Caucasian,Male,Less than 25,0
2930,African-American,Male,25 - 45,1
2931,African-American,Male,25 - 45,0
2932,African-American,Male,25 - 45,0
2933,African-American,Male,25 - 45,1
2934,African-American,Male,25 - 45,1
2935,Caucasian,Male,Greater than 45,0
2936,African-American,Male,25 - 45,0
2937,Caucasian,Male,Less than 25,1
2938,African-American,Male,25 - 45,0
2939,African-American,Female,Less than 25,0
2943,Caucasian,Male,25 - 45,0
2946,Caucasian,Male,25 - 45,0
2951,African-American,Male,25 - 45,0
2952,African-American,Male,Less than 25,0
2954,Caucasian,Male,Less than 25,0
2955,African-American,Male,25 - 45,0
2956,Caucasian,Male,Greater than 45,0
2959,African-American,Male,25 - 45,0
2961,African-American,Male,25 - 45,1
2962,African-American,Male,25 - 45,0
2963,Caucasian,Male,25 - 45,0
2964,Caucasian,Male,Less than 25,1
2965,Hispanic,Male,25 - 45,0
2968,African-American,Male,25 - 45,1
2969,Caucasian,Male,Greater than 45,1
2970,Native American,Male,25 - 45,0
2972,African-American,Male,Greater than 45,0
2974,African-American,Male,Greater than 45,1
2976,African-American,Male,25 - 45,0
2979,African-American,Male,25 - 45,0
2982,African-American,Male,Greater than 45,1
2983,Caucasian,Female,25 - 45,0
2984,African-American,Male,Greater than 45,0
2985,Caucasian,Male,Greater than 45,1
2988,Caucasian,Male,Greater than 45,0
2990,Caucasian,Male,Greater than 45,0
2991,African-American,Male,Greater than 45,1
2992,African-American,Female,25 - 45,0
2993,Hispanic,Male,Less than 25,1
2996,Other,Male,Less than 25,0
2997,African-American,Male,25 - 45,1
2998,Hispanic,Female,Less than 25,0
3003,African-American,Male,25 - 45,0
3004,African-American,Male,25 - 45,1
3005,African-American,Male,Less than 25,0
3010,Caucasian,Male,Greater than 45,0
3014,African-American,Male,Less than 25,1
3015,Caucasian,Male,Greater than 45,1
3019,Caucasian,Male,Greater than 45,1
3020,African-American,Male,Greater than 45,0
3021,African-American,Female,25 - 45,1
3022,African-American,Male,25 - 45,0
3023,African-American,Male,25 - 45,1
3025,African-American,Male,25 - 45,0
3027,African-American,Male,Greater than 45,1
3029,African-American,Male,25 - 45,1
3031,Caucasian,Male,25 - 45,1
3032,African-American,Male,25 - 45,0
3033,Other,Male,25 - 45,0
3034,African-American,Female,25 - 45,0
3035,Caucasian,Male,25 - 45,0
3036,African-American,Female,25 - 45,0
3037,Hispanic,Male,Less than 25,0
3039,Caucasian,Male,25 - 45,1
3040,African-American,Male,Greater than 45,0
3041,Caucasian,Male,25 - 45,1
3042,African-American,Female,25 - 45,0
3046,African-American,Male,25 - 45,0
3051,African-American,Male,Greater than 45,0
3053,African-American,Male,25 - 45,0
3055,African-American,Male,Greater than 45,0
3056,African-American,Male,25 - 45,0
3057,African-American,Male,25 - 45,1
3058,African-American,Male,25 - 45,0
3064,Caucasian,Male,25 - 45,0
3066,African-American,Female,25 - 45,0
3067,African-American,Male,25 - 45,1
3068,African-American,Male,25 - 45,0
3069,Caucasian,Male,25 - 45,0
3074,Caucasian,Male,25 - 45,0
3078,Caucasian,Female,25 - 45,0
3081,African-American,Male,25 - 45,0
3084,African-American,Female,Greater than 45,0
3085,African-American,Male,Less than 25,0
3086,Hispanic,Male,25 - 45,1
3087,African-American,Male,25 - 45,1
3089,African-American,Female,Less than 25,0
3090,African-American,Male,25 - 45,0
3093,Caucasian,Female,Less than 25,0
3094,African-American,Male,25 - 45,1
3096,African-American,Male,Greater than 45,0
3101,African-American,Male,25 - 45,0
3104,Other,Female,25 - 45,0
3107,Caucasian,Male,Greater than 45,0
3110,Caucasian,Male,Less than 25,1
3112,African-American,Male,25 - 45,0
3113,Hispanic,Male,25 - 45,1
3114,Asian,Male,25 - 45,1
3116,African-American,Male,Less than 25,1
3117,African-American,Male,Less than 25,1
3118,African-American,Male,25 - 45,0
3120,Hispanic,Male,Less than 25,1
3122,Caucasian,Male,Greater than 45,0
3129,African-American,Male,Greater than 45,0
3131,Hispanic,Male,25 - 45,1
3132,Hispanic,Male,25 - 45,1
3134,African-American,Male,Less than 25,1
3136,Caucasian,Female,25 - 45,0
3137,Caucasian,Male,Greater than 45,0
3138,African-American,Male,25 - 45,1
3139,Hispanic,Male,25 - 45,0
3145,African-American,Male,25 - 45,1
3146,Hispanic,Male,25 - 45,1
3152,Caucasian,Female,25 - 45,0
3153,Caucasian,Male,25 - 45,0
3154,Other,Male,25 - 45,0
3155,Other,Male,25 - 45,1
3156,Caucasian,Male,Greater than 45,0
3157,Caucasian,Male,Less than 25,0
3158,African-American,Male,25 - 45,0
3159,Caucasian,Male,25 - 45,0
3160,African-American,Male,Less than 25,1
3161,Hispanic,Male,25 - 45,0
3162,Caucasian,Male,25 - 45,1
3163,Caucasian,Male,25 - 45,0
3164,African-American,Male,25 - 45,1
3165,Caucasian,Male,25 - 45,1
3166,Caucasian,Male,Less than 25,1
3168,African-American,Male,25 - 45,1
3169,Caucasian,Male,Greater than 45,0
3170,African-American,Female,25 - 45,1
3174,Other,Male,Less than 25,1
3175,Caucasian,Male,Greater than 45,1
3176,African-American,Male,25 - 45,0
3178,Caucasian,Male,Less than 25,1
3181,Caucasian,Male,Less than 25,1
3182,African-American,Male,25 - 45,0
3183,African-American,Male,25 - 45,1
3188,Other,Male,Greater than 45,0
3190,African-American,Male,Less than 25,0
3191,African-American,Male,25 - 45,0
3192,Caucasian,Male,25 - 45,0
3197,Other,Female,25 - 45,0
3198,Other,Male,Less than 25,0
3200,African-American,Male,25 - 45,1
3203,Caucasian,Female,Less than 25,0
3205,Caucasian,Male,Greater than 45,0
3206,African-American,Male,25 - 45,0
3207,Other,Male,Greater than 45,0
3208,African-American,Female,25 - 45,0
3209,African-American,Male,Less than 25,0
3212,African-American,Male,25 - 45,1
3214,Hispanic,Female,25 - 45,1
3215,Caucasian,Male,Greater than 45,0
3217,Caucasian,Male,25 - 45,0
3218,Other,Male,25 - 45,0
3223,Caucasian,Male,Greater than 45,1
3225,African-American,Male,Less than 25,1
3226,African-American,Male,25 - 45,0
3227,Caucasian,Male,25 - 45,1
3229,Caucasian,Male,25 - 45,0
3230,African-American,Female,Greater than 45,0
3232,African-American,Female,Greater than 45,0
3236,African-American,Male,25 - 45,1
3237,Caucasian,Male,25 - 45,0
3240,African-American,Female,25 - 45,0
3242,African-American,Male,Less than 25,0
3246,Caucasian,Male,25 - 45,0
3247,Caucasian,Male,25 - 45,0
3248,Caucasian,Male,Greater than 45,1
3250,Caucasian,Male,Greater than 45,0
3255,African-American,Male,Greater than 45,0
3259,Native American,Female,Greater than 45,1
3260,African-American,Male,Greater than 45,1
3261,Caucasian,Female,Greater than 45,0
3265,Caucasian,Female,Greater than 45,0
3267,African-American,Male,25 - 45,0
3268,Caucasian,Male,25 - 45,1
3270,African-American,Male,Less than 25,1
3272,African-American,Male,25 - 45,1
3273,African-American,Male,Less than 25,1
3274,African-American,Male,Less than 25,0
3278,African-American,Male,25 - 45,1
3280,African-American,Female,25 - 45,1
3281,Caucasian,Male,25 - 45,1
3283,Caucasian,Male,Greater than 45,0
3284,Caucasian,Male,25 - 45,1
3285,African-American,Male,Greater than 45,1
3286,Other,Male,25 - 45,1
3288,African-American,Male,25 - 45,1
3289,African-American,Male,25 - 45,0
3290,African-American,Male,25 - 45,0
3291,African-American,Male,25 - 45,1
3292,Hispanic,Male,25 - 45,0
3293,Caucasian,Female,25 - 45,0
3294,Other,Female,Less than 25,1
3295,Hispanic,Male,25 - 45,0
3298,Caucasian,Male,25 - 45,0
3299,African-American,Male,25 - 45,1
3301,African-American,Female,25 - 45,0
3302,Caucasian,Female,25 - 45,1
3304,African-American,Male,25 - 45,0
3306,Caucasian,Male,25 - 45,0
3309,Caucasian,Male,25 - 45,1
3310,Hispanic,Male,25 - 45,0
3312,Caucasian,Male,Greater than 45,0
3314,Caucasian,Male,25 - 45,0
3315,Caucasian,Male,Greater than 45,0
3316,Caucasian,Female,25 - 45,1
3318,Caucasian,Male,Greater than 45,0
3319,Caucasian,Female,25 - 45,0
3320,Caucasian,Male,Less than 25,0
3322,African-American,Male,Less than 25,1
3323,African-American,Male,25 - 45,1
3324,Caucasian,Male,Greater than 45,0
3326,African-American,Male,25 - 45,0
3329,Caucasian,Male,25 - 45,1
3331,African-American,Male,25 - 45,1
3332,African-American,Male,Greater than 45,0
3333,Caucasian,Male,25 - 45,1
3335,Hispanic,Female,25 - 45,1
3337,African-American,Male,25 - 45,1
3338,African-American,Male,Less than 25,0
3339,Caucasian,Male,Greater than 45,0
3340,African-American,Male,25 - 45,1
3341,African-American,Male,Less than 25,0
3342,African-American,Male,25 - 45,1
3344,African-American,Male,25 - 45,1
3345,Caucasian,Female,25 - 45,0
3347,African-American,Female,25 - 45,1
3349,African-American,Male,25 - 45,1
3350,African-American,Male,25 - 45,0
3351,African-American,Female,25 - 45,1
3354,African-American,Male,25 - 45,1
3357,African-American,Male,25 - 45,0
3358,African-American,Male,25 - 45,0
3359,African-American,Male,25 - 45,1
3360,African-American,Male,Greater than 45,1
3362,African-American,Male,Less than 25,1
3363,Hispanic,Male,25 - 45,1
3369,African-American,Male,Less than 25,1
3370,Hispanic,Female,25 - 45,1
3371,African-American,Male,Less than 25,0
3375,Hispanic,Male,Greater than 45,1
3376,Other,Female,25 - 45,0
3380,African-American,Female,Greater than 45,0
3381,African-American,Male,25 - 45,1
3383,African-American,Male,Greater than 45,1
3384,Caucasian,Male,Less than 25,0
3386,Caucasian,Male,25 - 45,1
3387,African-American,Male,Greater than 45,1
3390,Caucasian,Male,Greater than 45,0
3391,African-American,Female,25 - 45,1
3392,Caucasian,Male,Greater than 45,0
3393,African-American,Male,25 - 45,1
3394,Caucasian,Male,Less than 25,1
3395,Other,Male,25 - 45,1
3396,African-American,Male,Greater than 45,0
3398,African-American,Male,Less than 25,1
3399,African-American,Male,25 - 45,0
3401,African-American,Male,Greater than 45,1
3403,African-American,Male,25 - 45,1
3404,African-American,Male,Greater than 45,0
3406,Caucasian,Male,Less than 25,1
3407,Caucasian,Male,Greater than 45,0
3408,Caucasian,Female,Less than 25,1
3409,African-American,Male,Less than 25,0
3410,African-American,Male,Greater than 45,0
3411,Caucasian,Female,25 - 45,0
3412,Caucasian,Male,25 - 45,0
3413,Caucasian,Male,25 - 45,1
3415,African-American,Male,25 - 45,1
3417,Caucasian,Male,25 - 45,0
3418,African-American,Male,25 - 45,1
3419,African-American,Male,25 - 45,1
3420,African-American,Male,25 - 45,0
3422,Caucasian,Male,25 - 45,1
3423,Caucasian,Female,25 - 45,0
3425,Hispanic,Male,Less than 25,1
3426,African-American,Male,25 - 45,1
3427,Caucasian,Female,25 - 45,0
3429,African-American,Male,Less than 25,1
3431,African-American,Female,25 - 45,0
3434,African-American,Male,25 - 45,1
3437,Caucasian,Female,Less than 25,0
3438,Caucasian,Male,25 - 45,1
3439,Caucasian,Male,25 - 45,0
3441,Caucasian,Male,Greater than 45,1
3444,Caucasian,Male,25 - 45,1
3445,Caucasian,Male,25 - 45,0
3448,African-American,Female,25 - 45,1
3452,African-American,Male,25 - 45,0
3453,African-American,Male,Greater than 45,1
3454,African-American,Male,25 - 45,1
3455,African-American,Female,25 - 45,0
3456,African-American,Male,Less than 25,0
3457,African-American,Male,Greater than 45,0
3458,Caucasian,Male,25 - 45,0
3460,African-American,Male,Less than 25,1
3462,Caucasian,Male,25 - 45,1
3463,Caucasian,Male,25 - 45,0
3464,Caucasian,Male,Less than 25,1
3465,Other,Male,Greater than 45,0
3470,African-American,Male,Less than 25,1
3475,Caucasian,Male,25 - 45,0
3476,African-American,Male,25 - 45,1
3480,African-American,Male,Greater than 45,0
3481,African-American,Female,25 - 45,1
3483,Caucasian,Male,25 - 45,0
3484,African-American,Male,Greater than 45,1
3485,African-American,Male,25 - 45,1
3488,Caucasian,Male,25 - 45,0
3489,African-American,Female,Less than 25,0
3491,Hispanic,Male,25 - 45,0
3492,African-American,Male,Less than 25,0
3493,African-American,Male,25 - 45,0
3498,African-American,Male,25 - 45,1
3499,African-American,Female,25 - 45,1
3500,Caucasian,Male,25 - 45,0
3501,African-American,Male,Less than 25,1
3502,Hispanic,Male,25 - 45,1
3504,African-American,Male,25 - 45,0
3507,Hispanic,Male,Greater than 45,0
3508,African-American,Female,Less than 25,0
3511,Caucasian,Male,Less than 25,0
3512,African-American,Male,25 - 45,1
3515,Caucasian,Male,25 - 45,0
3516,Other,Male,25 - 45,1
3517,Hispanic,Male,Greater than 45,1
3521,African-American,Male,Less than 25,1
3523,Caucasian,Male,Greater than 45,0
3528,African-American,Female,Less than 25,0
3529,Hispanic,Male,25 - 45,0
3531,Caucasian,Female,25 - 45,0
3533,Caucasian,Male,25 - 45,1
3535,Caucasian,Male,25 - 45,0
3536,Caucasian,Male,25 - 45,1
3538,African-American,Male,Less than 25,0
3539,African-American,Male,25 - 45,0
3540,Caucasian,Male,Less than 25,0
3542,Caucasian,Male,Less than 25,1
3543,Caucasian,Female,25 - 45,1
3544,African-American,Male,Less than 25,1
3546,Hispanic,Male,Less than 25,0
3547,African-American,Male,Greater than 45,0
3550,African-American,Male,25 - 45,1
3551,African-American,Male,Less than 25,1
3552,Caucasian,Male,25 - 45,0
3554,Caucasian,Male,Greater than 45,0
3556,Hispanic,Male,25 - 45,0
3562,African-American,Male,Greater than 45,0
3563,African-American,Male,Greater than 45,1
3564,African-American,Male,25 - 45,1
3566,Caucasian,Male,Less than 25,0
3570,Caucasian,Male,25 - 45,1
3571,Caucasian,Male,25 - 45,1
3573,African-American,Male,25 - 45,0
3574,African-American,Male,Less than 25,1
3576,Caucasian,Male,Greater than 45,0
3577,African-American,Male,25 - 45,0
3582,Hispanic,Female,25 - 45,1
3584,Caucasian,Male,25 - 45,0
3585,Caucasian,Male,Greater than 45,1
3591,Hispanic,Male,25 - 45,0
3593,Caucasian,Male,Greater than 45,0
3594,African-American,Male,Greater than 45,1
3596,Caucasian,Male,Greater than 45,0
3597,Caucasian,Male,Less than 25,1
3598,African-American,Male,25 - 45,0
3600,Hispanic,Male,25 - 45,0
3601,African-American,Female,25 - 45,1
3602,African-American,Male,25 - 45,1
3603,African-American,Male,25 - 45,1
3605,African-American,Male,25 - 45,0
3611,Caucasian,Male,Greater than 45,0
3614,African-American,Male,25 - 45,1
3616,African-American,Male,Greater than 45,1
3617,African-American,Male,25 - 45,0
3618,Caucasian,Male,25 - 45,1
3620,Caucasian,Female,Greater than 45,0
3622,African-American,Male,25 - 45,0
3624,African-American,Male,Less than 25,1
3626,Caucasian,Male,Greater than 45,0
3627,Caucasian,Male,25 - 45,0
3628,African-American,Male,Less than 25,1
3629,African-American,Male,Less than 25,1
3630,Caucasian,Male,Greater than 45,0
3631,Caucasian,Female,25 - 45,0
3634,Caucasian,Male,25 - 45,0
3636,African-American,Female,Greater than 45,0
3639,African-American,Male,25 - 45,0
3641,Caucasian,Male,25 - 45,0
3642,African-American,Male,25 - 45,1
3643,African-American,Male,Less than 25,1
3645,Caucasian,Male,25 - 45,0
3646,Caucasian,Male,25 - 45,1
3647,African-American,Male,Less than 25,0
3648,African-American,Male,Greater than 45,1
3649,African-American,Male,25 - 45,1
3652,African-American,Male,25 - 45,1
3653,African-American,Male,25 - 45,0
3655,African-American,Male,Greater than 45,0
3656,African-American,Male,Less than 25,0
3657,African-American,Female,25 - 45,0
3658,Other,Male,Greater than 45,0
3660,Other,Male,Greater than 45,0
3661,African-American,Male,Greater than 45,1
3662,African-American,Male,25 - 45,0
3663,African-American,Male,25 - 45,0
3666,African-American,Female,25 - 45,0
3667,African-American,Male,25 - 45,0
3671,Caucasian,Male,25 - 45,0
3673,Other,Male,25 - 45,0
3674,African-American,Female,25 - 45,0
3675,African-American,Male,25 - 45,1
3676,African-American,Male,Greater than 45,0
3678,Caucasian,Male,25 - 45,0
3679,Caucasian,Female,Greater than 45,1
3681,African-American,Female,Greater than 45,0
3684,African-American,Male,25 - 45,1
3687,African-American,Male,Greater than 45,1
3691,Other,Male,Less than 25,1
3692,African-American,Male,25 - 45,1
3693,African-American,Male,Less than 25,0
3696,African-American,Male,Less than 25,0
3697,Caucasian,Male,Greater than 45,0
3698,Caucasian,Male,Greater than 45,0
3699,Caucasian,Male,25 - 45,0
3700,African-American,Male,Less than 25,1
3702,Caucasian,Male,Greater than 45,1
3703,Caucasian,Male,Greater than 45,0
3704,Hispanic,Female,25 - 45,0
3706,African-American,Female,25 - 45,0
3709,African-American,Female,25 - 45,0
3710,African-American,Male,Less than 25,1
3711,Caucasian,Male,25 - 45,1
3713,African-American,Male,25 - 45,1
3714,Caucasian,Male,Greater than 45,0
3719,African-American,Male,Less than 25,0
3720,Caucasian,Male,Greater than 45,1
3721,Caucasian,Female,Greater than 45,0
3722,African-American,Male,Less than 25,1
3725,African-American,Male,Less than 25,1
3726,Hispanic,Female,25 - 45,0
3728,Other,Male,Greater than 45,0
3729,African-American,Male,25 - 45,0
3730,Hispanic,Male,Less than 25,1
3732,African-American,Male,25 - 45,0
3736,Caucasian,Male,25 - 45,0
3737,Caucasian,Female,25 - 45,0
3738,Caucasian,Male,25 - 45,0
3739,Caucasian,Male,Greater than 45,0
3741,African-American,Male,25 - 45,0
3743,African-American,Male,Less than 25,0
3744,African-American,Male,Greater than 45,0
3745,Caucasian,Male,25 - 45,1
3747,Caucasian,Male,25 - 45,0
3749,African-American,Male,25 - 45,1
3751,African-American,Male,25 - 45,1
3754,African-American,Male,Less than 25,1
3757,Caucasian,Male,25 - 45,1
3758,African-American,Male,Greater than 45,0
3759,African-American,Female,25 - 45,0
3761,African-American,Male,25 - 45,1
3763,African-American,Male,25 - 45,1
3765,Caucasian,Male,25 - 45,1
3766,Caucasian,Male,Less than 25,1
3768,African-American,Female,25 - 45,0
3769,Caucasian,Male,Greater than 45,0
3771,African-American,Male,25 - 45,1
3772,Caucasian,Male,Less than 25,1
3773,Hispanic,Male,Less than 25,0
3774,Caucasian,Male,Greater than 45,0
3776,Caucasian,Female,25 - 45,0
3778,Caucasian,Male,25 - 45,1
3779,African-American,Male,25 - 45,0
3780,Caucasian,Male,Less than 25,0
3782,African-American,Male,25 - 45,1
3783,Caucasian,Male,25 - 45,0
3785,Caucasian,Male,Less than 25,0
3787,African-American,Male,25 - 45,1
3788,Caucasian,Male,25 - 45,0
3789,Caucasian,Male,25 - 45,0
3790,Caucasian,Male,25 - 45,0
3793,Caucasian,Male,25 - 45,1
3794,African-American,Male,Greater than 45,1
3797,African-American,Male,25 - 45,0
3799,African-American,Male,25 - 45,0
3800,African-American,Male,25 - 45,1
3801,Caucasian,Male,Greater than 45,0
3802,African-American,Male,Greater than 45,1
3804,African-American,Male,25 - 45,0
3805,Caucasian,Male,25 - 45,1
3807,Caucasian,Female,25 - 45,1
3809,Caucasian,Male,25 - 45,1
3811,African-American,Male,Greater than 45,1
3812,African-American,Male,25 - 45,1
3814,African-American,Male,25 - 45,0
3816,Other,Male,Less than 25,1
3817,African-American,Female,Less than 25,1
3818,African-American,Male,Less than 25,0
3820,Other,Male,25 - 45,0
3821,African-American,Female,Greater than 45,0
3824,African-American,Male,25 - 45,1
3830,African-American,Female,25 - 45,0
3831,Caucasian,Male,Less than 25,1
3835,Caucasian,Female,Greater than 45,0
3836,Caucasian,Male,Greater than 45,0
3838,African-American,Male,Greater than 45,0
3839,African-American,Male,Greater than 45,1
3840,African-American,Male,25 - 45,0
3841,Caucasian,Male,Greater than 45,0
3842,Hispanic,Male,25 - 45,0
3843,Hispanic,Female,Greater than 45,1
3847,African-American,Male,Less than 25,1
3848,African-American,Male,25 - 45,1
3853,African-American,Male,25 - 45,0
3854,African-American,Male,Less than 25,1
3856,African-American,Female,25 - 45,0
3857,African-American,Female,25 - 45,0
3858,African-American,Female,25 - 45,1
3859,Other,Male,25 - 45,1
3860,Caucasian,Male,Greater than 45,0
3862,Caucasian,Male,25 - 45,0
3863,Caucasian,Male,25 - 45,0
3864,Caucasian,Male,Greater than 45,0
3865,African-American,Male,Less than 25,0
3867,African-American,Male,Greater than 45,0
3869,African-American,Male,25 - 45,0
3870,African-American,Male,25 - 45,1
3872,Caucasian,Male,Less than 25,0
3879,Caucasian,Male,25 - 45,0
3880,African-American,Male,Greater than 45,1
3881,African-American,Male,25 - 45,1
3882,Caucasian,Male,Less than 25,0
3884,Caucasian,Female,Greater than 45,1
3885,Caucasian,Male,Greater than 45,1
3890,Other,Male,25 - 45,0
3891,African-American,Female,Less than 25,1
3896,Hispanic,Male,Less than 25,1
3897,Caucasian,Male,25 - 45,1
3899,African-American,Male,25 - 45,1
3902,Caucasian,Male,25 - 45,0
3904,African-American,Female,Greater than 45,0
3906,African-American,Male,25 - 45,1
3907,Hispanic,Male,Greater than 45,0
3909,Caucasian,Male,25 - 45,1
3910,African-American,Male,25 - 45,1
3911,Hispanic,Male,Greater than 45,0
3917,African-American,Male,Less than 25,0
3918,African-American,Male,25 - 45,1
3919,Asian,Male,Greater than 45,1
3920,Other,Male,25 - 45,0
3924,African-American,Female,25 - 45,0
3925,African-American,Male,Less than 25,1
3929,African-American,Male,Less than 25,1
3930,Caucasian,Male,Greater than 45,0
3933,African-American,Female,25 - 45,1
3934,African-American,Male,Greater than 45,0
3935,African-American,Female,Less than 25,0
3936,African-American,Male,25 - 45,1
3938,Caucasian,Male,25 - 45,0
3939,African-American,Male,25 - 45,1
3941,Caucasian,Male,25 - 45,0
3942,African-American,Male,25 - 45,1
3944,Hispanic,Male,25 - 45,1
3946,African-American,Male,25 - 45,1
3947,Other,Male,25 - 45,0
3948,African-American,Male,Less than 25,0
3950,Caucasian,Male,25 - 45,1
3952,Caucasian,Male,25 - 45,0
3958,Caucasian,Male,25 - 45,0
3960,African-American,Male,25 - 45,0
3961,Hispanic,Male,25 - 45,0
3963,Caucasian,Male,Greater than 45,0
3965,Caucasian,Male,Greater than 45,0
3966,African-American,Male,Greater than 45,1
3969,African-American,Male,Less than 25,1
3972,Caucasian,Male,25 - 45,0
3973,Caucasian,Female,Greater than 45,1
3974,African-American,Male,25 - 45,0
3975,Caucasian,Male,25 - 45,0
3976,African-American,Male,Greater than 45,1
3977,Caucasian,Male,Greater than 45,0
3979,Caucasian,Male,25 - 45,0
3980,African-American,Male,25 - 45,1
3981,African-American,Male,25 - 45,1
3982,African-American,Male,25 - 45,0
3985,Hispanic,Male,25 - 45,1
3987,Caucasian,Male,25 - 45,1
3988,African-American,Female,25 - 45,1
3989,Hispanic,Male,Greater than 45,1
3991,Hispanic,Male,25 - 45,0
3992,Hispanic,Male,25 - 45,1
3994,Hispanic,Male,25 - 45,0
3995,African-American,Male,Less than 25,1
3997,African-American,Male,25 - 45,1
3998,African-American,Male,Greater than 45,1
3999,African-American,Male,25 - 45,0
4000,African-American,Male,25 - 45,1
4001,African-American,Male,25 - 45,1
4002,African-American,Male,25 - 45,0
4003,Caucasian,Male,25 - 45,0
4004,African-American,Female,25 - 45,0
4005,Caucasian,Male,25 - 45,0
4006,Caucasian,Male,Greater than 45,0
4010,African-American,Male,Less than 25,0
4011,Caucasian,Male,25 - 45,0
4012,African-American,Male,Less than 25,0
4013,Caucasian,Male,25 - 45,1
4014,African-American,Male,25 - 45,1
4018,African-American,Male,Greater than 45,0
4020,Other,Male,25 - 45,1
4021,African-American,Male,25 - 45,0
4023,Caucasian,Female,25 - 45,0
4026,Hispanic,Female,25 - 45,1
4028,African-American,Female,25 - 45,0
4029,Hispanic,Male,25 - 45,1
4031,African-American,Male,Greater than 45,0
4032,Caucasian,Male,25 - 45,0
4033,African-American,Male,25 - 45,0
4036,African-American,Male,25 - 45,0
4037,Caucasian,Male,Less than 25,1
4038,Caucasian,Male,Greater than 45,1
4039,Hispanic,Male,25 - 45,0
4041,African-American,Male,25 - 45,0
4045,Caucasian,Female,Greater than 45,1
4048,Caucasian,Male,25 - 45,1
4049,Caucasian,Male,Less than 25,1
4052,African-American,Male,25 - 45,0
4054,African-American,Male,Less than 25,0
4059,African-American,Male,25 - 45,1
4060,African-American,Male,25 - 45,0
4061,Caucasian,Female,Greater than 45,0
4062,Caucasian,Male,25 - 45,0
4063,Caucasian,Male,25 - 45,1
4064,Caucasian,Female,25 - 45,0
4065,Caucasian,Male,Less than 25,1
4067,Caucasian,Male,25 - 45,1
4068,Caucasian,Female,Greater than 45,0
4069,Caucasian,Male,Less than 25,1
4070,African-American,Male,25 - 45,0
4072,African-American,Male,25 - 45,0
4073,Caucasian,Male,25 - 45,0
4075,African-American,Male,25 - 45,0
4076,African-American,Male,25 - 45,0
4078,Hispanic,Male,Greater than 45,1
4080,African-American,Male,Less than 25,0
4081,Caucasian,Male,25 - 45,0
4082,Caucasian,Male,Less than 25,1
4084,African-American,Male,25 - 45,0
4085,Caucasian,Male,Greater than 45,0
4086,African-American,Male,25 - 45,1
4088,African-American,Male,25 - 45,0
4099,African-American,Male,Less than 25,0
4100,Caucasian,Male,Less than 25,1
4101,African-American,Male,25 - 45,1
4104,African-American,Male,Greater than 45,1
4105,Caucasian,Male,25 - 45,1
4106,Caucasian,Male,25 - 45,1
4108,African-American,Male,25 - 45,1
4111,African-American,Male,Greater than 45,0
4112,African-American,Male,Less than 25,0
4117,Caucasian,Female,Greater than 45,0
4119,Caucasian,Male,Greater than 45,1
4120,Caucasian,Male,25 - 45,0
4121,Hispanic,Male,25 - 45,0
4122,Caucasian,Female,25 - 45,0
4125,African-American,Female,25 - 45,0
4126,African-American,Male,25 - 45,1
4127,African-American,Female,Less than 25,1
4128,African-American,Male,Less than 25,1
4130,Caucasian,Male,Greater than 45,0
4134,African-American,Male,Greater than 45,1
4135,African-American,Male,25 - 45,1
4136,African-American,Male,25 - 45,0
4137,Caucasian,Male,Less than 25,1
4139,African-American,Male,25 - 45,1
4141,African-American,Male,25 - 45,0
4143,African-American,Male,Greater than 45,0
4144,African-American,Male,Less than 25,0
4154,African-American,Male,Greater than 45,0
4157,African-American,Male,Less than 25,1
4159,Caucasian,Male,25 - 45,1
4160,Caucasian,Female,25 - 45,1
4161,African-American,Male,Greater than 45,1
4162,African-American,Male,25 - 45,1
4164,Caucasian,Female,25 - 45,0
4165,African-American,Male,Less than 25,0
4168,Caucasian,Male,Greater than 45,0
4169,Caucasian,Male,25 - 45,0
4170,Caucasian,Male,25 - 45,1
4171,African-American,Male,Less than 25,0
4178,Caucasian,Male,25 - 45,0
4179,African-American,Male,Less than 25,1
4180,Hispanic,Female,25 - 45,1
4182,Caucasian,Male,25 - 45,0
4183,Caucasian,Male,Greater than 45,0
4185,Other,Male,Less than 25,1
4186,Caucasian,Male,Greater than 45,0
4187,Caucasian,Female,25 - 45,1
4189,African-American,Male,25 - 45,1
4190,African-American,Male,25 - 45,1
4192,African-American,Male,25 - 45,1
4193,Hispanic,Male,25 - 45,0
4195,African-American,Female,25 - 45,1
4196,African-American,Female,25 - 45,0
4198,African-American,Male,25 - 45,1
4199,Caucasian,Male,Less than 25,0
4202,African-American,Male,25 - 45,1
4203,Caucasian,Male,25 - 45,0
4204,African-American,Male,25 - 45,0
4205,Caucasian,Female,25 - 45,1
4207,African-American,Male,25 - 45,1
4211,Other,Male,Greater than 45,0
4217,Caucasian,Male,25 - 45,1
4219,African-American,Male,25 - 45,0
4220,Other,Male,Less than 25,1
4223,African-American,Female,25 - 45,1
4225,African-American,Male,25 - 45,1
4226,Caucasian,Male,25 - 45,1
4227,Hispanic,Male,25 - 45,1
4228,Caucasian,Male,25 - 45,1
4229,Caucasian,Male,Less than 25,1
4230,Hispanic,Male,25 - 45,0
4232,African-American,Male,25 - 45,1
4233,African-American,Male,25 - 45,0
4235,African-American,Male,Greater than 45,1
4236,African-American,Male,25 - 45,1
4239,Hispanic,Male,25 - 45,0
4240,Hispanic,Male,Less than 25,1
4245,African-American,Male,25 - 45,0
4247,African-American,Male,25 - 45,0
4250,African-American,Female,25 - 45,0
4252,Caucasian,Male,Greater than 45,0
4254,African-American,Male,Greater than 45,0
4255,Caucasian,Male,25 - 45,0
4256,African-American,Male,25 - 45,1
4258,Caucasian,Male,25 - 45,0
4260,African-American,Male,25 - 45,0
4262,African-American,Male,25 - 45,1
4265,African-American,Male,Greater than 45,0
4267,Other,Male,Greater than 45,1
4269,African-American,Male,25 - 45,1
4270,African-American,Male,Less than 25,0
4274,African-American,Male,25 - 45,1
4276,African-American,Male,Less than 25,1
4280,Hispanic,Male,25 - 45,0
4281,African-American,Male,25 - 45,0
4282,Hispanic,Male,Less than 25,0
4284,Other,Male,Greater than 45,1
4288,Caucasian,Male,Greater than 45,0
4290,African-American,Male,25 - 45,0
4292,Other,Female,Less than 25,0
4293,Other,Male,Less than 25,1
4296,Hispanic,Male,25 - 45,0
4297,Caucasian,Male,Less than 25,1
4300,Caucasian,Male,Greater than 45,0
4303,African-American,Male,25 - 45,0
4305,Hispanic,Male,25 - 45,0
4306,African-American,Male,Less than 25,1
4307,African-American,Male,Less than 25,0
4310,Caucasian,Male,Less than 25,1
4311,African-American,Male,25 - 45,1
4314,African-American,Male,25 - 45,1
4315,African-American,Male,Greater than 45,1
4316,African-American,Male,Greater than 45,1
4317,African-American,Male,25 - 45,0
4319,Caucasian,Male,Greater than 45,0
4320,African-American,Male,25 - 45,0
4322,Hispanic,Male,25 - 45,0
4323,African-American,Male,Less than 25,1
4324,Caucasian,Male,Less than 25,0
4328,African-American,Male,Less than 25,1
4329,African-American,Male,25 - 45,0
4330,African-American,Male,25 - 45,1
4331,African-American,Male,Greater than 45,1
4333,Other,Male,25 - 45,1
4335,African-American,Male,25 - 45,0
4336,African-American,Male,Less than 25,0
4337,Caucasian,Male,25 - 45,0
4338,African-American,Male,Greater than 45,0
4339,Hispanic,Male,25 - 45,1
4340,African-American,Male,25 - 45,1
4341,Other,Male,25 - 45,1
4342,African-American,Male,Less than 25,1
4346,Caucasian,Male,Greater than 45,1
4348,African-American,Male,Less than 25,1
4353,Caucasian,Male,25 - 45,1
4356,Caucasian,Male,Less than 25,0
4357,African-American,Male,25 - 45,1
4358,Other,Female,Greater than 45,0
4360,Caucasian,Male,Greater than 45,0
4362,Other,Male,25 - 45,1
4367,African-American,Female,25 - 45,1
4368,Hispanic,Male,Less than 25,1
4370,African-American,Male,25 - 45,0
4371,Caucasian,Male,Greater than 45,0
4372,African-American,Male,Less than 25,1
4376,Other,Female,Less than 25,0
4377,African-American,Male,Less than 25,1
4378,Caucasian,Male,25 - 45,1
4381,Caucasian,Male,Greater than 45,0
4383,African-American,Male,Greater than 45,1
4384,African-American,Male,Less than 25,1
4385,African-American,Male,25 - 45,1
4387,African-American,Male,25 - 45,1
4388,Caucasian,Male,25 - 45,1
4389,Caucasian,Male,25 - 45,0
4390,Caucasian,Male,Greater than 45,0
4391,African-American,Male,25 - 45,0
4394,African-American,Male,Less than 25,0
4396,Caucasian,Male,Greater than 45,1
4397,African-American,Male,25 - 45,1
4400,Caucasian,Male,Greater than 45,0
4401,African-American,Male,25 - 45,0
4402,Hispanic,Male,25 - 45,0
4403,African-American,Male,25 - 45,0
4406,Hispanic,Male,Less than 25,0
4407,Caucasian,Male,Greater than 45,1
4408,African-American,Male,25 - 45,0
4411,Caucasian,Male,Greater than 45,0
4414,Caucasian,Male,25 - 45,0
4415,African-American,Male,Greater than 45,1
4416,Caucasian,Male,Greater than 45,0
4418,Caucasian,Male,Greater than 45,0
4419,Caucasian,Female,Less than 25,0
4421,African-American,Female,Greater than 45,1
4422,African-American,Male,25 - 45,0
4425,Other,Male,25 - 45,0
4426,Caucasian,Female,25 - 45,0
4430,Hispanic,Male,25 - 45,1
4431,Caucasian,Male,Greater than 45,1
4432,Caucasian,Male,Less than 25,0
4433,Hispanic,Female,25 - 45,0
4434,Caucasian,Male,25 - 45,1
4435,Other,Female,Greater than 45,0
4436,African-American,Male,Less than 25,1
4437,Caucasian,Male,Greater than 45,0
4438,Caucasian,Female,Greater than 45,0
4439,Caucasian,Female,Less than 25,0
4441,Caucasian,Female,Greater than 45,0
4442,Caucasian,Male,Less than 25,0
4443,Caucasian,Female,25 - 45,0
4444,Caucasian,Female,25 - 45,0
4445,African-American,Female,Less than 25,0
4447,African-American,Male,Less than 25,1
4448,African-American,Male,25 - 45,0
4450,African-American,Male,Less than 25,0
4451,Caucasian,Male,Greater than 45,0
4452,African-American,Male,25 - 45,1
4453,African-American,Male,25 - 45,1
4457,African-American,Male,25 - 45,1
4461,Caucasian,Male,Greater than 45,0
4463,Caucasian,Female,Greater than 45,1
4464,African-American,Male,25 - 45,0
4466,African-American,Female,25 - 45,1
4468,Hispanic,Male,Greater than 45,0
4469,Caucasian,Male,Greater than 45,0
4471,Caucasian,Male,25 - 45,0
4473,African-American,Male,25 - 45,1
4475,African-American,Male,25 - 45,0
4476,African-American,Male,Greater than 45,1
4478,African-American,Male,Greater than 45,0
4479,African-American,Male,25 - 45,0
4480,Caucasian,Male,25 - 45,1
4483,African-American,Male,25 - 45,1
4485,African-American,Male,Less than 25,1
4486,Caucasian,Male,Less than 25,1
4488,Hispanic,Male,Less than 25,1
4491,African-American,Male,25 - 45,1
4492,African-American,Female,Less than 25,0
4493,African-American,Male,25 - 45,0
4494,African-American,Female,Greater than 45,0
4495,African-American,Male,Less than 25,0
4496,African-American,Male,Less than 25,0
4498,Caucasian,Male,25 - 45,1
4503,African-American,Male,25 - 45,1
4505,Caucasian,Male,Less than 25,0
4508,African-American,Female,25 - 45,0
4509,African-American,Male,Less than 25,1
4510,Caucasian,Male,Greater than 45,0
4511,African-American,Male,Greater than 45,0
4512,African-American,Male,Less than 25,1
4513,Other,Male,Less than 25,1
4514,African-American,Male,Greater than 45,0
4516,Caucasian,Male,Greater than 45,1
4517,African-American,Female,Less than 25,0
4518,African-American,Male,Less than 25,1
4520,African-American,Female,25 - 45,1
4521,Caucasian,Female,25 - 45,0
4524,Caucasian,Male,Less than 25,0
4525,Hispanic,Male,25 - 45,1
4526,Caucasian,Male,25 - 45,1
4527,Other,Male,25 - 45,0
4530,Other,Male,25 - 45,0
4533,Caucasian,Male,Less than 25,1
4534,African-American,Female,25 - 45,0
4536,Caucasian,Female,25 - 45,0
4537,African-American,Male,25 - 45,0
4541,Caucasian,Male,25 - 45,0
4544,African-American,Male,25 - 45,1
4546,African-American,Male,25 - 45,1
4550,African-American,Male,25 - 45,1
4553,Hispanic,Male,25 - 45,0
4556,African-American,Female,25 - 45,0
4558,Caucasian,Male,25 - 45,0
4560,Hispanic,Male,25 - 45,0
4562,African-American,Male,25 - 45,0
4563,African-American,Female,25 - 45,1
4566,African-American,Female,25 - 45,0
4567,African-American,Female,Greater than 45,0
4568,Caucasian,Male,Less than 25,1
4574,Caucasian,Male,25 - 45,1
4579,African-American,Male,Greater than 45,1
4580,African-American,Male,25 - 45,1
4582,African-American,Female,Greater than 45,0
4584,Caucasian,Male,Greater than 45,0
4587,Caucasian,Male,25 - 45,1
4588,African-American,Male,Less than 25,1
4590,Hispanic,Male,25 - 45,1
4591,Caucasian,Male,25 - 45,0
4592,African-American,Male,Less than 25,1
4593,Asian,Male,25 - 45,0
4595,African-American,Male,25 - 45,1
4596,African-American,Male,Greater than 45,1
4598,African-American,Male,25 - 45,0
4599,African-American,Male,Greater than 45,1
4603,African-American,Male,25 - 45,0
4604,Hispanic,Male,Greater than 45,0
4605,Other,Male,25 - 45,1
4608,African-American,Male,Less than 25,1
4609,Caucasian,Male,Greater than 45,0
4610,African-American,Male,25 - 45,1
4611,African-American,Male,25 - 45,0
4612,Caucasian,Male,25 - 45,1
4615,African-American,Female,Less than 25,0
4616,African-American,Male,Less than 25,1
4617,Caucasian,Male,25 - 45,1
4620,Caucasian,Male,25 - 45,0
4622,Other,Male,25 - 45,0
4624,African-American,Male,25 - 45,1
4627,Caucasian,Male,Greater than 45,1
4628,Caucasian,Male,25 - 45,0
4629,Caucasian,Male,Greater than 45,1
4631,African-American,Male,25 - 45,1
4634,Caucasian,Male,25 - 45,1
4636,African-American,Female,Less than 25,1
4637,African-American,Male,25 - 45,1
4639,Hispanic,Female,25 - 45,1
4640,African-American,Male,25 - 45,1
4641,Caucasian,Female,25 - 45,0
4643,African-American,Male,25 - 45,1
4645,Other,Male,Greater than 45,0
4647,Caucasian,Male,Less than 25,0
4648,Caucasian,Male,25 - 45,0
4649,Hispanic,Male,Less than 25,0
4651,African-American,Male,25 - 45,0
4652,African-American,Male,Less than 25,1
4657,Caucasian,Male,25 - 45,1
4658,African-American,Male,25 - 45,0
4659,Caucasian,Male,Greater than 45,0
4660,African-American,Male,Less than 25,0
4661,African-American,Male,25 - 45,0
4662,Caucasian,Female,25 - 45,0
4663,Caucasian,Male,Greater than 45,1
4665,African-American,Female,Less than 25,0
4667,African-American,Male,25 - 45,1
4668,Caucasian,Female,Greater than 45,0
4670,Caucasian,Female,25 - 45,0
4672,Caucasian,Male,Greater than 45,1
4674,African-American,Male,Less than 25,1
4675,Other,Male,Greater than 45,1
4677,Other,Male,25 - 45,0
4678,African-American,Male,Greater than 45,0
4679,Caucasian,Male,25 - 45,0
4680,Hispanic,Male,25 - 45,0
4681,African-American,Male,Less than 25,1
4682,Caucasian,Male,25 - 45,0
4683,Hispanic,Male,25 - 45,0
4684,Caucasian,Male,25 - 45,1
4686,African-American,Female,Greater than 45,0
4692,Caucasian,Male,Greater than 45,0
4694,Caucasian,Male,25 - 45,0
4696,Hispanic,Male,Greater than 45,0
4697,African-American,Male,Less than 25,0
4698,African-American,Male,Greater than 45,0
4701,Caucasian,Male,25 - 45,0
4703,Hispanic,Male,25 - 45,1
4704,Caucasian,Male,25 - 45,1
4705,African-American,Male,Greater than 45,1
4706,Caucasian,Female,Greater than 45,1
4707,African-American,Male,Less than 25,1
4710,Caucasian,Female,25 - 45,1
4712,African-American,Male,Greater than 45,0
4715,African-American,Male,25 - 45,1
4718,Caucasian,Male,25 - 45,0
4719,Caucasian,Male,25 - 45,0
4721,African-American,Male,Less than 25,1
4722,Caucasian,Male,25 - 45,0
4724,African-American,Female,Greater than 45,1
4726,Other,Female,Greater than 45,0
4730,Caucasian,Male,Less than 25,1
4731,African-American,Male,Less than 25,1
4732,African-American,Male,Less than 25,0
4735,African-American,Male,Less than 25,0
4737,African-American,Male,Greater than 45,0
4739,African-American,Male,25 - 45,1
4743,Hispanic,Male,25 - 45,0
4748,African-American,Female,25 - 45,0
4749,Caucasian,Male,Greater than 45,0
4750,Caucasian,Male,25 - 45,0
4754,African-American,Male,Greater than 45,0
4757,African-American,Male,25 - 45,1
4761,Hispanic,Male,25 - 45,1
4763,Caucasian,Male,Less than 25,0
4765,Caucasian,Male,Greater than 45,0
4766,Caucasian,Male,25 - 45,1
4767,Caucasian,Male,25 - 45,0
4769,Caucasian,Male,25 - 45,0
4772,African-American,Male,Less than 25,0
4773,African-American,Male,Less than 25,0
4774,Caucasian,Male,Greater than 45,0
4775,Caucasian,Male,25 - 45,1
4776,African-American,Male,25 - 45,1
4778,Caucasian,Male,Greater than 45,1
4780,Caucasian,Male,Less than 25,0
4783,Caucasian,Male,25 - 45,1
4784,African-American,Male,25 - 45,0
4787,African-American,Male,25 - 45,0
4789,African-American,Male,25 - 45,1
4792,African-American,Female,Less than 25,0
4793,Caucasian,Male,25 - 45,1
4794,African-American,Male,25 - 45,1
4796,Other,Male,Less than 25,0
4797,Caucasian,Male,25 - 45,0
4800,African-American,Female,25 - 45,1
4801,Other,Male,25 - 45,0
4805,African-American,Male,25 - 45,1
4808,African-American,Male,Greater than 45,1
4809,Caucasian,Female,25 - 45,1
4811,Caucasian,Male,Greater than 45,0
4812,Caucasian,Female,Less than 25,0
4815,African-American,Female,25 - 45,0
4817,African-American,Male,25 - 45,1
4820,African-American,Male,Greater than 45,1
4825,African-American,Male,Less than 25,1
4826,Hispanic,Male,25 - 45,1
4827,African-American,Female,Greater than 45,0
4828,Caucasian,Male,25 - 45,0
4831,Caucasian,Male,25 - 45,0
4833,Caucasian,Male,25 - 45,0
4834,African-American,Female,25 - 45,0
4835,African-American,Male,25 - 45,0
4837,Caucasian,Male,25 - 45,0
4839,African-American,Male,25 - 45,0
4840,Hispanic,Male,25 - 45,1
4841,Caucasian,Male,Greater than 45,0
4845,African-American,Male,25 - 45,1
4846,African-American,Male,25 - 45,0
4847,Caucasian,Male,Greater than 45,1
4851,African-American,Male,25 - 45,1
4853,Caucasian,Female,Greater than 45,1
4857,African-American,Female,25 - 45,1
4860,African-American,Female,Less than 25,0
4861,African-American,Male,25 - 45,1
4862,Other,Male,Less than 25,1
4864,African-American,Female,25 - 45,0
4865,Hispanic,Female,25 - 45,0
4866,African-American,Male,25 - 45,1
4870,Caucasian,Male,Less than 25,0
4871,Caucasian,Male,Greater than 45,1
4872,African-American,Female,25 - 45,0
4873,African-American,Female,25 - 45,1
4877,Caucasian,Male,Less than 25,1
4879,African-American,Male,25 - 45,1
4881,African-American,Male,25 - 45,0
4884,Caucasian,Male,25 - 45,0
4885,African-American,Female,25 - 45,0
4886,African-American,Male,25 - 45,1
4887,Caucasian,Male,25 - 45,1
4888,African-American,Male,Greater than 45,0
4890,African-American,Male,Less than 25,1
4893,African-American,Male,25 - 45,0
4894,Other,Female,25 - 45,0
4897,Caucasian,Male,25 - 45,1
4900,Other,Female,25 - 45,0
4904,Other,Male,Greater than 45,0
4906,African-American,Male,Less than 25,1
4907,African-American,Male,25 - 45,1
4909,Hispanic,Male,25 - 45,0
4911,African-American,Male,Less than 25,0
4912,Hispanic,Male,Less than 25,0
4914,African-American,Male,Less than 25,1
4921,Hispanic,Male,Greater than 45,0
4925,Caucasian,Male,Greater than 45,0
4927,African-American,Female,25 - 45,1
4928,Other,Male,25 - 45,0
4929,African-American,Male,Greater than 45,0
4931,Caucasian,Male,Greater than 45,1
4932,African-American,Male,Greater than 45,1
4933,African-American,Male,25 - 45,0
4934,Caucasian,Male,25 - 45,0
4935,African-American,Male,25 - 45,0
4936,African-American,Female,25 - 45,1
4937,Other,Male,Greater than 45,0
4939,African-American,Male,Less than 25,1
4940,African-American,Male,25 - 45,1
4941,Hispanic,Male,25 - 45,0
4943,African-American,Male,Greater than 45,1
4944,African-American,Male,Less than 25,1
4945,Caucasian,Female,25 - 45,1
4947,African-American,Male,Less than 25,1
4948,Caucasian,Male,25 - 45,0
4949,Caucasian,Male,Greater than 45,0
4950,African-American,Male,Less than 25,0
4951,Hispanic,Female,Greater than 45,0
4952,African-American,Male,Greater than 45,1
4953,African-American,Male,25 - 45,1
4955,African-American,Male,Less than 25,1
4956,African-American,Male,25 - 45,0
4958,Caucasian,Male,Less than 25,1
4959,Hispanic,Male,Greater than 45,1
4960,Caucasian,Female,25 - 45,1
4961,Other,Male,25 - 45,1
4964,African-American,Male,25 - 45,1
4965,Other,Male,Greater than 45,0
4967,African-American,Male,25 - 45,1
4969,African-American,Male,Less than 25,0
4970,African-American,Male,25 - 45,0
4971,African-American,Male,Less than 25,1
4973,African-American,Male,Less than 25,1
4977,Caucasian,Male,25 - 45,1
4978,African-American,Male,25 - 45,0
4979,African-American,Male,25 - 45,1
4980,Caucasian,Male,25 - 45,0
4982,Caucasian,Male,25 - 45,0
4983,Caucasian,Male,25 - 45,1
4990,Caucasian,Male,Less than 25,1
4991,African-American,Male,Greater than 45,1
4992,African-American,Male,25 - 45,1
4993,Hispanic,Male,Greater than 45,0
4994,Caucasian,Male,25 - 45,1
4996,Caucasian,Male,25 - 45,0
4998,Caucasian,Male,25 - 45,0
4999,African-American,Male,25 - 45,1
5001,African-American,Male,Less than 25,1
5003,African-American,Male,25 - 45,1
5004,African-American,Male,25 - 45,1
5005,Hispanic,Male,25 - 45,1
5009,Caucasian,Female,25 - 45,0
5010,African-American,Male,25 - 45,1
5012,Caucasian,Male,25 - 45,0
5014,African-American,Male,25 - 45,1
5015,Caucasian,Male,25 - 45,1
5017,Caucasian,Female,25 - 45,1
5019,African-American,Male,25 - 45,1
5020,African-American,Male,25 - 45,0
5022,African-American,Male,Greater than 45,0
5023,Caucasian,Male,Less than 25,1
5027,African-American,Male,25 - 45,1
5033,African-American,Male,25 - 45,0
5035,Caucasian,Male,25 - 45,0
5037,Caucasian,Female,Less than 25,0
5042,African-American,Male,Greater than 45,1
5043,Caucasian,Male,Less than 25,1
5045,Caucasian,Female,25 - 45,0
5046,African-American,Female,Less than 25,0
5047,African-American,Male,25 - 45,0
5048,African-American,Female,25 - 45,1
5049,Caucasian,Female,25 - 45,0
5050,African-American,Male,Less than 25,0
5051,Caucasian,Male,25 - 45,0
5052,Caucasian,Male,25 - 45,0
5053,African-American,Male,Less than 25,1
5054,African-American,Male,Less than 25,0
5057,African-American,Female,Greater than 45,0
5058,African-American,Male,Less than 25,1
5060,African-American,Male,Less than 25,1
5061,African-American,Female,Less than 25,1
5062,Caucasian,Female,25 - 45,1
5064,Caucasian,Male,25 - 45,1
5066,Other,Male,Less than 25,1
5067,African-American,Female,Less than 25,1
5068,Caucasian,Male,25 - 45,0
5069,African-American,Male,Less than 25,1
5071,African-American,Male,25 - 45,0
5074,African-American,Male,25 - 45,1
5075,African-American,Male,25 - 45,1
5078,African-American,Male,25 - 45,0
5086,Caucasian,Male,Greater than 45,0
5088,Caucasian,Female,25 - 45,1
5094,African-American,Female,Less than 25,0
5096,African-American,Female,25 - 45,0
5098,African-American,Male,25 - 45,1
5099,African-American,Male,Greater than 45,0
5100,Caucasian,Female,25 - 45,1
5101,African-American,Male,25 - 45,1
5103,Hispanic,Male,25 - 45,0
5106,Caucasian,Male,25 - 45,1
5108,Caucasian,Male,Greater than 45,0
5112,African-American,Male,25 - 45,1
5113,African-American,Male,Less than 25,1
5116,African-American,Male,25 - 45,1
5117,African-American,Male,Less than 25,1
5119,African-American,Male,25 - 45,1
5120,African-American,Female,Greater than 45,0
5121,African-American,Male,25 - 45,0
5122,African-American,Male,Less than 25,1
5123,African-American,Male,25 - 45,1
5126,African-American,Male,25 - 45,0
5127,Caucasian,Female,25 - 45,0
5128,Hispanic,Male,25 - 45,0
5130,African-American,Male,25 - 45,0
5131,African-American,Male,Less than 25,1
5132,African-American,Male,25 - 45,0
5133,African-American,Male,25 - 45,1
5134,Caucasian,Male,25 - 45,1
5137,African-American,Female,25 - 45,1
5138,Caucasian,Male,Less than 25,1
5140,African-American,Male,25 - 45,1
5141,African-American,Male,Greater than 45,1
5142,African-American,Female,Greater than 45,0
5143,Caucasian,Female,Less than 25,0
5147,Other,Male,Less than 25,1
5148,Caucasian,Male,25 - 45,1
5149,African-American,Male,25 - 45,1
5150,African-American,Male,25 - 45,0
5151,Caucasian,Female,Greater than 45,0
5152,African-American,Male,25 - 45,1
5153,African-American,Male,25 - 45,1
5154,African-American,Male,25 - 45,1
5155,African-American,Male,25 - 45,1
5158,African-American,Male,Greater than 45,0
5160,African-American,Male,25 - 45,0
5162,Caucasian,Female,25 - 45,0
5163,Hispanic,Male,25 - 45,1
5166,Caucasian,Male,25 - 45,0
5168,African-American,Male,Less than 25,1
5170,Other,Male,Less than 25,1
5171,Caucasian,Male,25 - 45,0
5172,African-American,Male,25 - 45,0
5173,African-American,Female,25 - 45,1
5174,African-American,Male,25 - 45,0
5176,African-American,Male,25 - 45,0
5177,Hispanic,Male,25 - 45,1
5178,African-American,Female,25 - 45,0
5179,African-American,Male,25 - 45,1
5180,Other,Female,25 - 45,0
5181,Caucasian,Male,Greater than 45,0
5182,Caucasian,Male,Greater than 45,0
5183,African-American,Male,Less than 25,0
5184,African-American,Male,25 - 45,0
5186,African-American,Male,Greater than 45,0
5187,Caucasian,Male,Greater than 45,0
5188,African-American,Male,25 - 45,1
5189,Caucasian,Female,25 - 45,0
5190,Other,Male,25 - 45,1
5191,Other,Male,Less than 25,1
5193,African-American,Female,25 - 45,1
5194,African-American,Male,Greater than 45,0
5198,Caucasian,Male,25 - 45,0
5201,African-American,Male,Less than 25,1
5203,African-American,Male,Less than 25,1
5204,African-American,Female,25 - 45,0
5205,Caucasian,Male,Less than 25,0
5207,Caucasian,Female,25 - 45,1
5209,Caucasian,Male,25 - 45,0
5215,Caucasian,Male,25 - 45,0
5216,African-American,Male,25 - 45,1
5217,African-American,Male,25 - 45,1
5218,Caucasian,Male,Greater than 45,0
5219,Caucasian,Female,Greater than 45,1
5222,African-American,Male,Less than 25,1
5223,African-American,Female,Less than 25,1
5224,African-American,Male,25 - 45,1
5225,African-American,Male,Less than 25,1
5231,Hispanic,Male,25 - 45,1
5232,Caucasian,Male,Less than 25,1
5243,African-American,Male,Less than 25,1
5244,Caucasian,Male,25 - 45,0
5246,Caucasian,Female,Greater than 45,0
5247,African-American,Male,Less than 25,1
5249,African-American,Male,25 - 45,0
5251,Caucasian,Male,Less than 25,0
5252,Other,Male,25 - 45,0
5253,Caucasian,Male,25 - 45,1
5255,African-American,Female,25 - 45,0
5258,Caucasian,Male,Greater than 45,0
5259,Hispanic,Male,Greater than 45,1
5260,African-American,Male,25 - 45,0
5261,Caucasian,Male,25 - 45,1
5263,African-American,Male,Less than 25,1
5264,Other,Male,Less than 25,0
5265,African-American,Male,Less than 25,1
5266,Caucasian,Male,Greater than 45,0
5270,African-American,Male,25 - 45,0
5271,Caucasian,Female,25 - 45,1
5272,Caucasian,Male,25 - 45,0
5274,African-American,Male,Less than 25,1
5278,Caucasian,Male,Less than 25,1
5279,Other,Male,Less than 25,1
5280,Caucasian,Male,25 - 45,1
5281,Hispanic,Male,Less than 25,0
5282,Caucasian,Male,25 - 45,1
5287,Other,Male,25 - 45,0
5289,African-American,Male,25 - 45,1
5290,Caucasian,Male,Greater than 45,0
5293,African-American,Female,25 - 45,0
5294,African-American,Male,25 - 45,0
5295,African-American,Male,25 - 45,1
5297,African-American,Female,25 - 45,1
5298,Caucasian,Male,25 - 45,0
5301,African-American,Male,25 - 45,1
5308,Other,Male,25 - 45,0
5309,Caucasian,Female,25 - 45,0
5312,Caucasian,Male,25 - 45,1
5313,Caucasian,Male,25 - 45,1
5314,African-American,Male,25 - 45,0
5315,Hispanic,Male,25 - 45,0
5316,African-American,Male,25 - 45,1
5318,Hispanic,Male,Greater than 45,1
5321,Caucasian,Female,Less than 25,1
5322,Caucasian,Male,Greater than 45,0
5324,Caucasian,Male,Greater than 45,1
5326,Caucasian,Male,25 - 45,1
5327,Caucasian,Male,25 - 45,1
5330,African-American,Male,25 - 45,1
5331,African-American,Male,25 - 45,0
5332,Caucasian,Male,25 - 45,0
5333,African-American,Male,Less than 25,0
5334,African-American,Male,25 - 45,0
5335,Caucasian,Male,Greater than 45,0
5337,African-American,Male,Greater than 45,1
5339,Caucasian,Male,Greater than 45,1
5341,Caucasian,Male,25 - 45,1
5342,Caucasian,Male,Greater than 45,0
5344,Caucasian,Male,25 - 45,0
5346,African-American,Male,25 - 45,0
5347,African-American,Male,25 - 45,0
5348,African-American,Female,25 - 45,1
5349,Caucasian,Male,Less than 25,1
5350,Caucasian,Female,25 - 45,1
5351,Caucasian,Male,Less than 25,0
5352,African-American,Male,Less than 25,1
5354,African-American,Male,Less than 25,1
5358,African-American,Male,25 - 45,1
5360,Caucasian,Male,Greater than 45,0
5363,African-American,Male,25 - 45,0
5364,Caucasian,Female,25 - 45,0
5365,Caucasian,Male,Greater than 45,0
5366,Caucasian,Male,Greater than 45,1
5367,African-American,Male,25 - 45,1
5369,African-American,Male,Greater than 45,0
5371,Caucasian,Female,25 - 45,1
5372,African-American,Female,25 - 45,0
5373,Hispanic,Male,Less than 25,0
5374,Other,Male,Less than 25,1
5379,African-American,Male,25 - 45,0
5380,African-American,Male,25 - 45,1
5381,African-American,Male,25 - 45,0
5382,Other,Male,25 - 45,0
5383,African-American,Female,Less than 25,1
5386,Caucasian,Female,25 - 45,0
5387,African-American,Male,25 - 45,1
5388,Caucasian,Male,25 - 45,1
5389,African-American,Male,Less than 25,0
5390,African-American,Male,Less than 25,1
5391,Caucasian,Female,25 - 45,0
5392,African-American,Male,Greater than 45,0
5394,Caucasian,Male,Greater than 45,0
5395,African-American,Male,25 - 45,1
5398,African-American,Male,Less than 25,0
5399,Caucasian,Male,Greater than 45,0
5400,African-American,Male,25 - 45,0
5402,African-American,Female,Less than 25,1
5403,African-American,Male,25 - 45,1
5404,African-American,Female,25 - 45,0
5405,African-American,Male,25 - 45,0
5410,Other,Female,25 - 45,0
5411,African-American,Male,Less than 25,1
5416,African-American,Male,25 - 45,0
5417,Caucasian,Male,25 - 45,0
5418,African-American,Male,25 - 45,0
5420,African-American,Male,Less than 25,1
5423,Caucasian,Male,Greater than 45,0
5425,African-American,Female,25 - 45,1
5427,African-American,Female,25 - 45,0
5428,Caucasian,Male,25 - 45,1
5430,African-American,Male,Less than 25,1
5431,Caucasian,Female,25 - 45,1
5432,Caucasian,Male,Greater than 45,1
5433,African-American,Female,Less than 25,1
5434,African-American,Male,Greater than 45,1
5436,Caucasian,Female,Greater than 45,0
5438,African-American,Male,Less than 25,1
5439,Other,Male,25 - 45,1
5440,African-American,Female,25 - 45,1
5441,African-American,Male,Greater than 45,0
5443,African-American,Male,25 - 45,0
5444,Caucasian,Female,25 - 45,1
5446,African-American,Male,Greater than 45,0
5447,African-American,Male,25 - 45,1
5448,Caucasian,Male,25 - 45,0
5449,Caucasian,Male,25 - 45,0
5451,Caucasian,Female,25 - 45,0
5453,African-American,Female,Less than 25,1
5454,Caucasian,Female,25 - 45,1
5455,Caucasian,Female,25 - 45,0
5456,African-American,Male,25 - 45,1
5458,African-American,Male,Less than 25,1
5459,African-American,Male,Greater than 45,0
5461,African-American,Male,25 - 45,0
5463,African-American,Male,Less than 25,1
5465,African-American,Female,Less than 25,1
5472,Caucasian,Female,25 - 45,1
5473,African-American,Male,Less than 25,0
5474,African-American,Male,25 - 45,0
5475,African-American,Male,25 - 45,0
5476,Other,Male,Less than 25,1
5477,Caucasian,Male,25 - 45,0
5479,African-American,Male,Less than 25,0
5482,Other,Male,25 - 45,1
5483,Caucasian,Male,25 - 45,0
5484,Caucasian,Male,Greater than 45,0
5485,African-American,Male,Less than 25,1
5489,African-American,Male,Less than 25,1
5491,Caucasian,Male,Less than 25,0
5494,Hispanic,Male,Greater than 45,1
5495,African-American,Male,Greater than 45,0
5496,African-American,Female,Less than 25,0
5497,Hispanic,Male,25 - 45,0
5500,Caucasian,Male,Greater than 45,0
5501,African-American,Male,25 - 45,1
5502,African-American,Male,Less than 25,1
5505,African-American,Male,Greater than 45,0
5506,Caucasian,Male,Less than 25,1
5508,African-American,Male,25 - 45,0
5511,Caucasian,Female,25 - 45,0
5512,Hispanic,Male,Greater than 45,0
5514,Other,Male,Greater than 45,0
5515,African-American,Male,Greater than 45,0
5517,Other,Male,25 - 45,0
5518,Caucasian,Male,25 - 45,0
5519,African-American,Male,25 - 45,0
5520,Caucasian,Male,Greater than 45,0
5522,Other,Female,25 - 45,0
5524,African-American,Male,25 - 45,0
5525,Caucasian,Male,25 - 45,1
5528,Caucasian,Female,25 - 45,0
5531,Caucasian,Male,Less than 25,1
5532,Hispanic,Female,25 - 45,1
5534,Hispanic,Male,25 - 45,0
5535,Caucasian,Male,Less than 25,1
5537,African-American,Female,Less than 25,1
5539,African-American,Male,25 - 45,1
5542,African-American,Female,25 - 45,0
5543,Caucasian,Male,Greater than 45,1
5544,African-American,Female,Less than 25,0
5545,Caucasian,Male,25 - 45,1
5546,Caucasian,Male,Greater than 45,0
5550,African-American,Male,Less than 25,1
5551,African-American,Male,25 - 45,0
5552,African-American,Male,Greater than 45,1
5553,Caucasian,Male,Less than 25,0
5554,African-American,Male,25 - 45,0
5556,African-American,Male,Greater than 45,1
5557,African-American,Male,Greater than 45,1
5558,Caucasian,Male,25 - 45,0
5560,Hispanic,Male,Greater than 45,0
5561,African-American,Male,25 - 45,0
5563,Caucasian,Male,25 - 45,1
5564,African-American,Male,25 - 45,1
5567,African-American,Female,25 - 45,0
5569,Other,Male,Greater than 45,0
5573,Caucasian,Female,25 - 45,0
5574,African-American,Male,25 - 45,1
5575,African-American,Female,25 - 45,1
5578,African-American,Male,Less than 25,1
5579,African-American,Male,25 - 45,0
5583,African-American,Male,25 - 45,1
5584,African-American,Male,Greater than 45,0
5586,African-American,Male,25 - 45,1
5590,Caucasian,Female,25 - 45,0
5591,African-American,Male,25 - 45,1
5592,Caucasian,Male,25 - 45,1
5593,Caucasian,Male,25 - 45,1
5594,Caucasian,Male,Less than 25,1
5596,Caucasian,Male,25 - 45,0
5598,Hispanic,Male,25 - 45,0
5599,Caucasian,Female,25 - 45,0
5600,African-American,Male,25 - 45,1
5601,Caucasian,Male,Greater than 45,0
5603,Caucasian,Female,25 - 45,1
5604,African-American,Male,25 - 45,0
5605,African-American,Male,25 - 45,0
5607,Caucasian,Male,25 - 45,0
5609,African-American,Male,Greater than 45,1
5611,Other,Male,25 - 45,1
5613,Caucasian,Male,Greater than 45,1
5614,African-American,Male,25 - 45,1
5617,Caucasian,Male,Greater than 45,0
5621,Caucasian,Male,Greater than 45,0
5623,Caucasian,Male,25 - 45,1
5627,African-American,Male,25 - 45,1
5628,Caucasian,Male,25 - 45,0
5631,Hispanic,Male,25 - 45,0
5632,Caucasian,Female,25 - 45,1
5633,African-American,Male,25 - 45,0
5634,Caucasian,Male,25 - 45,0
5635,Caucasian,Female,Greater than 45,0
5637,Other,Male,Greater than 45,0
5638,Hispanic,Male,25 - 45,0
5639,Caucasian,Male,25 - 45,1
5646,African-American,Male,Less than 25,1
5647,African-American,Female,25 - 45,1
5650,African-American,Male,25 - 45,0
5651,Caucasian,Male,25 - 45,0
5652,African-American,Female,25 - 45,1
5654,African-American,Male,25 - 45,0
5655,Caucasian,Female,25 - 45,0
5657,African-American,Male,25 - 45,1
5658,African-American,Male,Less than 25,1
5659,Caucasian,Female,25 - 45,0
5660,Caucasian,Male,25 - 45,0
5664,African-American,Female,25 - 45,0
5665,Caucasian,Female,Greater than 45,0
5666,Caucasian,Male,25 - 45,0
5667,Hispanic,Male,25 - 45,1
5668,African-American,Male,25 - 45,0
5669,African-American,Male,25 - 45,1
5671,Caucasian,Male,25 - 45,1
5672,Other,Male,25 - 45,0
5673,African-American,Male,25 - 45,1
5675,Caucasian,Male,Greater than 45,1
5676,Caucasian,Female,Less than 25,0
5677,Caucasian,Male,Greater than 45,1
5678,African-American,Male,25 - 45,1
5680,African-American,Male,25 - 45,1
5681,African-American,Male,25 - 45,1
5684,African-American,Male,Less than 25,0
5685,Hispanic,Male,25 - 45,0
5686,Caucasian,Female,Greater than 45,0
5687,Caucasian,Male,25 - 45,1
5689,Caucasian,Male,Less than 25,0
5692,Caucasian,Male,25 - 45,1
5693,African-American,Male,25 - 45,1
5695,Caucasian,Female,Greater than 45,0
5697,African-American,Female,Less than 25,0
5698,Hispanic,Male,25 - 45,0
5699,Hispanic,Female,25 - 45,0
5700,Caucasian,Female,25 - 45,1
5701,Hispanic,Male,Less than 25,1
5703,Hispanic,Male,Greater than 45,0
5711,Caucasian,Male,Greater than 45,1
5713,Other,Male,25 - 45,1
5716,African-American,Male,25 - 45,0
5717,African-American,Male,25 - 45,1
5719,African-American,Male,Less than 25,0
5722,African-American,Male,Greater than 45,0
5724,Caucasian,Male,Greater than 45,0
5725,African-American,Male,Less than 25,1
5726,Caucasian,Female,Greater than 45,1
5727,African-American,Male,25 - 45,0
5728,African-American,Female,25 - 45,0
5729,Caucasian,Male,Less than 25,1
5730,African-American,Female,25 - 45,1
5732,Caucasian,Female,25 - 45,1
5733,African-American,Male,Less than 25,0
5735,African-American,Male,25 - 45,1
5736,Caucasian,Female,Greater than 45,0
5738,African-American,Male,Greater than 45,0
5740,African-American,Male,25 - 45,1
5741,Caucasian,Male,25 - 45,0
5742,African-American,Male,25 - 45,0
5743,Caucasian,Male,Greater than 45,0
5745,African-American,Male,25 - 45,0
5748,African-American,Male,Less than 25,1
5749,Asian,Male,25 - 45,0
5753,Caucasian,Male,25 - 45,0
5754,African-American,Male,25 - 45,1
5756,African-American,Male,25 - 45,0
5757,African-American,Male,25 - 45,0
5759,African-American,Male,25 - 45,0
5760,Caucasian,Male,25 - 45,0
5761,Caucasian,Male,25 - 45,0
5762,Caucasian,Female,25 - 45,1
5763,Hispanic,Male,25 - 45,0
5765,African-American,Male,Greater than 45,0
5768,African-American,Male,Greater than 45,0
5769,African-American,Female,25 - 45,0
5772,Caucasian,Male,25 - 45,1
5773,African-American,Male,25 - 45,0
5774,Caucasian,Male,Greater than 45,0
5776,Caucasian,Male,25 - 45,0
5779,African-American,Female,25 - 45,1
5782,Hispanic,Female,25 - 45,1
5784,Caucasian,Male,25 - 45,1
5785,African-American,Male,25 - 45,0
5787,Caucasian,Male,Greater than 45,0
5789,Hispanic,Female,Greater than 45,0
5792,Caucasian,Male,25 - 45,1
5793,African-American,Female,25 - 45,1
5795,Caucasian,Female,25 - 45,0
5797,Hispanic,Male,Greater than 45,0
5801,Caucasian,Male,Greater than 45,1
5804,African-American,Male,Less than 25,1
5806,Caucasian,Male,25 - 45,1
5808,African-American,Male,25 - 45,1
5809,African-American,Male,Greater than 45,0
5810,African-American,Male,25 - 45,1
5811,African-American,Male,Less than 25,1
5812,African-American,Male,Greater than 45,0
5813,African-American,Male,25 - 45,1
5814,Caucasian,Male,25 - 45,1
5816,African-American,Male,25 - 45,1
5817,Caucasian,Male,25 - 45,1
5818,African-American,Male,Less than 25,0
5820,Caucasian,Male,Less than 25,1
5821,Caucasian,Male,25 - 45,0
5824,African-American,Female,25 - 45,0
5825,African-American,Male,Less than 25,1
5826,Caucasian,Male,Greater than 45,0
5827,African-American,Male,Less than 25,1
5828,African-American,Male,25 - 45,1
5831,African-American,Male,Less than 25,0
5832,Caucasian,Male,Greater than 45,0
5833,Caucasian,Male,Greater than 45,0
5836,African-American,Male,Less than 25,1
5837,Caucasian,Female,25 - 45,0
5838,Caucasian,Male,25 - 45,1
5842,African-American,Male,25 - 45,1
5846,Hispanic,Male,25 - 45,0
5849,African-American,Male,25 - 45,0
5850,Caucasian,Female,25 - 45,1
5851,Caucasian,Male,25 - 45,1
5852,African-American,Female,Greater than 45,0
5853,African-American,Male,25 - 45,1
5854,African-American,Male,25 - 45,0
5856,African-American,Male,25 - 45,1
5857,African-American,Male,Less than 25,0
5858,Caucasian,Male,25 - 45,0
5863,African-American,Male,Greater than 45,1
5864,Hispanic,Male,25 - 45,1
5865,African-American,Male,25 - 45,1
5867,Other,Male,25 - 45,0
5869,Caucasian,Male,25 - 45,0
5871,Caucasian,Male,Greater than 45,0
5873,African-American,Male,25 - 45,1
5875,African-American,Male,Less than 25,1
5877,African-American,Male,25 - 45,0
5878,Other,Female,25 - 45,1
5880,African-American,Male,25 - 45,0
5881,African-American,Male,25 - 45,0
5882,African-American,Male,25 - 45,1
5883,Caucasian,Female,25 - 45,1
5885,Caucasian,Male,Greater than 45,1
5886,Caucasian,Male,Greater than 45,0
5887,African-American,Male,Less than 25,1
5889,African-American,Female,Greater than 45,1
5890,African-American,Male,25 - 45,1
5891,Caucasian,Male,25 - 45,0
5892,African-American,Female,Less than 25,1
5895,Caucasian,Male,Less than 25,0
5898,Caucasian,Male,Less than 25,0
5899,African-American,Male,25 - 45,0
5902,African-American,Male,Less than 25,1
5904,African-American,Male,25 - 45,1
5905,Caucasian,Male,Greater than 45,1
5906,African-American,Female,25 - 45,0
5907,African-American,Male,25 - 45,0
5914,African-American,Male,25 - 45,0
5915,Caucasian,Male,Less than 25,1
5916,African-American,Male,25 - 45,1
5917,African-American,Male,25 - 45,1
5921,Caucasian,Male,Greater than 45,1
5923,Caucasian,Male,25 - 45,0
5926,African-American,Male,Greater than 45,0
5928,Caucasian,Male,Greater than 45,0
5929,Caucasian,Male,25 - 45,1
5930,Caucasian,Female,25 - 45,1
5931,Caucasian,Female,25 - 45,0
5934,African-American,Male,25 - 45,1
5935,African-American,Male,Less than 25,1
5937,African-American,Male,25 - 45,1
5938,African-American,Male,25 - 45,1
5939,Caucasian,Male,Greater than 45,0
5942,Caucasian,Male,25 - 45,1
5943,Other,Male,25 - 45,0
5946,Hispanic,Male,Less than 25,0
5947,Caucasian,Male,25 - 45,0
5951,Hispanic,Female,25 - 45,0
5953,Hispanic,Male,Greater than 45,0
5954,Hispanic,Male,Greater than 45,0
5957,Other,Male,25 - 45,1
5958,African-American,Male,Less than 25,1
5960,Caucasian,Male,Greater than 45,0
5963,Caucasian,Male,Less than 25,1
5964,African-American,Female,Less than 25,0
5968,Caucasian,Male,Greater than 45,1
5969,Caucasian,Male,25 - 45,1
5970,Caucasian,Male,25 - 45,0
5971,Caucasian,Male,Greater than 45,0
5973,Caucasian,Male,Greater than 45,1
5974,African-American,Male,Less than 25,0
5975,Caucasian,Male,Greater than 45,0
5976,Caucasian,Male,25 - 45,1
5978,African-American,Male,25 - 45,0
5981,Caucasian,Female,25 - 45,1
5982,African-American,Male,25 - 45,1
5984,African-American,Male,25 - 45,0
5985,Caucasian,Male,Greater than 45,0
5987,Caucasian,Male,25 - 45,1
5988,Caucasian,Female,Less than 25,0
5989,Caucasian,Female,25 - 45,0
5992,African-American,Male,Less than 25,0
5993,Caucasian,Male,Greater than 45,0
5994,African-American,Female,Less than 25,1
5995,Caucasian,Male,25 - 45,0
5996,African-American,Male,25 - 45,1
5997,Caucasian,Male,Less than 25,0
6000,African-American,Female,Less than 25,1
6001,African-American,Male,25 - 45,1
6002,African-American,Female,25 - 45,0
6004,Other,Male,25 - 45,0
6006,African-American,Female,25 - 45,0
6010,Caucasian,Male,Greater than 45,0
6011,Caucasian,Male,Less than 25,0
6013,Caucasian,Male,25 - 45,0
6019,Caucasian,Male,25 - 45,1
6021,Caucasian,Male,25 - 45,1
6022,Caucasian,Male,Greater than 45,1
6023,Other,Male,Greater than 45,0
6027,African-American,Male,25 - 45,1
6030,African-American,Male,Greater than 45,0
6032,African-American,Male,Less than 25,0
6034,Caucasian,Male,Less than 25,1
6035,Asian,Male,Greater than 45,0
6036,Other,Male,Less than 25,0
6040,African-American,Male,25 - 45,1
6041,Caucasian,Male,Greater than 45,0
6042,Caucasian,Male,25 - 45,1
6043,Caucasian,Male,Greater than 45,0
6044,African-American,Male,Less than 25,1
6046,African-American,Male,Greater than 45,0
6047,Caucasian,Male,Greater than 45,0
6048,African-American,Male,25 - 45,0
6051,African-American,Male,Less than 25,0
6055,African-American,Female,Less than 25,1
6056,Caucasian,Male,25 - 45,1
6058,Other,Male,25 - 45,1
6062,Caucasian,Male,Greater than 45,0
6064,Caucasian,Female,25 - 45,0
6065,African-American,Male,Greater than 45,0
6066,Caucasian,Male,Greater than 45,0
6067,African-American,Male,25 - 45,1
6070,African-American,Male,25 - 45,1
6071,African-American,Male,Greater than 45,0
6073,Caucasian,Male,25 - 45,0
6074,Other,Male,Greater than 45,0
6075,African-American,Male,25 - 45,1
6078,Caucasian,Female,25 - 45,0
6080,African-American,Male,25 - 45,1
6081,Caucasian,Female,25 - 45,0
6084,African-American,Male,25 - 45,0
6085,African-American,Male,25 - 45,0
6089,African-American,Male,25 - 45,1
6094,Caucasian,Male,25 - 45,1
6095,African-American,Male,25 - 45,1
6096,African-American,Male,Less than 25,1
6097,Caucasian,Male,25 - 45,1
6100,Caucasian,Male,25 - 45,1
6101,Caucasian,Male,25 - 45,0
6105,African-American,Male,25 - 45,0
6106,African-American,Male,25 - 45,0
6107,Caucasian,Female,Less than 25,0
6108,African-American,Male,25 - 45,1
6109,Caucasian,Male,Less than 25,0
6110,Caucasian,Female,Less than 25,0
6111,African-American,Female,Greater than 45,0
6112,African-American,Male,25 - 45,1
6113,African-American,Male,Greater than 45,1
6114,Caucasian,Female,25 - 45,0
6116,African-American,Male,25 - 45,1
6117,African-American,Male,25 - 45,1
6123,Caucasian,Female,Less than 25,0
6125,African-American,Male,25 - 45,0
6127,African-American,Male,25 - 45,0
6131,African-American,Male,Greater than 45,0
6133,Caucasian,Male,Greater than 45,0
6135,African-American,Male,25 - 45,1
6137,Caucasian,Male,Greater than 45,0
6140,African-American,Male,25 - 45,0
6143,African-American,Male,Greater than 45,1
6146,African-American,Male,25 - 45,0
6147,African-American,Male,Less than 25,1
6148,African-American,Female,25 - 45,0
6149,African-American,Male,Less than 25,1
6150,Caucasian,Male,25 - 45,0
6152,African-American,Male,25 - 45,0
6153,African-American,Male,25 - 45,0
6154,African-American,Male,25 - 45,0
6156,Caucasian,Male,25 - 45,0
6159,African-American,Male,25 - 45,0
6160,African-American,Male,25 - 45,1
6161,African-American,Male,25 - 45,0
6162,Caucasian,Female,25 - 45,0
6164,African-American,Female,25 - 45,0
6165,Caucasian,Male,25 - 45,1
6166,Caucasian,Male,Less than 25,1
6169,Caucasian,Male,Less than 25,1
6170,African-American,Male,25 - 45,1
6171,African-American,Female,Greater than 45,0
6172,Caucasian,Male,25 - 45,1
6173,African-American,Male,Greater than 45,0
6177,African-American,Male,Less than 25,0
6178,Caucasian,Male,25 - 45,0
6179,Caucasian,Male,25 - 45,1
6182,African-American,Male,25 - 45,0
6183,Caucasian,Female,Less than 25,0
6185,African-American,Male,25 - 45,1
6189,Caucasian,Female,Greater than 45,0
6191,African-American,Female,25 - 45,0
6192,Caucasian,Male,Greater than 45,0
6193,African-American,Male,25 - 45,0
6195,Caucasian,Female,Less than 25,1
6196,African-American,Male,Less than 25,1
6198,Caucasian,Male,Greater than 45,0
6200,Hispanic,Male,25 - 45,0
6201,Caucasian,Female,Greater than 45,0
6202,Hispanic,Male,25 - 45,1
6203,African-American,Male,25 - 45,0
6205,African-American,Male,Greater than 45,1
6206,Hispanic,Male,Greater than 45,0
6207,African-American,Male,25 - 45,1
6208,African-American,Male,25 - 45,0
6210,African-American,Male,Less than 25,1
6212,African-American,Male,Greater than 45,0
6215,Other,Female,Less than 25,0
6216,African-American,Male,Less than 25,1
6221,Caucasian,Male,25 - 45,0
6222,Other,Male,Less than 25,1
6223,Other,Male,Greater than 45,0
6224,Hispanic,Male,Less than 25,0
6226,Caucasian,Female,25 - 45,1
6228,Caucasian,Male,Greater than 45,0
6229,Caucasian,Male,25 - 45,1
6230,Other,Female,Greater than 45,0
6231,African-American,Male,Greater than 45,0
6236,Asian,Male,25 - 45,0
6238,Hispanic,Male,25 - 45,0
6239,African-American,Male,Greater than 45,0
6240,African-American,Male,Greater than 45,0
6241,Caucasian,Male,25 - 45,0
6242,Caucasian,Female,Greater than 45,0
6244,Hispanic,Male,25 - 45,1
6247,African-American,Male,25 - 45,1
6248,Caucasian,Male,25 - 45,0
6249,Caucasian,Male,25 - 45,1
6250,African-American,Male,Less than 25,1
6251,African-American,Male,25 - 45,0
6256,African-American,Male,25 - 45,1
6259,Caucasian,Male,Greater than 45,0
6260,Caucasian,Male,25 - 45,1
6264,African-American,Female,25 - 45,0
6267,Caucasian,Female,Greater than 45,1
6268,African-American,Female,25 - 45,0
6271,Caucasian,Male,25 - 45,0
6274,Hispanic,Male,25 - 45,1
6278,African-American,Female,25 - 45,0
6280,African-American,Male,25 - 45,0
6281,Caucasian,Male,25 - 45,0
6282,Hispanic,Male,Less than 25,1
6284,African-American,Male,Less than 25,0
6285,Caucasian,Female,25 - 45,1
6286,African-American,Male,Less than 25,1
6287,Caucasian,Male,25 - 45,0
6289,Caucasian,Female,25 - 45,1
6292,African-American,Male,Greater than 45,0
6293,African-American,Female,25 - 45,0
6296,African-American,Male,25 - 45,1
6297,Caucasian,Female,25 - 45,0
6299,African-American,Female,Less than 25,0
6300,African-American,Male,25 - 45,0
6301,African-American,Male,25 - 45,1
6302,African-American,Male,Less than 25,0
6303,Hispanic,Female,25 - 45,0
6304,African-American,Male,25 - 45,1
6312,African-American,Male,25 - 45,1
6314,Caucasian,Male,Less than 25,1
6315,African-American,Male,25 - 45,1
6317,Caucasian,Male,25 - 45,1
6319,African-American,Male,Less than 25,1
6320,African-American,Male,25 - 45,1
6322,Caucasian,Male,25 - 45,1
6323,Caucasian,Male,Greater than 45,1
6324,Hispanic,Male,Less than 25,0
6326,Caucasian,Male,Less than 25,1
6328,African-American,Female,Greater than 45,0
6330,Caucasian,Female,25 - 45,0
6332,African-American,Male,Greater than 45,1
6335,African-American,Male,25 - 45,0
6336,African-American,Male,25 - 45,1
6337,African-American,Male,Greater than 45,0
6338,African-American,Male,25 - 45,1
6339,African-American,Male,Greater than 45,1
6341,Other,Male,25 - 45,0
6345,African-American,Male,Less than 25,0
6347,African-American,Male,Less than 25,1
6349,African-American,Female,25 - 45,0
6353,African-American,Male,Greater than 45,0
6354,Caucasian,Female,Greater than 45,1
6356,Hispanic,Male,25 - 45,1
6359,African-American,Male,Greater than 45,1
6360,Caucasian,Male,25 - 45,0
6361,African-American,Male,Less than 25,0
6362,Hispanic,Female,25 - 45,1
6365,African-American,Male,Greater than 45,1
6367,African-American,Male,25 - 45,1
6368,African-American,Male,25 - 45,1
6371,African-American,Male,25 - 45,1
6372,African-American,Male,25 - 45,1
6373,African-American,Male,25 - 45,1
6375,African-American,Male,25 - 45,1
6376,African-American,Male,Greater than 45,0
6377,Caucasian,Male,25 - 45,1
6379,Caucasian,Male,Less than 25,0
6380,African-American,Male,25 - 45,0
6381,African-American,Male,25 - 45,1
6382,African-American,Male,25 - 45,0
6383,Caucasian,Male,Greater than 45,1
6384,African-American,Male,Less than 25,1
6386,Hispanic,Male,25 - 45,1
6387,Hispanic,Female,Less than 25,0
6389,Caucasian,Female,25 - 45,1
6391,African-American,Male,Less than 25,1
6392,African-American,Male,Greater than 45,1
6393,African-American,Male,Less than 25,1
6394,African-American,Male,Greater than 45,0
6396,Caucasian,Male,Greater than 45,0
6398,Caucasian,Female,25 - 45,0
6399,Caucasian,Male,25 - 45,0
6400,African-American,Male,25 - 45,1
6401,Caucasian,Male,Greater than 45,0
6402,African-American,Female,25 - 45,0
6409,African-American,Male,25 - 45,1
6412,Other,Male,Less than 25,0
6413,African-American,Male,Greater than 45,0
6420,African-American,Male,Less than 25,1
6422,African-American,Female,Less than 25,0
6424,Hispanic,Male,Greater than 45,0
6425,African-American,Female,25 - 45,0
6426,Other,Male,25 - 45,1
6428,Caucasian,Female,25 - 45,1
6430,African-American,Male,Greater than 45,0
6431,Other,Female,Less than 25,1
6432,Caucasian,Female,25 - 45,0
6433,Caucasian,Female,25 - 45,1
6436,Hispanic,Male,25 - 45,0
6439,African-American,Male,25 - 45,1
6441,African-American,Male,25 - 45,0
6442,African-American,Male,Less than 25,1
6443,Caucasian,Male,25 - 45,0
6446,Caucasian,Male,25 - 45,1
6447,African-American,Male,Less than 25,0
6448,Caucasian,Male,25 - 45,1
6449,African-American,Male,Greater than 45,1
6450,African-American,Male,25 - 45,0
6451,African-American,Male,25 - 45,1
6453,African-American,Male,25 - 45,1
6458,Hispanic,Female,25 - 45,0
6459,African-American,Male,Greater than 45,1
6462,African-American,Male,Less than 25,1
6463,African-American,Male,25 - 45,0
6466,Caucasian,Male,Greater than 45,0
6467,African-American,Male,25 - 45,0
6468,African-American,Female,Greater than 45,0
6469,Other,Male,Less than 25,1
6470,African-American,Female,Less than 25,1
6471,Caucasian,Male,Greater than 45,1
6473,African-American,Male,25 - 45,1
6477,Caucasian,Male,Greater than 45,1
6478,Hispanic,Female,25 - 45,1
6480,African-American,Male,25 - 45,1
6481,African-American,Female,Less than 25,0
6482,African-American,Male,25 - 45,1
6483,Caucasian,Male,Greater than 45,0
6484,Caucasian,Female,Greater than 45,0
6485,African-American,Male,Greater than 45,0
6487,African-American,Female,25 - 45,0
6488,Caucasian,Female,Greater than 45,0
6489,African-American,Male,25 - 45,1
6490,African-American,Male,Less than 25,1
6491,Caucasian,Female,25 - 45,1
6492,Caucasian,Male,25 - 45,0
6495,Asian,Male,25 - 45,0
6496,Caucasian,Male,Less than 25,0
6497,African-American,Male,25 - 45,1
6500,Caucasian,Female,Less than 25,0
6501,African-American,Female,Greater than 45,0
6502,African-American,Male,25 - 45,1
6503,Hispanic,Male,25 - 45,1
6505,Caucasian,Male,25 - 45,0
6508,African-American,Female,25 - 45,0
6511,African-American,Male,25 - 45,1
6512,Caucasian,Male,25 - 45,0
6514,Caucasian,Male,25 - 45,0
6520,African-American,Female,25 - 45,0
6521,Caucasian,Female,25 - 45,1
6522,African-American,Male,Less than 25,1
6524,Caucasian,Male,25 - 45,0
6525,Caucasian,Male,Greater than 45,1
6526,Hispanic,Female,25 - 45,0
6527,African-American,Female,Less than 25,0
6528,African-American,Male,25 - 45,1
6529,Other,Male,Less than 25,1
6531,African-American,Male,Less than 25,1
6533,Hispanic,Female,Less than 25,0
6534,African-American,Female,25 - 45,0
6535,Caucasian,Male,Less than 25,1
6536,Caucasian,Male,Greater than 45,0
6537,Caucasian,Male,25 - 45,1
6539,Other,Male,25 - 45,0
6546,Hispanic,Male,25 - 45,0
6547,Hispanic,Male,Less than 25,1
6548,African-American,Male,Less than 25,1
6549,African-American,Male,Greater than 45,1
6550,African-American,Male,Greater than 45,1
6551,Caucasian,Male,25 - 45,0
6552,Caucasian,Female,Greater than 45,1
6554,African-American,Female,25 - 45,0
6558,Caucasian,Male,Greater than 45,1
6560,African-American,Female,Greater than 45,0
6563,Caucasian,Male,25 - 45,1
6564,Caucasian,Male,25 - 45,0
6566,African-American,Male,25 - 45,1
6570,Caucasian,Male,Greater than 45,0
6571,African-American,Male,Greater than 45,1
6572,Caucasian,Male,25 - 45,0
6573,Other,Male,25 - 45,1
6574,African-American,Female,25 - 45,1
6577,Caucasian,Male,25 - 45,0
6580,Caucasian,Male,Greater than 45,0
6583,African-American,Male,25 - 45,0
6584,Caucasian,Male,25 - 45,0
6585,African-American,Male,25 - 45,1
6586,Caucasian,Female,Greater than 45,1
6587,African-American,Male,Less than 25,1
6588,African-American,Male,Less than 25,0
6589,African-American,Female,25 - 45,1
6591,African-American,Female,Greater than 45,0
6592,Caucasian,Female,Greater than 45,0
6593,African-American,Male,Greater than 45,0
6594,African-American,Male,Less than 25,0
6595,African-American,Male,25 - 45,0
6596,African-American,Male,Greater than 45,1
6597,African-American,Male,25 - 45,1
6600,Hispanic,Male,25 - 45,1
6601,African-American,Male,Greater than 45,0
6604,African-American,Male,25 - 45,1
6605,African-American,Female,Less than 25,0
6606,African-American,Male,25 - 45,0
6608,Caucasian,Male,25 - 45,1
6611,African-American,Male,Greater than 45,0
6613,African-American,Male,25 - 45,0
6614,Caucasian,Male,Less than 25,0
6615,Other,Female,Greater than 45,0
6616,Caucasian,Male,25 - 45,1
6621,Hispanic,Male,25 - 45,1
6624,Hispanic,Male,Greater than 45,1
6626,African-American,Male,25 - 45,0
6629,Caucasian,Female,25 - 45,1
6631,African-American,Male,25 - 45,1
6634,African-American,Male,25 - 45,1
6636,Caucasian,Male,Less than 25,0
6637,Caucasian,Female,25 - 45,0
6638,African-American,Male,Less than 25,1
6639,African-American,Male,Greater than 45,0
6641,African-American,Male,Less than 25,1
6642,Caucasian,Male,25 - 45,0
6645,African-American,Female,25 - 45,0
6646,African-American,Male,25 - 45,1
6649,Caucasian,Male,25 - 45,1
6650,African-American,Male,Less than 25,1
6651,African-American,Female,25 - 45,0
6653,Caucasian,Female,25 - 45,0
6654,African-American,Male,Less than 25,1
6655,African-American,Female,25 - 45,0
6657,African-American,Female,25 - 45,1
6658,African-American,Male,25 - 45,1
6659,African-American,Male,Less than 25,0
6660,Caucasian,Male,25 - 45,1
6661,Caucasian,Male,Less than 25,0
6662,African-American,Male,25 - 45,0
6663,African-American,Male,25 - 45,0
6665,African-American,Female,Less than 25,0
6667,African-American,Female,Less than 25,0
6668,African-American,Male,25 - 45,1
6670,Caucasian,Male,25 - 45,1
6671,Caucasian,Female,Less than 25,1
6672,African-American,Male,Less than 25,1
6679,Other,Female,25 - 45,1
6681,African-American,Male,25 - 45,1
6683,African-American,Female,Less than 25,1
6685,African-American,Male,25 - 45,0
6686,Caucasian,Male,25 - 45,1
6687,Caucasian,Male,25 - 45,1
6688,Caucasian,Male,25 - 45,0
6689,Caucasian,Male,Greater than 45,0
6690,African-American,Male,25 - 45,1
6692,Caucasian,Male,25 - 45,0
6693,Caucasian,Male,25 - 45,0
6695,African-American,Male,25 - 45,0
6696,African-American,Male,Less than 25,0
6697,Caucasian,Male,25 - 45,0
6698,African-American,Male,25 - 45,1
6699,Caucasian,Female,25 - 45,0
6702,African-American,Female,25 - 45,0
6703,African-American,Male,25 - 45,0
6704,Caucasian,Male,25 - 45,0
6705,Caucasian,Female,25 - 45,0
6706,African-American,Male,25 - 45,1
6708,African-American,Male,25 - 45,0
6713,Other,Male,25 - 45,0
6715,African-American,Female,25 - 45,0
6717,Caucasian,Female,25 - 45,0
6719,African-American,Male,25 - 45,1
6721,African-American,Female,25 - 45,0
6722,Caucasian,Male,25 - 45,0
6729,Hispanic,Female,25 - 45,0
6730,African-American,Female,25 - 45,0
6731,Caucasian,Female,25 - 45,0
6732,Caucasian,Male,Less than 25,1
6733,African-American,Male,Less than 25,0
6735,Hispanic,Female,Greater than 45,0
6737,African-American,Male,Less than 25,1
6739,African-American,Male,Greater than 45,1
6740,African-American,Female,25 - 45,1
6741,African-American,Male,Less than 25,0
6744,African-American,Male,25 - 45,1
6747,African-American,Male,Less than 25,1
6748,Other,Male,Less than 25,0
6749,Caucasian,Female,Less than 25,0
6751,Caucasian,Male,25 - 45,1
6754,Hispanic,Female,Less than 25,0
6755,African-American,Female,Less than 25,1
6756,Caucasian,Male,25 - 45,1
6758,Caucasian,Female,25 - 45,1
6759,African-American,Male,25 - 45,1
6760,African-American,Male,25 - 45,0
6763,Caucasian,Female,25 - 45,0
6766,African-American,Male,25 - 45,1
6769,Caucasian,Female,25 - 45,0
6771,African-American,Male,Greater than 45,0
6773,Caucasian,Female,25 - 45,0
6774,Hispanic,Male,25 - 45,0
6775,African-American,Male,25 - 45,1
6776,Caucasian,Male,Greater than 45,0
6778,African-American,Male,Less than 25,0
6780,African-American,Female,25 - 45,0
6781,Caucasian,Male,Greater than 45,0
6782,Hispanic,Male,Less than 25,0
6783,African-American,Female,Greater than 45,1
6784,Other,Male,25 - 45,0
6786,Hispanic,Male,25 - 45,0
6788,African-American,Male,Greater than 45,0
6791,African-American,Male,Greater than 45,0
6793,Caucasian,Female,25 - 45,0
6794,Caucasian,Male,25 - 45,1
6796,African-American,Male,Less than 25,1
6798,Caucasian,Male,Less than 25,0
6800,African-American,Male,Less than 25,0
6801,Caucasian,Male,25 - 45,0
6802,Caucasian,Female,25 - 45,0
6803,African-American,Male,Greater than 45,1
6804,Caucasian,Male,25 - 45,1
6805,African-American,Male,Less than 25,1
6808,Other,Male,25 - 45,0
6809,African-American,Male,25 - 45,0
6810,African-American,Male,Less than 25,1
6811,African-American,Male,Less than 25,1
6812,Caucasian,Male,Less than 25,0
6813,Other,Male,Greater than 45,0
6815,African-American,Male,Less than 25,0
6816,African-American,Female,25 - 45,0
6818,Caucasian,Female,Greater than 45,1
6819,Hispanic,Male,25 - 45,1
6820,African-American,Male,25 - 45,0
6824,Hispanic,Male,Greater than 45,0
6825,African-American,Male,Greater than 45,1
6827,African-American,Male,25 - 45,1
6828,Caucasian,Male,25 - 45,0
6830,Caucasian,Female,Less than 25,1
6834,Hispanic,Male,25 - 45,0
6836,Caucasian,Male,Less than 25,1
6838,Caucasian,Female,25 - 45,1
6840,African-American,Male,25 - 45,1
6846,African-American,Male,Less than 25,1
6847,African-American,Female,25 - 45,0
6850,Caucasian,Male,25 - 45,1
6851,Caucasian,Male,25 - 45,1
6852,Other,Male,25 - 45,1
6855,Caucasian,Male,25 - 45,1
6857,African-American,Female,25 - 45,0
6858,Caucasian,Male,Greater than 45,0
6859,Caucasian,Male,Less than 25,1
6862,African-American,Male,25 - 45,0
6863,African-American,Male,25 - 45,0
6864,African-American,Male,25 - 45,1
6866,African-American,Female,Less than 25,0
6870,Caucasian,Male,25 - 45,0
6875,Caucasian,Male,Less than 25,0
6877,African-American,Female,25 - 45,0
6878,Caucasian,Male,Greater than 45,1
6881,Hispanic,Male,25 - 45,0
6882,African-American,Male,25 - 45,1
6883,Caucasian,Female,Greater than 45,0
6884,Caucasian,Male,25 - 45,0
6885,Other,Female,25 - 45,1
6886,African-American,Male,Greater than 45,1
6888,African-American,Female,25 - 45,0
6889,Caucasian,Male,25 - 45,1
6892,African-American,Male,Less than 25,1
6893,African-American,Male,25 - 45,0
6894,African-American,Male,25 - 45,0
6896,Hispanic,Male,25 - 45,1
6899,Caucasian,Male,25 - 45,0
6900,African-American,Male,25 - 45,1
6901,African-American,Female,Less than 25,0
6904,African-American,Female,Less than 25,0
6906,Hispanic,Female,25 - 45,0
6908,African-American,Male,25 - 45,1
6910,African-American,Male,25 - 45,1
6911,Hispanic,Male,Less than 25,1
6915,African-American,Male,25 - 45,1
6916,African-American,Male,Less than 25,0
6919,African-American,Female,25 - 45,1
6920,African-American,Male,25 - 45,0
6921,African-American,Male,25 - 45,0
6923,African-American,Male,25 - 45,0
6924,African-American,Male,Less than 25,1
6926,Caucasian,Male,25 - 45,1
6927,African-American,Male,25 - 45,1
6929,Caucasian,Male,25 - 45,0
6931,African-American,Male,25 - 45,0
6932,Caucasian,Male,Less than 25,1
6934,African-American,Female,25 - 45,0
6936,African-American,Male,Less than 25,1
6937,Caucasian,Female,25 - 45,0
6939,Caucasian,Male,Greater than 45,0
6941,African-American,Female,Greater than 45,1
6943,African-American,Female,Less than 25,1
6944,Caucasian,Female,25 - 45,0
6946,African-American,Male,Less than 25,1
6947,African-American,Female,25 - 45,1
6948,African-American,Male,25 - 45,0
6949,Caucasian,Male,25 - 45,1
6950,Caucasian,Male,Greater than 45,0
6952,African-American,Male,Less than 25,0
6955,African-American,Male,Less than 25,1
6957,African-American,Male,25 - 45,1
6959,Hispanic,Male,25 - 45,0
6960,African-American,Female,25 - 45,0
6961,African-American,Male,25 - 45,1
6963,Caucasian,Female,Greater than 45,0
6965,Other,Female,25 - 45,0
6967,Caucasian,Male,Less than 25,0
6968,African-American,Male,25 - 45,1
6971,African-American,Male,25 - 45,1
6975,African-American,Male,Less than 25,1
6976,Caucasian,Male,25 - 45,0
6977,Asian,Female,Greater than 45,1
6979,Caucasian,Male,25 - 45,0
6980,African-American,Female,25 - 45,1
6981,Caucasian,Male,25 - 45,1
6982,Hispanic,Male,Greater than 45,1
6983,African-American,Male,Greater than 45,0
6986,Hispanic,Male,25 - 45,0
6991,African-American,Male,25 - 45,1
6996,African-American,Female,Less than 25,1
6997,African-American,Male,25 - 45,1
6999,African-American,Male,Less than 25,0
7003,African-American,Male,Greater than 45,1
7004,Caucasian,Male,Less than 25,0
7006,Caucasian,Female,25 - 45,1
7007,African-American,Female,25 - 45,0
7008,African-American,Male,Greater than 45,1
7010,African-American,Male,Greater than 45,1
7011,African-American,Male,Greater than 45,0
7012,African-American,Male,25 - 45,0
7015,Caucasian,Male,Less than 25,0
7020,Caucasian,Male,25 - 45,1
7022,African-American,Male,25 - 45,1
7023,Caucasian,Male,25 - 45,0
7024,Caucasian,Male,25 - 45,0
7025,African-American,Female,25 - 45,1
7026,African-American,Male,25 - 45,0
7027,African-American,Male,Greater than 45,1
7028,Caucasian,Male,25 - 45,1
7029,African-American,Male,25 - 45,1
7030,Other,Male,25 - 45,0
7032,Caucasian,Female,Greater than 45,0
7033,African-American,Male,Less than 25,0
7034,Caucasian,Male,25 - 45,1
7036,Hispanic,Male,25 - 45,1
7037,African-American,Male,25 - 45,1
7039,Caucasian,Female,25 - 45,1
7040,Caucasian,Male,Less than 25,0
7041,African-American,Male,Less than 25,1
7043,African-American,Male,25 - 45,0
7044,African-American,Male,25 - 45,0
7047,Native American,Male,25 - 45,0
7048,African-American,Male,25 - 45,1
7051,African-American,Male,Greater than 45,0
7053,African-American,Male,25 - 45,0
7054,Caucasian,Male,Greater than 45,0
7060,African-American,Female,25 - 45,0
7061,Caucasian,Male,Less than 25,1
7064,African-American,Male,25 - 45,1
7067,Caucasian,Male,Less than 25,1
7074,Caucasian,Female,Less than 25,1
7076,Caucasian,Female,25 - 45,1
7077,African-American,Male,25 - 45,1
7079,Caucasian,Male,25 - 45,0
7080,Caucasian,Female,Greater than 45,0
7082,Hispanic,Male,25 - 45,0
7084,Caucasian,Female,Less than 25,0
7087,Other,Male,Greater than 45,0
7092,Caucasian,Male,25 - 45,0
7095,Hispanic,Male,25 - 45,0
7098,African-American,Male,Less than 25,1
7099,African-American,Male,25 - 45,0
7100,African-American,Male,25 - 45,1
7101,Caucasian,Female,Less than 25,0
7104,Caucasian,Male,Greater than 45,1
7105,African-American,Male,25 - 45,1
7107,African-American,Male,25 - 45,1
7109,Caucasian,Male,Greater than 45,0
7111,Caucasian,Male,Greater than 45,1
7112,African-American,Male,Greater than 45,1
7114,African-American,Male,Less than 25,1
7116,African-American,Male,25 - 45,0
7117,Caucasian,Male,Greater than 45,0
7119,African-American,Male,Less than 25,0
7120,Caucasian,Male,Greater than 45,1
7121,Asian,Male,25 - 45,0
7123,African-American,Male,25 - 45,1
7125,African-American,Female,25 - 45,0
7126,Caucasian,Female,Greater than 45,0
7127,Other,Male,25 - 45,0
7130,Caucasian,Male,25 - 45,1
7131,African-American,Male,25 - 45,1
7136,African-American,Male,25 - 45,1
7139,African-American,Female,25 - 45,0
7141,Caucasian,Male,25 - 45,0
7142,Other,Female,25 - 45,0
7143,African-American,Male,Greater than 45,0
7144,African-American,Male,25 - 45,0
7145,African-American,Male,25 - 45,1
7148,Hispanic,Male,Greater than 45,0
7149,Caucasian,Male,Less than 25,0
7150,African-American,Female,Less than 25,1
7153,African-American,Male,Less than 25,0
7154,Caucasian,Male,Greater than 45,0
7156,African-American,Male,Greater than 45,0
7157,Hispanic,Male,25 - 45,0
7158,Caucasian,Male,25 - 45,1
7159,Hispanic,Male,25 - 45,0
7160,African-American,Male,Less than 25,1
7162,African-American,Male,Greater than 45,1
7163,African-American,Male,25 - 45,1
7164,Caucasian,Male,Greater than 45,0
7166,African-American,Female,25 - 45,0
7167,African-American,Female,25 - 45,0
7170,Caucasian,Male,Less than 25,0
7171,Caucasian,Male,25 - 45,0
7176,Caucasian,Male,25 - 45,0
7177,Hispanic,Male,Less than 25,0
7178,African-American,Male,25 - 45,1
7180,Hispanic,Male,25 - 45,0
7184,African-American,Male,25 - 45,1
7185,Hispanic,Male,Greater than 45,0
7186,Caucasian,Female,25 - 45,0
7187,African-American,Male,25 - 45,1
7189,Caucasian,Male,Less than 25,1
7190,Hispanic,Female,25 - 45,1
7192,Other,Female,Greater than 45,0
7196,African-American,Male,Greater than 45,0
7197,Caucasian,Male,25 - 45,0
7198,African-American,Male,Less than 25,1
7199,African-American,Male,25 - 45,0
7200,African-American,Male,Less than 25,0
7203,African-American,Male,Greater than 45,0
7204,Caucasian,Male,25 - 45,0
7205,Caucasian,Male,25 - 45,1
7206,Hispanic,Male,25 - 45,1
7210,African-American,Male,25 - 45,0
7211,African-American,Male,25 - 45,1
7214,African-American,Female,25 - 45,1
7216,African-American,Male,25 - 45,1
7219,African-American,Male,25 - 45,0
7222,Caucasian,Female,25 - 45,1
7223,African-American,Male,Greater than 45,0
7224,African-American,Male,Less than 25,1
7225,African-American,Male,25 - 45,1
7226,Caucasian,Male,25 - 45,1
7227,Caucasian,Male,Greater than 45,0
7228,Caucasian,Male,25 - 45,1
7231,African-American,Male,25 - 45,0
7234,Hispanic,Male,25 - 45,0
7237,Caucasian,Male,25 - 45,0
7238,Caucasian,Female,Greater than 45,0
7239,Other,Male,25 - 45,1
7240,African-American,Male,25 - 45,0
7242,African-American,Female,Less than 25,0
7243,African-American,Male,25 - 45,1
7245,African-American,Male,25 - 45,1
7246,Caucasian,Male,Less than 25,0
7247,African-American,Female,Less than 25,1
7249,African-American,Female,25 - 45,0
7252,African-American,Female,25 - 45,1
7254,Caucasian,Male,Less than 25,1
7255,African-American,Male,25 - 45,1
7257,Caucasian,Male,Less than 25,1
7258,African-American,Male,25 - 45,1
7259,Caucasian,Male,25 - 45,0
7260,Hispanic,Male,Greater than 45,1
7265,African-American,Male,Greater than 45,0
7266,Caucasian,Male,Less than 25,0
7269,Caucasian,Female,Greater than 45,0
7271,Caucasian,Female,Greater than 45,0
7272,African-American,Male,Greater than 45,0
7275,Caucasian,Female,25 - 45,0
7276,Caucasian,Male,Greater than 45,0
7279,African-American,Male,25 - 45,1
7280,African-American,Male,25 - 45,1
7281,Caucasian,Male,25 - 45,0
7283,African-American,Female,25 - 45,0
7284,Caucasian,Male,25 - 45,0
7285,African-American,Male,Less than 25,1
7286,Caucasian,Male,25 - 45,0
7288,African-American,Male,25 - 45,1
7289,African-American,Male,25 - 45,1
7292,African-American,Female,25 - 45,0
7293,African-American,Male,25 - 45,0
7294,Other,Male,25 - 45,1
7296,Other,Male,Greater than 45,0
7298,African-American,Female,25 - 45,0
7299,African-American,Male,25 - 45,1
7301,African-American,Male,25 - 45,1
7302,African-American,Male,25 - 45,1
7304,Caucasian,Male,25 - 45,0
7305,Other,Female,Greater than 45,1
7308,Caucasian,Male,Greater than 45,1
7310,Caucasian,Male,25 - 45,0
7311,Hispanic,Male,Greater than 45,0
7312,Caucasian,Male,25 - 45,1
7315,African-American,Male,Less than 25,1
7317,African-American,Male,25 - 45,0
7319,Caucasian,Male,25 - 45,1
7320,Caucasian,Male,Less than 25,1
7321,African-American,Male,25 - 45,0
7322,Other,Male,Less than 25,1
7323,African-American,Male,25 - 45,1
7324,Caucasian,Male,25 - 45,0
7326,African-American,Male,Less than 25,0
7327,African-American,Male,25 - 45,0
7330,African-American,Female,25 - 45,1
7331,Caucasian,Female,25 - 45,1
7332,Other,Male,25 - 45,1
7334,African-American,Male,25 - 45,1
7335,African-American,Male,Less than 25,1
7337,Other,Male,25 - 45,0
7338,African-American,Male,Less than 25,1
7339,African-American,Male,25 - 45,1
7340,Caucasian,Female,25 - 45,1
7341,African-American,Male,25 - 45,1
7342,Caucasian,Male,25 - 45,1
7343,Caucasian,Male,25 - 45,0
7344,African-American,Male,25 - 45,1
7345,African-American,Male,Less than 25,1
7347,African-American,Female,25 - 45,0
7348,African-American,Male,25 - 45,0
7351,Hispanic,Male,25 - 45,0
7354,Caucasian,Female,Greater than 45,0
7355,Caucasian,Female,25 - 45,0
7356,Native American,Male,Less than 25,1
7358,Other,Male,25 - 45,0
7359,Caucasian,Male,Less than 25,0
7362,African-American,Female,Less than 25,1
7365,Caucasian,Male,25 - 45,0
7369,African-American,Male,25 - 45,1
7370,African-American,Male,Greater than 45,0
7373,African-American,Male,25 - 45,1
7375,African-American,Male,Less than 25,1
7380,African-American,Male,25 - 45,1
7381,African-American,Female,25 - 45,0
7382,African-American,Male,25 - 45,1
7383,Caucasian,Male,Less than 25,1
7385,Caucasian,Male,Greater than 45,1
7386,African-American,Male,Less than 25,1
7387,Caucasian,Male,25 - 45,0
7388,Asian,Male,25 - 45,0
7391,African-American,Male,Less than 25,1
7392,African-American,Male,Greater than 45,0
7393,African-American,Male,Less than 25,1
7395,African-American,Male,25 - 45,1
7396,Hispanic,Male,Greater than 45,0
7399,Other,Female,25 - 45,0
7400,African-American,Female,25 - 45,0
7402,Caucasian,Male,25 - 45,1
7405,Caucasian,Female,Less than 25,1
7406,African-American,Male,Less than 25,1
7410,Caucasian,Male,Greater than 45,0
7411,African-American,Male,25 - 45,0
7412,Caucasian,Male,25 - 45,1
7413,African-American,Male,Less than 25,1
7416,Hispanic,Male,25 - 45,0
7417,Caucasian,Female,Greater than 45,0
7419,African-American,Male,Less than 25,0
7420,Caucasian,Male,25 - 45,1
7421,Caucasian,Male,25 - 45,0
7422,African-American,Male,Less than 25,0
7423,African-American,Male,Greater than 45,1
7424,African-American,Male,25 - 45,0
7425,African-American,Male,Less than 25,0
7426,African-American,Male,25 - 45,0
7427,African-American,Male,25 - 45,0
7429,Caucasian,Male,Less than 25,1
7432,Caucasian,Male,25 - 45,0
7435,African-American,Female,25 - 45,0
7437,Caucasian,Female,25 - 45,1
7439,African-American,Male,25 - 45,1
7440,African-American,Male,25 - 45,0
7441,Other,Male,Less than 25,0
7442,Other,Male,25 - 45,1
7443,African-American,Female,25 - 45,0
7444,African-American,Male,Less than 25,0
7445,Hispanic,Male,25 - 45,1
7446,Caucasian,Male,Greater than 45,0
7447,African-American,Female,Less than 25,0
7448,African-American,Female,25 - 45,0
7449,African-American,Male,25 - 45,1
7450,African-American,Male,25 - 45,1
7454,African-American,Male,25 - 45,1
7455,African-American,Male,Less than 25,0
7457,African-American,Male,25 - 45,1
7459,African-American,Male,25 - 45,1
7460,Hispanic,Male,25 - 45,1
7462,Caucasian,Male,Greater than 45,1
7464,African-American,Male,Less than 25,1
7465,Caucasian,Male,Less than 25,0
7466,Caucasian,Male,25 - 45,0
7467,Other,Female,Less than 25,0
7468,Caucasian,Male,25 - 45,1
7469,African-American,Male,25 - 45,1
7472,Caucasian,Male,Greater than 45,0
7476,African-American,Male,Greater than 45,0
7477,African-American,Male,Less than 25,0
7478,African-American,Male,25 - 45,1
7479,Caucasian,Male,Less than 25,0
7481,Caucasian,Male,Less than 25,1
7482,African-American,Male,25 - 45,1
7484,African-American,Female,25 - 45,1
7487,Caucasian,Male,25 - 45,0
7488,African-American,Male,Less than 25,1
7490,African-American,Female,25 - 45,0
7493,African-American,Female,Less than 25,1
7495,Caucasian,Male,Greater than 45,0
7496,Caucasian,Male,Less than 25,0
7497,African-American,Male,Less than 25,1
7499,Caucasian,Male,25 - 45,0
7500,African-American,Female,25 - 45,0
7502,Caucasian,Male,25 - 45,1
7503,African-American,Male,25 - 45,0
7508,Hispanic,Male,25 - 45,0
7510,African-American,Male,25 - 45,0
7511,African-American,Male,Less than 25,1
7513,African-American,Male,Less than 25,1
7514,Caucasian,Male,25 - 45,0
7515,African-American,Male,Less than 25,1
7516,African-American,Male,25 - 45,1
7517,African-American,Female,25 - 45,0
7519,African-American,Male,25 - 45,0
7522,African-American,Male,25 - 45,1
7523,African-American,Male,25 - 45,1
7524,Hispanic,Female,25 - 45,0
7526,Caucasian,Male,Less than 25,1
7530,African-American,Female,25 - 45,0
7531,African-American,Male,25 - 45,1
7534,Caucasian,Male,25 - 45,1
7536,Caucasian,Male,25 - 45,0
7537,Hispanic,Male,25 - 45,1
7540,African-American,Male,25 - 45,1
7541,Caucasian,Male,Greater than 45,0
7542,African-American,Female,Greater than 45,1
7543,Hispanic,Male,Less than 25,1
7545,Caucasian,Male,Less than 25,0
7546,Caucasian,Male,Less than 25,0
7547,Caucasian,Female,Greater than 45,0
7548,African-American,Male,25 - 45,0
7551,African-American,Male,Less than 25,1
7553,Other,Female,Less than 25,0
7555,Caucasian,Female,Greater than 45,0
7556,Caucasian,Male,Less than 25,0
7559,Caucasian,Male,25 - 45,0
7560,Caucasian,Male,25 - 45,1
7561,Caucasian,Male,25 - 45,0
7562,African-American,Male,25 - 45,0
7563,Caucasian,Female,25 - 45,0
7570,African-American,Male,25 - 45,0
7571,African-American,Male,25 - 45,0
7572,Caucasian,Male,Greater than 45,1
7573,African-American,Male,25 - 45,1
7576,African-American,Male,25 - 45,1
7577,Hispanic,Female,25 - 45,0
7578,African-American,Female,25 - 45,0
7581,African-American,Male,25 - 45,1
7585,Other,Male,25 - 45,0
7586,Other,Male,25 - 45,0
7587,African-American,Male,25 - 45,1
7589,African-American,Male,25 - 45,1
7591,African-American,Male,Less than 25,1
7593,Hispanic,Male,25 - 45,1
7595,Hispanic,Female,Greater than 45,0
7596,African-American,Male,25 - 45,0
7597,Other,Male,25 - 45,0
7602,African-American,Male,25 - 45,1
7603,Other,Male,Greater than 45,0
7604,Caucasian,Male,Greater than 45,0
7605,African-American,Male,Greater than 45,1
7606,Caucasian,Male,25 - 45,1
7607,African-American,Female,Less than 25,0
7611,Caucasian,Male,Greater than 45,1
7612,Caucasian,Male,Greater than 45,1
7613,Hispanic,Male,Greater than 45,0
7615,African-American,Male,25 - 45,0
7618,Other,Male,25 - 45,0
7620,African-American,Male,Greater than 45,0
7622,African-American,Male,Less than 25,1
7625,Other,Male,25 - 45,1
7631,Caucasian,Male,Less than 25,1
7634,African-American,Male,25 - 45,0
7635,Caucasian,Male,Greater than 45,0
7636,African-American,Female,25 - 45,0
7637,Hispanic,Male,25 - 45,0
7638,Hispanic,Male,25 - 45,1
7639,African-American,Male,25 - 45,0
7640,Caucasian,Male,25 - 45,1
7644,African-American,Male,Less than 25,0
7645,African-American,Male,Greater than 45,1
7647,African-American,Male,Greater than 45,0
7648,African-American,Male,Less than 25,0
7649,African-American,Male,Greater than 45,1
7650,Caucasian,Male,25 - 45,1
7651,Other,Male,25 - 45,0
7652,African-American,Male,25 - 45,1
7653,African-American,Male,Less than 25,1
7654,African-American,Male,25 - 45,0
7655,Other,Male,Greater than 45,0
7659,Caucasian,Male,25 - 45,0
7660,African-American,Male,Less than 25,0
7661,Caucasian,Female,Greater than 45,1
7663,Caucasian,Female,Greater than 45,0
7667,Caucasian,Male,25 - 45,0
7668,Hispanic,Male,Greater than 45,0
7669,African-American,Male,25 - 45,0
7670,African-American,Male,25 - 45,1
7672,Other,Male,Greater than 45,0
7673,African-American,Male,Greater than 45,0
7674,African-American,Male,Less than 25,1
7675,Caucasian,Male,Less than 25,1
7677,Caucasian,Female,25 - 45,0
7678,African-American,Male,25 - 45,1
7679,Caucasian,Male,Greater than 45,1
7681,Other,Male,Greater than 45,0
7683,African-American,Female,Less than 25,1
7685,Other,Female,25 - 45,0
7686,Other,Male,Greater than 45,0
7688,African-American,Male,25 - 45,0
7689,African-American,Male,25 - 45,1
7690,Caucasian,Male,Greater than 45,1
7692,Caucasian,Male,Greater than 45,0
7693,African-American,Male,Less than 25,1
7694,African-American,Male,Greater than 45,0
7697,African-American,Male,25 - 45,0
7698,African-American,Male,25 - 45,1
7699,African-American,Male,Less than 25,1
7700,African-American,Male,25 - 45,1
7703,African-American,Male,25 - 45,1
7704,African-American,Male,25 - 45,0
7705,Caucasian,Female,Greater than 45,0
7706,Hispanic,Male,Greater than 45,0
7707,Hispanic,Male,Less than 25,1
7710,Caucasian,Male,Less than 25,1
7711,African-American,Male,Less than 25,0
7712,African-American,Male,Less than 25,0
7714,African-American,Male,25 - 45,1
7717,African-American,Male,25 - 45,1
7720,African-American,Male,Greater than 45,1
7721,African-American,Female,Less than 25,1
7722,African-American,Female,Less than 25,1
7723,Hispanic,Male,Less than 25,0
7725,African-American,Male,Greater than 45,0
7726,Caucasian,Male,Greater than 45,0
7728,African-American,Male,25 - 45,1
7729,Hispanic,Male,25 - 45,0
7730,Caucasian,Male,25 - 45,1
7733,African-American,Male,25 - 45,1
7734,African-American,Male,25 - 45,1
7735,Caucasian,Female,Greater than 45,0
7736,African-American,Male,25 - 45,0
7737,Caucasian,Male,Less than 25,0
7738,Caucasian,Male,25 - 45,0
7740,African-American,Male,25 - 45,0
7741,African-American,Male,Less than 25,1
7742,Hispanic,Male,25 - 45,1
7744,Caucasian,Male,Greater than 45,1
7745,Caucasian,Male,25 - 45,0
7752,Caucasian,Male,25 - 45,1
7753,African-American,Male,Greater than 45,0
7754,Caucasian,Male,25 - 45,1
7756,Other,Male,25 - 45,1
7757,Hispanic,Male,25 - 45,0
7758,Other,Male,Greater than 45,1
7759,African-American,Male,Less than 25,1
7760,African-American,Female,Less than 25,1
7762,Caucasian,Male,25 - 45,1
7763,African-American,Male,Greater than 45,0
7766,Caucasian,Female,25 - 45,1
7768,Caucasian,Male,Greater than 45,0
7770,African-American,Male,25 - 45,0
7772,African-American,Male,Less than 25,1
7774,Caucasian,Female,25 - 45,1
7775,African-American,Male,25 - 45,0
7780,African-American,Male,25 - 45,1
7781,African-American,Male,Less than 25,1
7785,African-American,Male,25 - 45,1
7786,African-American,Male,25 - 45,0
7788,African-American,Male,25 - 45,1
7790,African-American,Male,25 - 45,1
7791,African-American,Male,Less than 25,1
7792,African-American,Female,25 - 45,0
7793,Hispanic,Male,Less than 25,1
7794,Caucasian,Female,Less than 25,0
7796,African-American,Male,25 - 45,1
7799,African-American,Male,25 - 45,1
7804,African-American,Male,25 - 45,1
7806,Caucasian,Male,25 - 45,0
7807,Caucasian,Male,25 - 45,1
7808,African-American,Male,25 - 45,1
7809,Caucasian,Female,Greater than 45,1
7811,Caucasian,Male,25 - 45,0
7812,African-American,Male,25 - 45,1
7813,African-American,Male,25 - 45,0
7815,Caucasian,Female,25 - 45,1
7817,Hispanic,Male,25 - 45,0
7818,Caucasian,Male,25 - 45,0
7819,African-American,Male,Less than 25,1
7820,African-American,Male,25 - 45,1
7821,Caucasian,Male,25 - 45,0
7823,Caucasian,Female,Greater than 45,1
7825,African-American,Male,Less than 25,1
7830,African-American,Female,25 - 45,1
7832,African-American,Male,25 - 45,1
7834,African-American,Male,25 - 45,0
7835,African-American,Male,25 - 45,1
7837,Caucasian,Male,Greater than 45,0
7838,African-American,Male,Less than 25,1
7842,African-American,Male,Greater than 45,0
7843,Caucasian,Male,25 - 45,0
7846,Hispanic,Male,25 - 45,1
7847,Caucasian,Male,25 - 45,0
7848,Caucasian,Female,Less than 25,0
7850,Hispanic,Male,25 - 45,1
7851,Hispanic,Male,25 - 45,0
7853,African-American,Male,25 - 45,1
7856,Caucasian,Female,Less than 25,1
7859,Other,Male,25 - 45,1
7862,Hispanic,Male,Less than 25,1
7864,African-American,Female,25 - 45,0
7867,African-American,Male,25 - 45,0
7868,African-American,Female,25 - 45,0
7869,African-American,Female,Less than 25,1
7870,Hispanic,Male,Greater than 45,0
7871,African-American,Male,Less than 25,1
7874,Caucasian,Male,25 - 45,1
7881,African-American,Male,25 - 45,0
7884,Caucasian,Male,25 - 45,1
7889,Caucasian,Male,25 - 45,1
7890,African-American,Male,25 - 45,0
7891,African-American,Male,Greater than 45,1
7894,African-American,Male,Less than 25,0
7895,Caucasian,Female,25 - 45,0
7896,African-American,Male,Less than 25,1
7897,Caucasian,Female,Less than 25,1
7898,African-American,Male,25 - 45,0
7902,Caucasian,Male,Greater than 45,0
7903,African-American,Female,Greater than 45,0
7904,African-American,Female,25 - 45,0
7905,Other,Male,25 - 45,0
7906,African-American,Male,25 - 45,1
7908,African-American,Male,Less than 25,1
7909,African-American,Male,Greater than 45,0
7910,African-American,Male,25 - 45,0
7912,Caucasian,Male,Less than 25,1
7913,African-American,Male,25 - 45,0
7914,Caucasian,Male,Greater than 45,0
7915,African-American,Male,25 - 45,0
7916,African-American,Male,25 - 45,0
7919,African-American,Male,25 - 45,1
7920,African-American,Male,Less than 25,0
7922,African-American,Male,25 - 45,0
7923,Caucasian,Male,Greater than 45,1
7928,Caucasian,Male,25 - 45,0
7930,Caucasian,Male,Less than 25,1
7931,African-American,Male,25 - 45,0
7932,African-American,Male,25 - 45,0
7935,Other,Male,25 - 45,0
7936,Caucasian,Male,25 - 45,1
7942,African-American,Female,25 - 45,1
7943,Hispanic,Male,Greater than 45,0
7944,Caucasian,Male,25 - 45,0
7945,Caucasian,Male,25 - 45,0
7946,Caucasian,Male,Less than 25,0
7948,African-American,Male,25 - 45,0
7949,Caucasian,Female,25 - 45,0
7953,Hispanic,Male,25 - 45,0
7955,African-American,Male,Less than 25,1
7958,Caucasian,Male,Greater than 45,0
7960,Caucasian,Female,Greater than 45,1
7962,African-American,Female,25 - 45,0
7963,Hispanic,Male,25 - 45,0
7964,African-American,Male,25 - 45,0
7966,African-American,Male,25 - 45,1
7968,African-American,Male,25 - 45,1
7969,Hispanic,Male,Less than 25,0
7971,Caucasian,Male,25 - 45,1
7972,Caucasian,Female,25 - 45,0
7973,African-American,Male,25 - 45,0
7974,African-American,Male,25 - 45,1
7975,Caucasian,Male,Less than 25,1
7977,African-American,Male,Less than 25,0
7979,Caucasian,Male,Greater than 45,1
7981,Caucasian,Male,25 - 45,0
7983,African-American,Male,Less than 25,0
7985,African-American,Male,25 - 45,0
7986,African-American,Female,Less than 25,1
7987,Caucasian,Male,25 - 45,1
7988,African-American,Male,25 - 45,1
7994,Hispanic,Male,25 - 45,1
7997,African-American,Male,Greater than 45,1
8000,African-American,Female,25 - 45,1
8002,African-American,Male,Greater than 45,0
8003,Caucasian,Male,25 - 45,0
8004,Caucasian,Male,25 - 45,1
8007,African-American,Male,25 - 45,0
8008,African-American,Male,25 - 45,0
8009,African-American,Male,25 - 45,1
8010,Caucasian,Male,Less than 25,0
8014,African-American,Male,Greater than 45,1
8016,African-American,Male,25 - 45,1
8018,Caucasian,Male,25 - 45,1
8019,Caucasian,Female,Greater than 45,0
8021,Caucasian,Male,Greater than 45,0
8022,African-American,Male,Less than 25,1
8023,African-American,Male,25 - 45,0
8024,African-American,Female,25 - 45,1
8026,African-American,Male,25 - 45,1
8027,Caucasian,Male,Greater than 45,1
8028,Caucasian,Female,Less than 25,1
8030,African-American,Male,Less than 25,1
8031,African-American,Male,25 - 45,1
8032,Caucasian,Male,25 - 45,0
8035,African-American,Male,25 - 45,1
8036,Hispanic,Male,25 - 45,0
8038,African-American,Female,Greater than 45,0
8039,Caucasian,Male,25 - 45,0
8040,African-American,Male,25 - 45,0
8041,Hispanic,Male,25 - 45,1
8042,Other,Male,25 - 45,0
8045,Caucasian,Male,Less than 25,1
8046,African-American,Male,25 - 45,1
8047,African-American,Male,Less than 25,0
8048,Caucasian,Male,25 - 45,0
8049,Caucasian,Male,25 - 45,0
8050,Caucasian,Female,25 - 45,0
8053,African-American,Male,Less than 25,1
8054,African-American,Male,Greater than 45,0
8056,African-American,Male,25 - 45,0
8059,Caucasian,Male,Greater than 45,0
8060,Caucasian,Male,Greater than 45,0
8061,Caucasian,Male,25 - 45,0
8062,African-American,Male,Greater than 45,1
8063,Caucasian,Male,Greater than 45,0
8065,African-American,Male,25 - 45,1
8066,Caucasian,Male,Less than 25,1
8068,Caucasian,Male,25 - 45,0
8072,African-American,Male,Less than 25,1
8078,Caucasian,Female,Greater than 45,0
8082,African-American,Male,Greater than 45,1
8085,African-American,Male,Less than 25,1
8087,Caucasian,Male,Greater than 45,1
8090,Caucasian,Male,25 - 45,1
8091,African-American,Male,25 - 45,1
8093,African-American,Female,25 - 45,0
8094,Caucasian,Male,Greater than 45,0
8095,Caucasian,Male,25 - 45,1
8097,African-American,Male,25 - 45,1
8098,African-American,Female,Less than 25,0
8099,Caucasian,Male,25 - 45,0
8100,African-American,Male,25 - 45,1
8104,African-American,Female,25 - 45,0
8105,African-American,Male,Less than 25,1
8106,African-American,Male,Greater than 45,1
8107,Caucasian,Female,Greater than 45,0
8110,Caucasian,Female,Less than 25,0
8111,African-American,Male,25 - 45,1
8112,African-American,Female,Greater than 45,0
8114,African-American,Male,Less than 25,1
8116,Caucasian,Male,Less than 25,0
8117,Caucasian,Male,25 - 45,1
8118,African-American,Male,25 - 45,0
8119,African-American,Male,25 - 45,0
8120,African-American,Male,25 - 45,0
8125,Caucasian,Male,Less than 25,0
8129,African-American,Male,25 - 45,1
8130,African-American,Male,Greater than 45,0
8132,African-American,Male,Less than 25,0
8133,African-American,Male,25 - 45,1
8134,Caucasian,Male,25 - 45,1
8135,Hispanic,Female,Greater than 45,1
8136,Caucasian,Male,Greater than 45,1
8137,African-American,Male,25 - 45,0
8140,African-American,Male,25 - 45,1
8141,Caucasian,Male,Less than 25,0
8142,African-American,Male,Less than 25,1
8143,Other,Male,Greater than 45,0
8145,African-American,Male,Less than 25,1
8146,African-American,Male,25 - 45,0
8147,African-American,Male,25 - 45,1
8148,Caucasian,Male,Greater than 45,0
8149,Caucasian,Male,25 - 45,0
8151,Hispanic,Male,25 - 45,0
8153,Caucasian,Male,Greater than 45,0
8154,African-American,Male,Less than 25,0
8155,Caucasian,Male,25 - 45,0
8157,Caucasian,Male,25 - 45,0
8161,African-American,Female,Less than 25,0
8162,Asian,Male,Greater than 45,0
8163,African-American,Male,Less than 25,1
8164,African-American,Male,25 - 45,0
8168,African-American,Female,Less than 25,1
8169,African-American,Male,25 - 45,0
8171,Caucasian,Male,25 - 45,0
8172,African-American,Male,25 - 45,1
8173,Caucasian,Female,25 - 45,1
8174,African-American,Male,25 - 45,0
8179,Caucasian,Male,Less than 25,1
8182,African-American,Male,Less than 25,0
8183,Caucasian,Male,Greater than 45,1
8184,Caucasian,Male,25 - 45,1
8185,African-American,Male,Greater than 45,1
8187,African-American,Male,Less than 25,1
8188,Caucasian,Male,25 - 45,0
8189,Caucasian,Male,Greater than 45,0
8190,Other,Male,25 - 45,1
8191,African-American,Male,Less than 25,0
8193,African-American,Male,Less than 25,1
8195,African-American,Male,25 - 45,0
8196,Caucasian,Male,Greater than 45,1
8197,Caucasian,Male,Greater than 45,1
8203,African-American,Male,25 - 45,1
8204,African-American,Male,Greater than 45,0
8205,Caucasian,Male,25 - 45,1
8207,Caucasian,Male,25 - 45,1
8209,Asian,Male,25 - 45,0
8211,Caucasian,Male,25 - 45,0
8212,Caucasian,Male,25 - 45,0
8214,African-American,Female,Less than 25,1
8215,Asian,Male,Greater than 45,0
8216,African-American,Male,25 - 45,0
8217,Hispanic,Male,Less than 25,0
8218,Caucasian,Female,Less than 25,0
8219,African-American,Male,25 - 45,1
8222,Caucasian,Male,Less than 25,1
8223,Caucasian,Female,25 - 45,0
8224,Hispanic,Male,25 - 45,0
8225,Caucasian,Male,Greater than 45,0
8226,Caucasian,Male,25 - 45,1
8230,Caucasian,Male,Greater than 45,0
8231,African-American,Male,25 - 45,0
8232,African-American,Female,25 - 45,1
8235,African-American,Male,Less than 25,1
8236,Hispanic,Male,Greater than 45,0
8237,Hispanic,Male,Greater than 45,0
8239,African-American,Male,25 - 45,0
8240,African-American,Female,25 - 45,0
8245,Caucasian,Female,25 - 45,0
8247,African-American,Male,Less than 25,0
8248,Caucasian,Male,25 - 45,1
8249,Caucasian,Female,25 - 45,1
8251,Other,Female,25 - 45,0
8253,African-American,Male,25 - 45,0
8254,Asian,Female,25 - 45,0
8256,African-American,Male,25 - 45,1
8257,African-American,Male,25 - 45,0
8258,African-American,Male,25 - 45,1
8259,African-American,Male,Greater than 45,0
8260,Hispanic,Male,25 - 45,1
8262,Caucasian,Male,Greater than 45,1
8264,African-American,Male,25 - 45,1
8265,African-American,Male,25 - 45,0
8268,Caucasian,Male,25 - 45,0
8269,African-American,Female,25 - 45,1
8277,Other,Female,Less than 25,0
8278,African-American,Male,Greater than 45,1
8280,African-American,Male,25 - 45,0
8281,Caucasian,Female,25 - 45,0
8282,Hispanic,Male,Less than 25,1
8283,Caucasian,Female,25 - 45,1
8284,African-American,Male,25 - 45,1
8285,African-American,Male,25 - 45,1
8287,Caucasian,Female,Less than 25,1
8288,African-American,Male,25 - 45,0
8290,African-American,Male,Less than 25,1
8292,African-American,Male,25 - 45,1
8294,Caucasian,Female,Greater than 45,0
8298,Caucasian,Male,25 - 45,0
8299,African-American,Male,25 - 45,0
8301,Other,Male,25 - 45,0
8304,Caucasian,Female,25 - 45,0
8306,African-American,Male,25 - 45,1
8307,African-American,Female,Greater than 45,0
8308,African-American,Male,25 - 45,1
8309,African-American,Male,25 - 45,0
8311,Caucasian,Female,Less than 25,0
8312,African-American,Male,25 - 45,0
8313,Other,Male,Greater than 45,1
8314,African-American,Male,25 - 45,0
8315,African-American,Male,Less than 25,1
8316,Hispanic,Male,25 - 45,1
8318,African-American,Male,Greater than 45,0
8319,Hispanic,Male,Less than 25,1
8320,Other,Male,25 - 45,1
8322,African-American,Female,25 - 45,1
8325,African-American,Male,Less than 25,1
8326,Caucasian,Male,25 - 45,1
8328,Caucasian,Male,25 - 45,1
8340,Caucasian,Male,Greater than 45,0
8341,Caucasian,Male,Greater than 45,0
8349,African-American,Male,25 - 45,0
8350,African-American,Male,Less than 25,1
8353,African-American,Female,25 - 45,1
8354,Caucasian,Male,25 - 45,1
8355,African-American,Male,25 - 45,0
8356,Caucasian,Female,25 - 45,1
8357,African-American,Male,Less than 25,1
8358,African-American,Female,Less than 25,0
8359,Caucasian,Male,Greater than 45,1
8360,African-American,Male,25 - 45,1
8361,African-American,Male,25 - 45,0
8362,Caucasian,Male,25 - 45,1
8364,Other,Male,Greater than 45,0
8365,African-American,Male,Less than 25,0
8367,African-American,Male,25 - 45,1
8369,Caucasian,Male,Greater than 45,0
8373,Caucasian,Male,Greater than 45,0
8375,African-American,Male,Greater than 45,1
8379,Asian,Male,Greater than 45,0
8380,Caucasian,Female,25 - 45,1
8381,African-American,Male,25 - 45,0
8382,Other,Male,25 - 45,1
8385,Hispanic,Male,25 - 45,1
8386,African-American,Male,Less than 25,0
8390,Caucasian,Male,25 - 45,0
8392,Hispanic,Male,Less than 25,1
8394,African-American,Male,Less than 25,1
8396,African-American,Male,25 - 45,1
8399,African-American,Male,25 - 45,1
8400,Hispanic,Male,Greater than 45,1
8401,Caucasian,Male,25 - 45,1
8403,African-American,Male,Less than 25,1
8405,African-American,Male,25 - 45,0
8406,Caucasian,Male,25 - 45,1
8407,Caucasian,Male,25 - 45,1
8408,Caucasian,Male,25 - 45,0
8409,Hispanic,Male,Less than 25,1
8411,African-American,Male,25 - 45,0
8416,African-American,Female,Less than 25,0
8418,Caucasian,Male,25 - 45,0
8419,African-American,Male,25 - 45,0
8421,African-American,Female,Less than 25,0
8422,Caucasian,Female,25 - 45,1
8423,African-American,Male,25 - 45,0
8424,Caucasian,Female,25 - 45,1
8425,African-American,Male,Greater than 45,1
8426,Caucasian,Male,Greater than 45,0
8428,Caucasian,Female,25 - 45,1
8432,African-American,Male,25 - 45,1
8434,African-American,Male,25 - 45,1
8435,African-American,Male,Less than 25,0
8436,Other,Male,Less than 25,1
8437,African-American,Male,25 - 45,0
8438,Caucasian,Female,25 - 45,1
8439,Hispanic,Male,25 - 45,0
8440,Caucasian,Male,25 - 45,0
8447,Other,Male,25 - 45,1
8449,Caucasian,Male,25 - 45,1
8452,Caucasian,Male,25 - 45,0
8453,Hispanic,Male,Less than 25,1
8456,African-American,Male,25 - 45,0
8457,African-American,Male,25 - 45,0
8458,Caucasian,Male,Greater than 45,0
8461,Hispanic,Male,Less than 25,1
8462,Caucasian,Male,25 - 45,0
8463,African-American,Male,Less than 25,0
8465,African-American,Male,Less than 25,0
8467,African-American,Male,25 - 45,1
8468,African-American,Male,25 - 45,0
8469,African-American,Male,25 - 45,1
8471,African-American,Male,Less than 25,1
8472,African-American,Male,25 - 45,1
8473,Caucasian,Female,25 - 45,1
8475,Caucasian,Female,25 - 45,0
8477,African-American,Male,25 - 45,0
8478,Caucasian,Male,25 - 45,0
8479,African-American,Male,Greater than 45,1
8483,African-American,Female,25 - 45,0
8484,Caucasian,Male,Less than 25,1
8486,African-American,Female,Greater than 45,1
8487,Caucasian,Male,25 - 45,0
8488,African-American,Male,25 - 45,0
8492,African-American,Male,25 - 45,1
8494,Caucasian,Female,25 - 45,0
8496,Caucasian,Male,Less than 25,1
8500,African-American,Male,Less than 25,1
8501,African-American,Male,25 - 45,1
8503,African-American,Male,25 - 45,0
8504,Caucasian,Male,25 - 45,1
8505,African-American,Male,Less than 25,1
8507,Other,Female,Less than 25,0
8508,African-American,Male,25 - 45,0
8511,Caucasian,Male,Less than 25,0
8515,African-American,Female,25 - 45,0
8517,African-American,Male,Less than 25,1
8518,African-American,Male,Less than 25,1
8520,African-American,Male,25 - 45,1
8522,Hispanic,Male,25 - 45,1
8523,Hispanic,Female,Less than 25,0
8524,African-American,Male,25 - 45,0
8526,African-American,Female,25 - 45,0
8527,Caucasian,Female,Greater than 45,1
8528,African-American,Male,25 - 45,0
8530,Hispanic,Male,Greater than 45,0
8532,African-American,Male,25 - 45,0
8533,African-American,Male,25 - 45,0
8534,Caucasian,Female,25 - 45,1
8535,African-American,Male,Greater than 45,1
8539,African-American,Male,Less than 25,0
8543,African-American,Male,Less than 25,1
8544,Caucasian,Male,25 - 45,1
8546,Caucasian,Male,Less than 25,0
8551,Caucasian,Female,Greater than 45,0
8552,African-American,Male,25 - 45,1
8554,African-American,Male,25 - 45,1
8558,African-American,Male,Greater than 45,1
8560,Caucasian,Male,Greater than 45,0
8565,African-American,Male,25 - 45,1
8568,African-American,Male,Less than 25,1
8570,Caucasian,Male,Greater than 45,1
8572,African-American,Male,25 - 45,0
8574,Caucasian,Female,25 - 45,0
8575,African-American,Male,25 - 45,0
8576,African-American,Male,Less than 25,1
8577,Caucasian,Female,Greater than 45,0
8578,Caucasian,Male,Less than 25,1
8579,African-American,Male,Greater than 45,0
8583,African-American,Male,25 - 45,1
8586,African-American,Male,Greater than 45,0
8589,Caucasian,Male,25 - 45,0
8590,Hispanic,Female,25 - 45,0
8593,Other,Male,25 - 45,1
8596,African-American,Male,25 - 45,1
8598,African-American,Male,Less than 25,1
8600,Hispanic,Male,25 - 45,0
8604,African-American,Female,Less than 25,0
8605,African-American,Male,25 - 45,0
8606,African-American,Male,Less than 25,1
8608,African-American,Male,25 - 45,0
8609,African-American,Male,25 - 45,0
8610,Caucasian,Male,Greater than 45,0
8611,African-American,Male,25 - 45,1
8612,African-American,Male,Less than 25,1
8613,Caucasian,Male,25 - 45,0
8616,Caucasian,Male,25 - 45,0
8617,African-American,Male,25 - 45,0
8618,Hispanic,Female,25 - 45,0
8619,Caucasian,Male,25 - 45,0
8621,African-American,Male,25 - 45,0
8622,African-American,Male,25 - 45,1
8625,African-American,Male,Less than 25,0
8626,Caucasian,Male,25 - 45,1
8627,African-American,Male,25 - 45,0
8629,Other,Male,25 - 45,0
8630,African-American,Male,25 - 45,1
8633,Caucasian,Male,Less than 25,1
8634,African-American,Male,25 - 45,0
8635,African-American,Male,Greater than 45,0
8636,African-American,Male,25 - 45,1
8638,African-American,Male,25 - 45,1
8639,African-American,Female,Less than 25,0
8641,Caucasian,Male,Greater than 45,0
8642,Caucasian,Male,Greater than 45,0
8644,African-American,Female,25 - 45,0
8646,Caucasian,Female,Less than 25,0
8647,African-American,Female,25 - 45,0
8650,Hispanic,Male,25 - 45,0
8651,African-American,Male,25 - 45,1
8652,African-American,Male,25 - 45,0
8653,Hispanic,Male,Greater than 45,0
8655,Caucasian,Male,Greater than 45,1
8657,Caucasian,Male,25 - 45,1
8659,African-American,Male,Greater than 45,0
8661,Caucasian,Male,Greater than 45,0
8663,Other,Male,25 - 45,1
8664,Hispanic,Male,Less than 25,1
8665,African-American,Male,25 - 45,1
8667,African-American,Male,25 - 45,1
8668,Caucasian,Female,25 - 45,0
8670,Caucasian,Female,25 - 45,0
8672,African-American,Female,25 - 45,0
8673,Caucasian,Male,25 - 45,0
8674,African-American,Male,25 - 45,0
8675,Caucasian,Male,25 - 45,0
8676,African-American,Male,25 - 45,0
8679,African-American,Male,25 - 45,0
8681,African-American,Male,25 - 45,1
8682,Asian,Male,25 - 45,0
8683,Caucasian,Male,25 - 45,0
8684,African-American,Male,25 - 45,0
8685,African-American,Male,25 - 45,0
8688,Caucasian,Female,25 - 45,0
8694,Caucasian,Male,25 - 45,0
8695,Caucasian,Male,Greater than 45,0
8696,Caucasian,Male,25 - 45,0
8700,African-American,Male,25 - 45,1
8701,African-American,Male,25 - 45,1
8702,Caucasian,Male,25 - 45,1
8703,Caucasian,Female,Greater than 45,0
8705,African-American,Female,Less than 25,1
8706,Caucasian,Male,25 - 45,1
8710,African-American,Female,25 - 45,0
8711,Other,Male,Less than 25,0
8715,African-American,Female,Less than 25,1
8716,African-American,Male,25 - 45,0
8717,African-American,Female,25 - 45,0
8719,Caucasian,Male,Greater than 45,1
8723,Hispanic,Male,25 - 45,0
8724,African-American,Male,25 - 45,1
8726,Hispanic,Female,25 - 45,0
8728,Caucasian,Female,Less than 25,0
8729,Caucasian,Male,25 - 45,0
8731,Caucasian,Male,25 - 45,1
8732,African-American,Male,25 - 45,0
8735,African-American,Male,25 - 45,0
8737,African-American,Female,25 - 45,0
8741,Caucasian,Female,25 - 45,1
8742,Caucasian,Female,25 - 45,1
8743,African-American,Male,25 - 45,1
8745,Caucasian,Female,25 - 45,0
8746,Caucasian,Male,25 - 45,0
8747,Caucasian,Male,25 - 45,1
8748,Caucasian,Male,Greater than 45,1
8749,Other,Male,Greater than 45,1
8752,Caucasian,Male,25 - 45,0
8754,Caucasian,Male,25 - 45,0
8755,Hispanic,Male,25 - 45,1
8756,African-American,Male,Less than 25,1
8757,Caucasian,Male,Less than 25,0
8758,Caucasian,Male,Greater than 45,1
8759,African-American,Female,25 - 45,0
8760,African-American,Female,25 - 45,1
8761,Caucasian,Male,25 - 45,1
8762,Caucasian,Male,25 - 45,0
8764,African-American,Male,25 - 45,0
8765,African-American,Male,25 - 45,1
8768,African-American,Male,Less than 25,0
8770,Asian,Male,25 - 45,0
8771,Hispanic,Male,Greater than 45,0
8773,African-American,Male,25 - 45,1
8774,Caucasian,Male,25 - 45,0
8775,African-American,Male,25 - 45,0
8776,Caucasian,Male,25 - 45,1
8777,Caucasian,Male,Less than 25,0
8778,Caucasian,Female,Greater than 45,0
8781,Caucasian,Male,25 - 45,1
8785,Hispanic,Female,25 - 45,0
8786,African-American,Male,25 - 45,0
8787,Caucasian,Female,25 - 45,1
8789,Caucasian,Male,Less than 25,0
8790,Asian,Male,Greater than 45,0
8791,Caucasian,Female,25 - 45,0
8792,Caucasian,Female,25 - 45,1
8794,Caucasian,Female,25 - 45,0
8797,African-American,Male,25 - 45,0
8798,Hispanic,Male,25 - 45,0
8799,African-American,Male,Less than 25,1
8800,Caucasian,Female,25 - 45,1
8802,African-American,Female,25 - 45,0
8805,African-American,Female,Greater than 45,0
8807,Hispanic,Male,Less than 25,0
8809,Hispanic,Female,Less than 25,0
8812,Hispanic,Male,25 - 45,0
8813,African-American,Male,25 - 45,1
8814,African-American,Female,25 - 45,0
8816,Caucasian,Male,25 - 45,0
8818,African-American,Male,25 - 45,0
8819,Other,Female,25 - 45,0
8820,African-American,Male,Less than 25,1
8821,African-American,Male,Less than 25,1
8823,Hispanic,Male,25 - 45,1
8827,Hispanic,Male,25 - 45,0
8828,Caucasian,Male,Greater than 45,0
8830,African-American,Male,Less than 25,1
8831,Hispanic,Male,Greater than 45,0
8832,African-American,Male,Less than 25,1
8835,African-American,Male,25 - 45,0
8838,Caucasian,Female,25 - 45,0
8841,African-American,Male,25 - 45,1
8842,Caucasian,Male,Greater than 45,0
8843,African-American,Male,25 - 45,1
8844,Hispanic,Male,25 - 45,1
8845,Other,Male,Less than 25,0
8846,Other,Male,Greater than 45,1
8847,African-American,Female,25 - 45,1
8854,African-American,Male,25 - 45,0
8855,Caucasian,Male,Greater than 45,1
8856,Other,Male,25 - 45,0
8857,Caucasian,Male,25 - 45,0
8858,African-American,Male,Less than 25,0
8859,African-American,Female,25 - 45,1
8861,African-American,Male,25 - 45,0
8863,Hispanic,Male,25 - 45,1
8864,Hispanic,Female,25 - 45,0
8865,Caucasian,Female,Greater than 45,0
8866,Hispanic,Female,25 - 45,0
8867,Caucasian,Male,Less than 25,0
8869,African-American,Male,Greater than 45,0
8871,African-American,Male,Less than 25,1
8873,African-American,Male,25 - 45,1
8876,African-American,Male,25 - 45,0
8877,Caucasian,Female,Greater than 45,0
8879,African-American,Male,Less than 25,0
8881,African-American,Male,25 - 45,1
8882,African-American,Male,Less than 25,1
8884,Caucasian,Male,25 - 45,0
8885,African-American,Male,Less than 25,1
8887,Other,Female,25 - 45,1
8889,Caucasian,Male,25 - 45,0
8890,African-American,Male,25 - 45,0
8893,African-American,Male,25 - 45,0
8897,African-American,Male,25 - 45,0
8899,African-American,Female,25 - 45,1
8902,Other,Male,Less than 25,0
8905,Caucasian,Male,Greater than 45,0
8906,Caucasian,Male,Less than 25,1
8908,African-American,Male,25 - 45,0
8909,Caucasian,Male,Greater than 45,0
8910,African-American,Male,25 - 45,1
8914,African-American,Male,Less than 25,1
8918,Caucasian,Female,25 - 45,1
8920,African-American,Female,25 - 45,1
8921,Caucasian,Male,25 - 45,1
8922,Caucasian,Male,Greater than 45,0
8924,African-American,Male,25 - 45,1
8925,African-American,Male,25 - 45,0
8926,African-American,Male,Less than 25,1
8929,Hispanic,Male,25 - 45,1
8933,Caucasian,Male,25 - 45,1
8936,African-American,Male,25 - 45,0
8938,African-American,Female,Greater than 45,0
8939,African-American,Female,25 - 45,0
8940,Other,Male,Greater than 45,0
8941,Caucasian,Male,Less than 25,1
8942,Caucasian,Male,Less than 25,1
8944,African-American,Male,25 - 45,0
8945,African-American,Male,Less than 25,0
8948,Other,Male,25 - 45,0
8949,African-American,Female,25 - 45,0
8954,Caucasian,Male,Greater than 45,0
8959,Other,Male,25 - 45,1
8960,African-American,Male,25 - 45,1
8961,Native American,Male,Less than 25,1
8962,Caucasian,Male,25 - 45,0
8964,African-American,Male,25 - 45,1
8967,Hispanic,Male,Greater than 45,0
8969,African-American,Male,Less than 25,1
8970,Caucasian,Male,Greater than 45,1
8971,African-American,Male,25 - 45,0
8972,African-American,Female,25 - 45,1
8974,African-American,Male,Less than 25,0
8976,Caucasian,Female,25 - 45,0
8983,Caucasian,Female,Greater than 45,0
8984,Hispanic,Male,25 - 45,0
8988,African-American,Male,Less than 25,0
8989,African-American,Male,Less than 25,1
8992,Caucasian,Male,25 - 45,1
8995,Caucasian,Male,Greater than 45,0
8996,African-American,Male,Less than 25,0
8997,African-American,Male,Greater than 45,0
8998,Caucasian,Female,25 - 45,1
8999,African-American,Male,Less than 25,1
9004,African-American,Male,Less than 25,0
9005,Caucasian,Female,25 - 45,0
9008,Other,Male,Greater than 45,0
9010,African-American,Male,25 - 45,0
9012,Caucasian,Male,Greater than 45,0
9013,Caucasian,Male,Greater than 45,0
9017,Hispanic,Male,Less than 25,1
9018,African-American,Male,25 - 45,0
9020,Caucasian,Male,25 - 45,1
9022,African-American,Male,25 - 45,1
9023,Caucasian,Male,Greater than 45,0
9028,African-American,Male,25 - 45,0
9030,Hispanic,Male,Less than 25,0
9031,African-American,Male,25 - 45,1
9032,African-American,Male,25 - 45,0
9033,Other,Male,Less than 25,0
9034,African-American,Male,25 - 45,1
9038,African-American,Female,25 - 45,0
9039,African-American,Male,Less than 25,0
9040,African-American,Male,25 - 45,0
9041,Caucasian,Male,25 - 45,0
9042,Caucasian,Male,Greater than 45,0
9043,Caucasian,Male,25 - 45,1
9044,African-American,Male,Less than 25,1
9045,Caucasian,Male,Greater than 45,0
9046,Caucasian,Male,25 - 45,0
9047,Hispanic,Female,25 - 45,0
9049,African-American,Male,25 - 45,0
9054,African-American,Male,25 - 45,1
9055,Hispanic,Female,Less than 25,1
9056,African-American,Male,Greater than 45,1
9058,Caucasian,Male,Less than 25,1
9060,Caucasian,Male,25 - 45,0
9061,African-American,Male,Less than 25,1
9062,Caucasian,Female,25 - 45,0
9064,African-American,Male,25 - 45,1
9070,Caucasian,Male,Greater than 45,0
9072,African-American,Male,25 - 45,1
9074,African-American,Male,25 - 45,0
9075,Hispanic,Female,25 - 45,0
9076,African-American,Female,25 - 45,1
9077,Caucasian,Male,Less than 25,0
9079,Hispanic,Male,Less than 25,1
9080,Caucasian,Male,25 - 45,1
9081,Other,Male,Less than 25,0
9085,Caucasian,Male,25 - 45,0
9086,African-American,Male,25 - 45,1
9087,Caucasian,Male,Greater than 45,1
9089,Caucasian,Male,25 - 45,0
9091,Other,Male,25 - 45,1
9092,Caucasian,Male,Greater than 45,1
9093,African-American,Male,Less than 25,0
9094,African-American,Male,Less than 25,1
9096,African-American,Male,25 - 45,0
9097,African-American,Male,Less than 25,1
9102,African-American,Male,Less than 25,1
9106,Caucasian,Female,25 - 45,1
9110,African-American,Male,Greater than 45,1
9112,Caucasian,Male,25 - 45,1
9115,Caucasian,Male,Greater than 45,1
9116,Hispanic,Male,Greater than 45,0
9119,African-American,Male,25 - 45,1
9120,African-American,Male,Less than 25,0
9125,Caucasian,Male,Greater than 45,1
9126,African-American,Male,25 - 45,0
9127,Other,Male,25 - 45,0
9129,African-American,Male,25 - 45,0
9131,Other,Male,Less than 25,0
9133,Caucasian,Female,25 - 45,0
9136,African-American,Male,25 - 45,0
9143,Caucasian,Male,Less than 25,0
9144,African-American,Male,25 - 45,1
9145,African-American,Male,Less than 25,1
9146,African-American,Female,Less than 25,0
9147,Other,Male,25 - 45,1
9148,Caucasian,Male,25 - 45,0
9150,Caucasian,Male,Less than 25,1
9155,Caucasian,Male,Less than 25,1
9156,Caucasian,Male,Less than 25,1
9157,African-American,Male,25 - 45,1
9158,Other,Female,25 - 45,1
9159,Caucasian,Male,Greater than 45,1
9160,African-American,Male,25 - 45,0
9163,African-American,Male,25 - 45,1
9165,African-American,Male,25 - 45,0
9166,African-American,Male,Less than 25,0
9167,African-American,Male,25 - 45,0
9169,Other,Male,25 - 45,1
9170,Caucasian,Male,Greater than 45,0
9171,Hispanic,Male,25 - 45,1
9172,African-American,Male,Less than 25,0
9173,Caucasian,Male,Less than 25,0
9174,Caucasian,Female,Less than 25,1
9175,Hispanic,Male,25 - 45,1
9176,Caucasian,Male,25 - 45,1
9178,African-American,Female,25 - 45,1
9180,African-American,Male,Less than 25,0
9181,Hispanic,Female,Greater than 45,1
9182,African-American,Female,25 - 45,1
9183,Caucasian,Female,25 - 45,0
9185,African-American,Male,Greater than 45,1
9186,African-American,Male,25 - 45,0
9187,Hispanic,Male,Less than 25,1
9189,Caucasian,Male,Greater than 45,0
9191,African-American,Male,Greater than 45,1
9192,African-American,Female,25 - 45,0
9196,Caucasian,Male,25 - 45,1
9197,Other,Male,25 - 45,1
9201,African-American,Male,Less than 25,1
9207,African-American,Male,25 - 45,0
9208,African-American,Male,25 - 45,1
9209,African-American,Male,25 - 45,1
9210,Hispanic,Male,Less than 25,1
9212,Caucasian,Male,Greater than 45,0
9214,African-American,Male,Less than 25,0
9215,Caucasian,Male,Less than 25,0
9216,Caucasian,Male,Greater than 45,0
9219,African-American,Male,25 - 45,0
9220,Caucasian,Male,25 - 45,0
9221,Caucasian,Male,Less than 25,1
9224,Caucasian,Male,25 - 45,0
9225,African-American,Male,25 - 45,1
9226,Caucasian,Male,25 - 45,1
9227,Caucasian,Male,25 - 45,0
9229,African-American,Male,Less than 25,0
9230,Caucasian,Female,Less than 25,0
9231,Caucasian,Male,25 - 45,0
9232,Caucasian,Male,25 - 45,1
9235,Caucasian,Male,Greater than 45,0
9238,African-American,Female,25 - 45,0
9239,African-American,Male,Less than 25,1
9240,African-American,Male,25 - 45,1
9241,Caucasian,Male,25 - 45,0
9242,Caucasian,Male,25 - 45,0
9243,Caucasian,Male,25 - 45,0
9244,African-American,Male,Less than 25,1
9245,African-American,Male,25 - 45,0
9246,Caucasian,Female,Greater than 45,0
9247,African-American,Male,25 - 45,1
9248,African-American,Male,Greater than 45,0
9249,Other,Male,25 - 45,0
9253,Caucasian,Male,25 - 45,0
9254,African-American,Male,25 - 45,0
9255,Caucasian,Male,25 - 45,1
9256,Caucasian,Male,25 - 45,1
9257,African-American,Male,25 - 45,0
9258,Caucasian,Male,Greater than 45,0
9259,Caucasian,Male,25 - 45,1
9260,Caucasian,Female,Greater than 45,0
9261,African-American,Male,25 - 45,1
9262,African-American,Male,25 - 45,0
9264,Hispanic,Male,Greater than 45,0
9266,African-American,Female,25 - 45,0
9267,Caucasian,Female,25 - 45,0
9268,Caucasian,Male,25 - 45,1
9269,African-American,Female,25 - 45,0
9270,African-American,Male,25 - 45,0
9273,Caucasian,Male,Less than 25,1
9275,African-American,Male,25 - 45,0
9276,Caucasian,Male,Greater than 45,0
9277,African-American,Female,25 - 45,0
9279,Caucasian,Female,25 - 45,0
9280,Caucasian,Female,25 - 45,0
9282,African-American,Female,Less than 25,0
9283,Caucasian,Male,25 - 45,1
9284,Caucasian,Male,25 - 45,0
9285,African-American,Male,Greater than 45,0
9287,African-American,Male,Less than 25,1
9292,African-American,Male,25 - 45,0
9293,African-American,Male,25 - 45,1
9295,Hispanic,Male,25 - 45,0
9296,African-American,Female,25 - 45,1
9297,African-American,Male,Greater than 45,0
9298,Hispanic,Male,25 - 45,0
9299,Other,Male,25 - 45,1
9303,African-American,Male,25 - 45,0
9306,African-American,Male,Less than 25,1
9307,African-American,Male,Greater than 45,1
9308,Caucasian,Female,Greater than 45,1
9309,Other,Male,Greater than 45,0
9318,African-American,Male,25 - 45,1
9320,African-American,Male,Greater than 45,0
9322,African-American,Male,Less than 25,1
9323,Caucasian,Male,Less than 25,1
9324,Caucasian,Female,25 - 45,1
9325,Hispanic,Male,Greater than 45,1
9326,Caucasian,Male,25 - 45,1
9327,African-American,Male,Less than 25,1
9328,Hispanic,Female,25 - 45,0
9332,African-American,Male,Less than 25,0
9335,African-American,Male,Greater than 45,1
9336,African-American,Male,25 - 45,0
9337,Caucasian,Male,25 - 45,0
9338,African-American,Female,25 - 45,1
9339,Caucasian,Male,25 - 45,1
9343,African-American,Male,25 - 45,0
9344,African-American,Male,Greater than 45,1
9346,African-American,Female,25 - 45,0
9348,Caucasian,Male,Less than 25,0
9350,Caucasian,Male,25 - 45,0
9351,African-American,Male,Greater than 45,0
9352,Caucasian,Male,Less than 25,0
9353,Caucasian,Male,25 - 45,1
9354,Caucasian,Male,Less than 25,0
9357,African-American,Male,25 - 45,0
9358,African-American,Male,25 - 45,1
9364,African-American,Male,Greater than 45,0
9365,Native American,Male,Greater than 45,1
9366,Other,Female,Greater than 45,0
9369,African-American,Male,25 - 45,0
9370,African-American,Male,Greater than 45,1
9372,African-American,Male,Less than 25,0
9375,African-American,Female,25 - 45,1
9376,Other,Male,25 - 45,0
9377,Hispanic,Male,Greater than 45,0
9378,Caucasian,Female,25 - 45,1
9380,Caucasian,Male,25 - 45,0
9381,Caucasian,Male,25 - 45,0
9385,Other,Male,Greater than 45,1
9386,African-American,Male,25 - 45,1
9387,Caucasian,Male,25 - 45,0
9388,Caucasian,Male,Greater than 45,0
9392,Caucasian,Male,Greater than 45,0
9393,Caucasian,Female,25 - 45,1
9394,Caucasian,Male,25 - 45,0
9397,Other,Male,25 - 45,1
9398,African-American,Male,Less than 25,1
9399,Hispanic,Male,25 - 45,1
9401,Caucasian,Male,Less than 25,0
9402,African-American,Male,25 - 45,1
9404,African-American,Male,25 - 45,1
9405,African-American,Female,25 - 45,1
9407,African-American,Male,25 - 45,0
9412,African-American,Female,25 - 45,0
9413,African-American,Male,25 - 45,1
9414,Caucasian,Male,25 - 45,1
9415,Caucasian,Male,Greater than 45,0
9416,African-American,Male,25 - 45,0
9419,African-American,Male,Greater than 45,1
9420,African-American,Male,25 - 45,0
9425,Caucasian,Female,Greater than 45,0
9428,Caucasian,Male,Greater than 45,0
9429,Hispanic,Male,Less than 25,1
9433,African-American,Female,25 - 45,0
9435,Caucasian,Male,Less than 25,0
9436,African-American,Male,25 - 45,1
9437,Hispanic,Male,Less than 25,0
9439,African-American,Male,25 - 45,1
9440,African-American,Male,Less than 25,0
9441,African-American,Male,25 - 45,1
9442,African-American,Male,25 - 45,1
9443,African-American,Male,25 - 45,1
9444,Caucasian,Female,25 - 45,0
9448,Caucasian,Male,Greater than 45,0
9450,African-American,Female,Less than 25,0
9451,African-American,Male,25 - 45,1
9452,African-American,Male,25 - 45,1
9458,African-American,Male,Less than 25,1
9459,Other,Male,Less than 25,0
9460,Hispanic,Male,25 - 45,0
9461,Hispanic,Male,25 - 45,0
9462,Caucasian,Male,Greater than 45,1
9464,Caucasian,Male,Less than 25,0
9465,African-American,Female,Greater than 45,0
9467,African-American,Male,Less than 25,1
9473,African-American,Male,25 - 45,0
9475,African-American,Male,25 - 45,0
9476,African-American,Female,25 - 45,0
9483,African-American,Male,25 - 45,1
9484,Caucasian,Female,25 - 45,0
9486,African-American,Male,Less than 25,1
9488,Caucasian,Male,Less than 25,1
9491,Caucasian,Male,Less than 25,0
9492,African-American,Male,25 - 45,0
9493,African-American,Male,25 - 45,0
9494,Caucasian,Male,25 - 45,0
9495,Hispanic,Male,Less than 25,1
9497,African-American,Male,25 - 45,0
9499,African-American,Male,25 - 45,1
9501,Hispanic,Male,Greater than 45,0
9506,African-American,Male,Less than 25,1
9509,African-American,Male,25 - 45,1
9511,Hispanic,Male,25 - 45,0
9513,African-American,Male,25 - 45,0
9515,African-American,Male,25 - 45,0
9516,African-American,Male,25 - 45,0
9517,Caucasian,Female,Greater than 45,0
9518,Caucasian,Female,25 - 45,0
9519,Caucasian,Male,25 - 45,1
9523,African-American,Male,25 - 45,1
9524,Caucasian,Male,25 - 45,0
9527,African-American,Male,25 - 45,0
9529,African-American,Male,25 - 45,1
9530,Hispanic,Male,Greater than 45,0
9531,Hispanic,Male,25 - 45,1
9532,African-American,Male,Less than 25,1
9534,African-American,Male,Greater than 45,1
9536,African-American,Female,25 - 45,1
9537,Hispanic,Male,25 - 45,0
9540,African-American,Male,25 - 45,1
9541,African-American,Male,25 - 45,1
9542,African-American,Male,Less than 25,1
9545,African-American,Male,Greater than 45,0
9547,Caucasian,Male,25 - 45,0
9548,Caucasian,Female,Greater than 45,0
9550,African-American,Male,Greater than 45,1
9552,Hispanic,Male,25 - 45,1
9553,Caucasian,Male,Greater than 45,0
9554,Caucasian,Male,25 - 45,0
9556,Hispanic,Male,25 - 45,0
9557,African-American,Female,25 - 45,0
9560,Caucasian,Female,Less than 25,1
9561,Caucasian,Male,25 - 45,1
9563,Caucasian,Male,Less than 25,0
9566,Caucasian,Male,Less than 25,1
9567,African-American,Female,25 - 45,0
9568,African-American,Male,25 - 45,1
9569,Caucasian,Male,25 - 45,0
9570,African-American,Male,Less than 25,1
9574,African-American,Male,25 - 45,0
9576,Other,Female,Greater than 45,0
9577,Other,Male,Greater than 45,0
9578,African-American,Male,25 - 45,0
9581,African-American,Female,Less than 25,0
9584,African-American,Female,Greater than 45,1
9586,African-American,Female,Less than 25,1
9588,Caucasian,Male,Greater than 45,0
9589,African-American,Male,Greater than 45,0
9591,African-American,Male,Less than 25,1
9592,Caucasian,Male,25 - 45,0
9593,Caucasian,Female,Greater than 45,0
9597,Caucasian,Male,Less than 25,0
9600,Caucasian,Male,25 - 45,1
9601,Hispanic,Female,25 - 45,1
9603,African-American,Female,25 - 45,1
9604,African-American,Male,Less than 25,1
9606,Caucasian,Female,25 - 45,1
9608,Caucasian,Female,Less than 25,0
9609,Hispanic,Female,25 - 45,1
9612,Caucasian,Male,25 - 45,1
9613,Caucasian,Male,Greater than 45,1
9617,African-American,Male,25 - 45,1
9618,Caucasian,Male,25 - 45,0
9620,Caucasian,Male,Less than 25,1
9621,Caucasian,Male,Greater than 45,0
9624,African-American,Male,25 - 45,0
9625,Other,Male,25 - 45,1
9626,African-American,Male,25 - 45,1
9628,African-American,Female,Less than 25,1
9629,African-American,Female,Less than 25,0
9630,Caucasian,Male,25 - 45,0
9631,Caucasian,Female,Less than 25,0
9632,Caucasian,Male,Greater than 45,0
9633,Hispanic,Male,25 - 45,0
9634,Hispanic,Male,Less than 25,0
9635,Caucasian,Female,25 - 45,0
9636,African-American,Male,25 - 45,1
9640,African-American,Male,25 - 45,1
9641,Caucasian,Male,Greater than 45,0
9643,Caucasian,Male,25 - 45,0
9644,African-American,Male,Less than 25,0
9646,African-American,Female,25 - 45,1
9648,Caucasian,Male,Greater than 45,0
9651,Hispanic,Male,25 - 45,0
9653,Caucasian,Male,Less than 25,0
9654,African-American,Male,Greater than 45,1
9655,Caucasian,Male,25 - 45,1
9656,African-American,Male,25 - 45,1
9658,African-American,Male,25 - 45,0
9659,African-American,Male,25 - 45,0
9662,Caucasian,Male,Greater than 45,0
9663,African-American,Female,25 - 45,0
9664,Caucasian,Female,25 - 45,1
9666,African-American,Male,Less than 25,0
9667,Caucasian,Male,Less than 25,1
9668,African-American,Female,25 - 45,0
9669,African-American,Male,25 - 45,0
9670,Caucasian,Male,Less than 25,0
9672,African-American,Male,Greater than 45,0
9674,Caucasian,Male,Less than 25,1
9676,African-American,Male,25 - 45,0
9677,African-American,Male,25 - 45,0
9681,African-American,Male,Less than 25,1
9685,African-American,Male,Less than 25,1
9686,African-American,Male,Less than 25,0
9687,African-American,Male,25 - 45,0
9690,African-American,Female,25 - 45,0
9691,African-American,Male,25 - 45,0
9693,Hispanic,Male,25 - 45,0
9695,Caucasian,Male,25 - 45,0
9698,African-American,Male,Less than 25,1
9699,Other,Male,25 - 45,0
9703,African-American,Female,25 - 45,1
9704,African-American,Male,Less than 25,0
9706,Caucasian,Female,Less than 25,0
9707,Other,Female,25 - 45,1
9708,African-American,Male,25 - 45,1
9709,African-American,Female,Less than 25,0
9710,African-American,Male,25 - 45,1
9712,African-American,Male,25 - 45,1
9713,Caucasian,Male,25 - 45,0
9714,African-American,Male,Less than 25,1
9717,Caucasian,Female,Greater than 45,0
9722,Caucasian,Male,Less than 25,1
9723,African-American,Male,Less than 25,0
9724,African-American,Female,Greater than 45,0
9725,Other,Male,Greater than 45,0
9729,African-American,Female,25 - 45,1
9730,Caucasian,Male,25 - 45,0
9731,African-American,Female,Less than 25,0
9732,African-American,Male,Less than 25,1
9733,African-American,Male,Less than 25,1
9734,Caucasian,Male,Less than 25,0
9738,African-American,Male,25 - 45,0
9739,African-American,Male,Greater than 45,1
9741,African-American,Male,Less than 25,1
9743,African-American,Male,25 - 45,0
9745,African-American,Male,Less than 25,1
9746,Hispanic,Male,Less than 25,0
9747,African-American,Male,25 - 45,1
9748,African-American,Male,25 - 45,1
9750,African-American,Male,Less than 25,0
9752,African-American,Female,Less than 25,1
9753,Other,Male,25 - 45,0
9754,African-American,Male,25 - 45,1
9755,African-American,Male,25 - 45,1
9756,African-American,Male,25 - 45,1
9758,Caucasian,Male,25 - 45,1
9759,Caucasian,Male,Greater than 45,0
9767,Caucasian,Male,25 - 45,0
9771,African-American,Male,25 - 45,0
9773,African-American,Male,Less than 25,1
9774,Caucasian,Male,Greater than 45,1
9777,African-American,Male,25 - 45,1
9778,African-American,Male,25 - 45,0
9781,Caucasian,Male,Less than 25,1
9782,African-American,Male,25 - 45,0
9784,African-American,Male,25 - 45,0
9785,Caucasian,Male,Greater than 45,0
9786,African-American,Male,25 - 45,1
9787,African-American,Female,Less than 25,1
9789,African-American,Male,Greater than 45,0
9790,African-American,Male,25 - 45,1
9791,Caucasian,Male,Greater than 45,0
9796,Other,Male,Greater than 45,1
9799,Caucasian,Male,25 - 45,1
9800,Caucasian,Male,25 - 45,0
9802,African-American,Male,25 - 45,0
9804,Hispanic,Female,Greater than 45,1
9805,African-American,Male,25 - 45,1
9806,Other,Male,Greater than 45,0
9809,Hispanic,Male,Less than 25,1
9810,African-American,Male,25 - 45,0
9811,African-American,Female,25 - 45,1
9815,African-American,Female,25 - 45,1
9817,African-American,Male,25 - 45,1
9820,African-American,Male,25 - 45,0
9822,Caucasian,Male,25 - 45,1
9823,African-American,Male,Greater than 45,0
9824,Hispanic,Male,Greater than 45,0
9827,Caucasian,Male,25 - 45,0
9830,Caucasian,Male,Greater than 45,0
9831,Hispanic,Male,25 - 45,1
9832,Caucasian,Male,25 - 45,1
9833,Caucasian,Male,Greater than 45,0
9834,African-American,Male,25 - 45,0
9835,African-American,Female,Greater than 45,0
9838,African-American,Male,Greater than 45,0
9840,Caucasian,Female,25 - 45,0
9842,Hispanic,Female,Greater than 45,0
9843,African-American,Male,25 - 45,1
9845,African-American,Male,Greater than 45,0
9846,Caucasian,Male,25 - 45,1
9847,African-American,Female,Greater than 45,1
9851,African-American,Male,Greater than 45,1
9852,African-American,Male,Less than 25,1
9854,African-American,Male,Greater than 45,1
9855,Caucasian,Male,Greater than 45,0
9856,African-American,Male,25 - 45,0
9857,African-American,Male,Less than 25,1
9861,Caucasian,Male,25 - 45,0
9862,Hispanic,Male,25 - 45,0
9864,African-American,Male,25 - 45,1
9865,African-American,Male,25 - 45,1
9867,African-American,Male,25 - 45,0
9868,African-American,Male,25 - 45,0
9869,African-American,Male,Greater than 45,0
9872,African-American,Male,Greater than 45,1
9875,African-American,Male,25 - 45,1
9877,Caucasian,Male,Less than 25,1
9880,Caucasian,Female,Greater than 45,0
9883,African-American,Male,25 - 45,1
9885,African-American,Female,Less than 25,0
9888,African-American,Male,25 - 45,0
9889,African-American,Male,25 - 45,0
9890,African-American,Male,25 - 45,0
9891,African-American,Male,25 - 45,0
9892,African-American,Male,25 - 45,1
9894,Caucasian,Female,25 - 45,1
9902,African-American,Female,25 - 45,1
9904,African-American,Male,25 - 45,1
9905,Caucasian,Male,Less than 25,1
9907,African-American,Male,Greater than 45,1
9908,African-American,Male,Less than 25,1
9909,African-American,Male,25 - 45,1
9912,Hispanic,Male,25 - 45,0
9914,Caucasian,Male,Less than 25,1
9917,African-American,Male,25 - 45,0
9918,Caucasian,Male,25 - 45,0
9919,African-American,Male,25 - 45,0
9920,Caucasian,Female,Greater than 45,1
9921,African-American,Male,25 - 45,0
9922,African-American,Female,25 - 45,0
9923,African-American,Male,25 - 45,1
9924,Caucasian,Male,25 - 45,1
9931,African-American,Male,Greater than 45,0
9933,African-American,Male,25 - 45,1
9934,African-American,Male,25 - 45,1
9935,African-American,Male,Less than 25,1
9939,Caucasian,Male,Greater than 45,0
9940,African-American,Female,25 - 45,1
9942,Hispanic,Male,Greater than 45,0
9944,Caucasian,Male,25 - 45,1
9945,Caucasian,Male,Less than 25,1
9948,African-American,Male,25 - 45,0
9951,Caucasian,Male,25 - 45,0
9952,Caucasian,Male,25 - 45,0
9953,African-American,Male,Less than 25,1
9955,African-American,Male,25 - 45,0
9956,African-American,Male,Greater than 45,1
9959,African-American,Female,Less than 25,0
9960,African-American,Female,25 - 45,0
9963,African-American,Female,Less than 25,0
9965,Caucasian,Male,Less than 25,0
9966,African-American,Male,Greater than 45,1
9968,African-American,Female,25 - 45,1
9969,Caucasian,Male,Greater than 45,1
9970,African-American,Male,25 - 45,1
9971,Caucasian,Female,Greater than 45,0
9972,African-American,Male,Less than 25,0
9973,African-American,Male,Less than 25,1
9977,African-American,Male,25 - 45,1
9979,Caucasian,Female,25 - 45,0
9980,African-American,Female,25 - 45,1
9981,African-American,Male,Less than 25,1
9983,African-American,Male,Less than 25,1
9984,African-American,Male,Less than 25,0
9985,Caucasian,Male,25 - 45,0
9987,African-American,Female,Less than 25,1
9991,Caucasian,Male,Less than 25,0
9996,Caucasian,Female,25 - 45,1
9997,African-American,Male,Less than 25,0
10004,African-American,Male,25 - 45,0
10006,Caucasian,Male,Less than 25,1
10007,African-American,Male,Less than 25,0
10008,Caucasian,Male,25 - 45,1
10009,African-American,Male,25 - 45,1
10010,African-American,Male,Less than 25,1
10012,African-American,Female,Less than 25,1
10017,Other,Male,Less than 25,1
10018,African-American,Female,Less than 25,0
10019,African-American,Male,Less than 25,1
10020,Caucasian,Male,25 - 45,0
10021,Caucasian,Male,Less than 25,0
10022,African-American,Male,25 - 45,1
10025,African-American,Male,Less than 25,1
10029,Caucasian,Male,Greater than 45,0
10033,African-American,Female,25 - 45,1
10035,African-American,Female,Greater than 45,0
10036,African-American,Male,25 - 45,1
10037,African-American,Male,Greater than 45,1
10040,African-American,Female,Greater than 45,1
10042,African-American,Male,25 - 45,1
10043,Caucasian,Female,Greater than 45,0
10044,Caucasian,Male,25 - 45,1
10045,African-American,Male,Less than 25,1
10046,Caucasian,Male,Less than 25,1
10047,Caucasian,Male,Greater than 45,0
10051,Caucasian,Male,25 - 45,1
10052,African-American,Female,25 - 45,0
10054,African-American,Male,Greater than 45,0
10056,Other,Male,25 - 45,0
10058,African-American,Male,Greater than 45,0
10059,African-American,Female,25 - 45,0
10061,African-American,Male,25 - 45,0
10062,Caucasian,Female,25 - 45,1
10064,African-American,Male,Greater than 45,0
10065,Caucasian,Male,25 - 45,0
10066,African-American,Male,Greater than 45,0
10068,Caucasian,Male,Less than 25,0
10069,Caucasian,Female,25 - 45,0
10071,Hispanic,Female,25 - 45,0
10072,Caucasian,Male,25 - 45,1
10077,African-American,Male,25 - 45,0
10079,Hispanic,Female,25 - 45,1
10083,Caucasian,Male,25 - 45,0
10086,Caucasian,Female,25 - 45,1
10087,Caucasian,Male,Greater than 45,1
10088,African-American,Female,25 - 45,0
10091,African-American,Male,25 - 45,1
10092,African-American,Male,Greater than 45,1
10094,Caucasian,Male,Less than 25,0
10095,African-American,Male,25 - 45,0
10096,Other,Female,Less than 25,0
10097,African-American,Male,25 - 45,1
10107,African-American,Female,25 - 45,0
10110,African-American,Female,25 - 45,1
10111,African-American,Male,25 - 45,0
10112,African-American,Male,25 - 45,1
10118,Hispanic,Male,Greater than 45,0
10119,African-American,Male,Less than 25,1
10120,Other,Female,25 - 45,1
10121,African-American,Male,25 - 45,1
10125,Hispanic,Male,Greater than 45,1
10126,Caucasian,Female,Less than 25,1
10127,Caucasian,Male,Greater than 45,0
10129,African-American,Male,25 - 45,1
10130,African-American,Female,Greater than 45,0
10131,African-American,Male,Less than 25,0
10132,Caucasian,Male,25 - 45,1
10133,Caucasian,Male,25 - 45,0
10134,Hispanic,Male,25 - 45,1
10136,African-American,Male,25 - 45,1
10137,African-American,Male,25 - 45,0
10139,African-American,Female,25 - 45,1
10145,Hispanic,Female,25 - 45,0
10148,African-American,Male,25 - 45,1
10150,African-American,Male,25 - 45,1
10157,African-American,Female,25 - 45,1
10158,African-American,Male,Less than 25,1
10159,Caucasian,Male,Greater than 45,0
10161,Caucasian,Female,25 - 45,0
10163,African-American,Male,Less than 25,0
10165,African-American,Male,25 - 45,1
10167,African-American,Male,Less than 25,1
10168,Caucasian,Male,Greater than 45,0
10169,Caucasian,Male,25 - 45,1
10174,Caucasian,Male,25 - 45,1
10176,African-American,Male,25 - 45,1
10178,Caucasian,Male,Greater than 45,0
10179,African-American,Male,Greater than 45,0
10181,African-American,Male,25 - 45,0
10183,African-American,Male,25 - 45,0
10184,African-American,Male,25 - 45,0
10185,African-American,Male,25 - 45,0
10188,Caucasian,Male,25 - 45,1
10189,African-American,Male,25 - 45,1
10193,African-American,Male,Less than 25,0
10194,African-American,Male,Less than 25,1
10195,Other,Male,25 - 45,0
10196,Caucasian,Male,25 - 45,0
10197,African-American,Female,Greater than 45,1
10198,Other,Male,25 - 45,0
10201,Hispanic,Male,25 - 45,1
10202,African-American,Female,25 - 45,1
10205,Hispanic,Male,25 - 45,1
10207,African-American,Male,25 - 45,0
10210,African-American,Male,25 - 45,0
10211,African-American,Female,Less than 25,0
10214,African-American,Male,Less than 25,0
10216,African-American,Female,25 - 45,0
10217,African-American,Male,25 - 45,1
10218,African-American,Male,Less than 25,1
10219,Caucasian,Female,Less than 25,1
10220,African-American,Male,Less than 25,0
10223,African-American,Male,25 - 45,0
10224,African-American,Male,25 - 45,0
10225,Other,Male,25 - 45,0
10226,African-American,Male,25 - 45,1
10228,Caucasian,Male,Greater than 45,0
10229,African-American,Male,25 - 45,0
10230,Caucasian,Male,Greater than 45,0
10232,African-American,Male,25 - 45,1
10233,African-American,Male,Less than 25,0
10234,African-American,Male,25 - 45,1
10235,African-American,Male,Less than 25,0
10237,Caucasian,Male,Less than 25,1
10239,African-American,Male,25 - 45,0
10241,African-American,Male,25 - 45,1
10242,Caucasian,Male,25 - 45,0
10243,Hispanic,Female,25 - 45,0
10244,Other,Male,Greater than 45,1
10251,Caucasian,Male,25 - 45,0
10252,African-American,Male,Less than 25,0
10253,Other,Male,25 - 45,0
10254,African-American,Male,25 - 45,0
10256,Caucasian,Male,25 - 45,0
10257,Other,Female,25 - 45,0
10258,Caucasian,Male,Greater than 45,1
10259,Caucasian,Male,Greater than 45,0
10261,African-American,Male,25 - 45,0
10262,Other,Male,25 - 45,0
10267,African-American,Female,25 - 45,0
10269,Caucasian,Male,25 - 45,0
10270,Hispanic,Female,25 - 45,1
10271,Hispanic,Male,25 - 45,0
10272,African-American,Male,Less than 25,0
10274,African-American,Male,25 - 45,1
10276,African-American,Male,25 - 45,1
10277,African-American,Male,25 - 45,0
10280,African-American,Male,25 - 45,1
10281,Caucasian,Female,Greater than 45,0
10283,African-American,Male,25 - 45,1
10288,Other,Male,25 - 45,0
10289,Caucasian,Male,25 - 45,1
10292,African-American,Male,Less than 25,0
10293,Caucasian,Male,Less than 25,0
10296,African-American,Male,25 - 45,0
10298,African-American,Male,25 - 45,1
10299,African-American,Male,25 - 45,0
10300,Caucasian,Male,Greater than 45,0
10301,African-American,Male,Less than 25,1
10302,African-American,Male,Greater than 45,0
10303,Hispanic,Male,Less than 25,1
10305,African-American,Male,Less than 25,1
10306,Caucasian,Male,Greater than 45,1
10307,African-American,Male,25 - 45,0
10309,African-American,Male,Greater than 45,1
10312,African-American,Female,25 - 45,1
10313,African-American,Male,25 - 45,0
10315,African-American,Male,25 - 45,1
10316,Other,Male,Greater than 45,0
10317,African-American,Male,Greater than 45,0
10319,African-American,Male,25 - 45,1
10324,African-American,Female,Less than 25,1
10326,African-American,Male,25 - 45,1
10327,Caucasian,Male,Less than 25,0
10329,Other,Male,Greater than 45,0
10330,Caucasian,Male,Greater than 45,0
10332,Hispanic,Male,25 - 45,0
10333,Other,Male,25 - 45,0
10334,African-American,Male,Less than 25,1
10335,Other,Female,Greater than 45,0
10336,African-American,Male,25 - 45,1
10337,Hispanic,Male,25 - 45,0
10338,Caucasian,Female,25 - 45,1
10343,Other,Female,25 - 45,0
10344,African-American,Male,25 - 45,0
10345,African-American,Male,Greater than 45,0
10346,African-American,Male,25 - 45,1
10348,African-American,Male,Less than 25,0
10349,African-American,Male,25 - 45,1
10351,African-American,Female,25 - 45,1
10354,African-American,Female,Less than 25,0
10355,Other,Male,25 - 45,0
10356,Hispanic,Male,25 - 45,1
10357,Caucasian,Male,25 - 45,0
10359,African-American,Male,25 - 45,0
10360,Caucasian,Male,25 - 45,0
10361,Caucasian,Female,25 - 45,0
10363,African-American,Male,Less than 25,1
10364,Other,Male,Less than 25,1
10367,African-American,Male,25 - 45,1
10369,Hispanic,Male,25 - 45,0
10370,Caucasian,Female,25 - 45,0
10372,Caucasian,Male,25 - 45,1
10375,African-American,Male,Less than 25,1
10376,Caucasian,Female,Greater than 45,0
10377,Caucasian,Male,25 - 45,0
10378,Caucasian,Male,Less than 25,1
10379,African-American,Male,25 - 45,1
10380,Other,Female,25 - 45,0
10381,African-American,Female,Less than 25,1
10383,African-American,Male,25 - 45,1
10386,Caucasian,Male,Less than 25,0
10388,African-American,Male,25 - 45,1
10389,Caucasian,Male,25 - 45,0
10390,Caucasian,Male,25 - 45,1
10393,African-American,Female,25 - 45,1
10394,African-American,Male,25 - 45,0
10399,Caucasian,Male,25 - 45,0
10400,Caucasian,Male,Less than 25,0
10401,Caucasian,Female,Greater than 45,0
10402,Caucasian,Male,Greater than 45,0
10404,Hispanic,Male,25 - 45,0
10406,African-American,Male,25 - 45,0
10407,African-American,Male,Greater than 45,1
10408,Hispanic,Male,25 - 45,0
10410,Caucasian,Female,Greater than 45,0
10412,Caucasian,Male,Greater than 45,0
10413,African-American,Male,Greater than 45,0
10415,African-American,Male,25 - 45,0
10416,African-American,Male,Less than 25,0
10417,Caucasian,Male,Greater than 45,0
10419,Hispanic,Male,25 - 45,1
10422,Caucasian,Male,25 - 45,1
10423,Caucasian,Male,25 - 45,1
10424,African-American,Male,Greater than 45,0
10427,Caucasian,Male,Greater than 45,0
10428,Caucasian,Male,Greater than 45,0
10429,Other,Male,25 - 45,1
10430,Hispanic,Male,25 - 45,1
10431,Caucasian,Male,25 - 45,0
10432,African-American,Male,Greater than 45,0
10436,African-American,Female,Less than 25,0
10437,Caucasian,Male,25 - 45,1
10439,African-American,Male,Less than 25,0
10440,Caucasian,Male,25 - 45,0
10443,Hispanic,Female,Greater than 45,0
10444,African-American,Male,25 - 45,0
10445,Hispanic,Male,25 - 45,1
10446,African-American,Male,Less than 25,0
10447,Caucasian,Male,Greater than 45,0
10448,African-American,Male,Greater than 45,1
10449,African-American,Female,Greater than 45,0
10450,Caucasian,Male,25 - 45,1
10451,African-American,Female,25 - 45,1
10452,African-American,Female,25 - 45,0
10454,African-American,Male,25 - 45,1
10455,Hispanic,Female,25 - 45,0
10456,African-American,Male,25 - 45,1
10457,African-American,Male,25 - 45,1
10461,Other,Male,25 - 45,0
10462,Caucasian,Female,25 - 45,0
10463,African-American,Male,Less than 25,1
10464,Caucasian,Male,Greater than 45,0
10467,Caucasian,Male,Greater than 45,0
10468,Native American,Female,25 - 45,1
10469,African-American,Male,25 - 45,0
10479,Hispanic,Male,25 - 45,0
10480,African-American,Male,Greater than 45,1
10482,Hispanic,Male,25 - 45,1
10483,African-American,Male,Less than 25,0
10484,Caucasian,Male,25 - 45,0
10486,Caucasian,Male,Greater than 45,0
10490,Caucasian,Male,25 - 45,1
10491,Caucasian,Male,25 - 45,0
10492,Hispanic,Female,25 - 45,0
10493,Other,Male,Greater than 45,0
10494,African-American,Female,Less than 25,1
10497,Other,Male,Less than 25,1
10498,Caucasian,Female,Greater than 45,0
10500,African-American,Male,25 - 45,1
10502,Caucasian,Male,25 - 45,0
10505,African-American,Male,Less than 25,0
10506,African-American,Male,25 - 45,1
10507,Caucasian,Male,25 - 45,0
10509,African-American,Male,25 - 45,0
10510,Caucasian,Male,25 - 45,0
10511,African-American,Male,25 - 45,1
10512,African-American,Male,25 - 45,1
10513,Caucasian,Female,25 - 45,0
10514,Caucasian,Male,Less than 25,0
10518,African-American,Male,25 - 45,1
10519,African-American,Male,25 - 45,1
10520,African-American,Female,Less than 25,1
10522,Caucasian,Female,Greater than 45,0
10523,Other,Male,25 - 45,1
10525,African-American,Male,25 - 45,1
10528,Hispanic,Male,25 - 45,0
10530,African-American,Female,25 - 45,0
10531,Caucasian,Male,25 - 45,1
10532,African-American,Male,25 - 45,1
10533,African-American,Female,25 - 45,1
10536,African-American,Male,25 - 45,1
10538,African-American,Male,Less than 25,0
10540,Caucasian,Female,25 - 45,1
10542,Caucasian,Male,25 - 45,1
10543,Caucasian,Male,Greater than 45,1
10544,Caucasian,Male,Greater than 45,0
10545,African-American,Male,25 - 45,0
10546,Caucasian,Female,25 - 45,0
10547,African-American,Male,Greater than 45,1
10549,Other,Male,25 - 45,0
10550,Caucasian,Male,25 - 45,0
10552,Caucasian,Female,Greater than 45,0
10553,African-American,Male,25 - 45,1
10554,African-American,Male,Less than 25,1
10555,African-American,Male,25 - 45,1
10556,African-American,Female,25 - 45,0
10557,African-American,Male,25 - 45,0
10558,African-American,Male,25 - 45,1
10559,African-American,Male,25 - 45,0
10560,Caucasian,Male,25 - 45,1
10561,African-American,Male,Less than 25,0
10563,African-American,Male,Greater than 45,0
10567,Caucasian,Female,25 - 45,0
10568,Caucasian,Male,25 - 45,0
10570,Caucasian,Male,Greater than 45,0
10571,Caucasian,Male,Less than 25,1
10572,African-American,Male,25 - 45,1
10575,Caucasian,Male,25 - 45,0
10577,Caucasian,Male,Greater than 45,1
10579,African-American,Male,25 - 45,1
10580,Caucasian,Female,Less than 25,0
10581,African-American,Male,Less than 25,1
10584,Caucasian,Male,25 - 45,1
10585,African-American,Female,25 - 45,0
10586,African-American,Male,Greater than 45,1
10589,African-American,Male,Less than 25,1
10590,African-American,Male,25 - 45,1
10591,Caucasian,Male,25 - 45,1
10594,Hispanic,Female,25 - 45,0
10595,Caucasian,Male,25 - 45,0
10596,Other,Male,Less than 25,0
10599,African-American,Female,25 - 45,1
10606,Caucasian,Male,25 - 45,0
10607,Caucasian,Female,Less than 25,1
10608,Caucasian,Male,25 - 45,1
10614,African-American,Male,25 - 45,1
10617,Caucasian,Male,Greater than 45,1
10618,African-American,Male,25 - 45,1
10619,African-American,Male,Less than 25,1
10621,Other,Male,Less than 25,1
10622,African-American,Female,25 - 45,0
10623,Other,Male,Greater than 45,1
10625,African-American,Male,Less than 25,0
10626,Caucasian,Male,Greater than 45,0
10627,Caucasian,Male,25 - 45,0
10628,Other,Male,25 - 45,1
10629,Caucasian,Female,25 - 45,1
10631,Caucasian,Male,Greater than 45,0
10636,Caucasian,Male,Less than 25,0
10637,Caucasian,Male,25 - 45,1
10643,African-American,Male,Less than 25,0
10645,African-American,Male,25 - 45,0
10646,African-American,Male,25 - 45,1
10648,Hispanic,Male,25 - 45,1
10649,African-American,Male,Less than 25,0
10651,Caucasian,Male,Less than 25,0
10652,African-American,Male,25 - 45,1
10653,African-American,Male,Greater than 45,0
10655,Other,Female,25 - 45,0
10656,African-American,Male,Less than 25,0
10657,Caucasian,Male,25 - 45,0
10659,African-American,Male,25 - 45,1
10660,Hispanic,Male,Less than 25,1
10664,African-American,Male,Less than 25,1
10665,African-American,Male,Greater than 45,1
10666,African-American,Male,Greater than 45,1
10669,Caucasian,Male,Greater than 45,1
10670,African-American,Female,Greater than 45,0
10671,African-American,Male,25 - 45,1
10672,African-American,Female,Greater than 45,0
10673,African-American,Female,25 - 45,1
10674,African-American,Male,25 - 45,0
10676,Other,Male,Less than 25,0
10677,African-American,Male,25 - 45,1
10678,Hispanic,Male,25 - 45,1
10680,African-American,Male,Less than 25,1
10685,African-American,Female,25 - 45,0
10686,Caucasian,Male,25 - 45,0
10689,Hispanic,Male,25 - 45,0
10690,African-American,Male,Less than 25,0
10692,African-American,Male,25 - 45,1
10694,African-American,Male,Greater than 45,0
10695,Caucasian,Male,25 - 45,1
10697,Caucasian,Male,Greater than 45,1
10698,African-American,Male,Less than 25,1
10699,African-American,Male,Greater than 45,1
10700,African-American,Male,25 - 45,1
10703,African-American,Male,25 - 45,0
10706,African-American,Male,25 - 45,0
10707,Caucasian,Male,25 - 45,1
10708,Caucasian,Male,25 - 45,0
10709,Caucasian,Male,Greater than 45,0
10712,African-American,Male,Less than 25,1
10713,Hispanic,Female,Less than 25,0
10718,Other,Male,Less than 25,0
10719,African-American,Male,25 - 45,0
10720,African-American,Male,Less than 25,1
10721,Caucasian,Male,Greater than 45,0
10723,Caucasian,Female,25 - 45,1
10728,African-American,Female,25 - 45,1
10729,African-American,Male,25 - 45,1
10730,African-American,Female,25 - 45,0
10733,African-American,Male,25 - 45,1
10735,African-American,Male,Greater than 45,0
10737,Caucasian,Female,Greater than 45,0
10743,African-American,Male,25 - 45,1
10748,Caucasian,Male,25 - 45,0
10749,African-American,Female,25 - 45,0
10750,Caucasian,Female,Greater than 45,0
10753,African-American,Male,Less than 25,1
10754,Hispanic,Female,Less than 25,0
10756,Caucasian,Male,25 - 45,0
10757,African-American,Male,Less than 25,1
10758,African-American,Male,Greater than 45,0
10760,Hispanic,Male,Less than 25,1
10761,African-American,Male,Less than 25,1
10762,Hispanic,Female,25 - 45,0
10763,African-American,Male,Greater than 45,0
10765,African-American,Male,25 - 45,0
10766,African-American,Male,25 - 45,1
10768,Caucasian,Male,25 - 45,1
10769,Caucasian,Male,Greater than 45,0
10770,Caucasian,Male,Greater than 45,0
10774,African-American,Male,Greater than 45,1
10778,Caucasian,Male,25 - 45,1
10779,Caucasian,Male,Greater than 45,0
10781,African-American,Male,Greater than 45,0
10783,Caucasian,Male,Greater than 45,0
10784,Caucasian,Male,25 - 45,0
10786,Caucasian,Female,Greater than 45,0
10787,African-American,Female,Greater than 45,0
10788,Asian,Male,Less than 25,0
10793,Caucasian,Female,Greater than 45,1
10794,African-American,Male,25 - 45,1
10795,African-American,Male,25 - 45,1
10799,African-American,Female,Less than 25,1
10801,African-American,Male,Less than 25,1
10803,Caucasian,Male,25 - 45,0
10806,African-American,Male,Less than 25,1
10807,Caucasian,Male,25 - 45,1
10810,African-American,Male,25 - 45,0
10811,Caucasian,Male,25 - 45,0
10814,African-American,Male,Greater than 45,1
10817,Other,Male,Greater than 45,1
10818,Caucasian,Female,25 - 45,1
10819,Asian,Male,Less than 25,1
10821,African-American,Male,25 - 45,1
10823,Hispanic,Male,25 - 45,1
10824,African-American,Female,Less than 25,1
10827,Caucasian,Male,25 - 45,0
10831,Caucasian,Female,25 - 45,1
10835,Hispanic,Male,Less than 25,0
10836,African-American,Male,25 - 45,1
10837,African-American,Male,Greater than 45,0
10838,African-American,Female,25 - 45,1
10839,African-American,Male,25 - 45,1
10841,African-American,Male,25 - 45,1
10843,Hispanic,Male,Less than 25,0
10844,Caucasian,Male,25 - 45,1
10849,African-American,Male,25 - 45,1
10851,African-American,Female,25 - 45,1
10854,Other,Male,25 - 45,0
10855,African-American,Male,Greater than 45,1
10858,African-American,Male,25 - 45,0
10859,African-American,Female,25 - 45,0
10860,African-American,Male,25 - 45,0
10863,African-American,Male,25 - 45,1
10864,African-American,Male,Less than 25,1
10865,Caucasian,Male,Greater than 45,0
10869,African-American,Male,Greater than 45,1
10870,Caucasian,Female,25 - 45,1
10871,Caucasian,Female,25 - 45,0
10873,African-American,Female,25 - 45,1
10874,African-American,Female,Less than 25,0
10875,Asian,Male,25 - 45,1
10876,African-American,Male,Greater than 45,0
10878,Hispanic,Male,Greater than 45,1
10879,Caucasian,Male,Greater than 45,0
10880,Other,Female,25 - 45,0
10882,Caucasian,Female,Less than 25,0
10883,African-American,Male,25 - 45,1
10884,Caucasian,Male,25 - 45,0
10885,Hispanic,Female,Greater than 45,1
10886,African-American,Female,25 - 45,1
10888,African-American,Female,25 - 45,1
10889,African-American,Male,Greater than 45,0
10893,Caucasian,Male,Greater than 45,0
10894,African-American,Male,25 - 45,0
10895,African-American,Female,25 - 45,1
10897,Caucasian,Male,25 - 45,0
10899,Caucasian,Male,25 - 45,1
10903,African-American,Male,Less than 25,1
10907,Caucasian,Female,25 - 45,0
10909,Caucasian,Male,25 - 45,1
10910,Hispanic,Male,25 - 45,0
10913,African-American,Male,Less than 25,1
10917,African-American,Male,25 - 45,1
10918,Caucasian,Male,25 - 45,0
10919,African-American,Male,25 - 45,1
10920,Caucasian,Male,25 - 45,0
10921,African-American,Male,25 - 45,0
10922,Caucasian,Male,Greater than 45,0
10924,African-American,Male,25 - 45,0
10925,Caucasian,Male,25 - 45,1
10927,African-American,Male,Less than 25,0
10928,African-American,Male,Greater than 45,0
10930,African-American,Male,25 - 45,1
10931,Hispanic,Male,25 - 45,0
10932,African-American,Male,25 - 45,0
10934,Caucasian,Male,25 - 45,0
10935,Hispanic,Male,25 - 45,1
10936,African-American,Male,Less than 25,1
10939,Caucasian,Female,Greater than 45,0
10940,Caucasian,Male,25 - 45,0
10941,Caucasian,Male,25 - 45,1
10942,African-American,Male,Less than 25,0
10945,African-American,Male,Less than 25,1
10946,African-American,Male,25 - 45,0
10947,African-American,Male,Greater than 45,1
10950,Caucasian,Male,Greater than 45,1
10951,Hispanic,Male,Less than 25,0
10954,Caucasian,Female,Less than 25,0
10955,Caucasian,Female,Greater than 45,0
10956,Caucasian,Female,Greater than 45,0
10957,African-American,Male,Greater than 45,1
10958,Caucasian,Female,Greater than 45,0
10960,African-American,Female,Less than 25,1
10962,Caucasian,Female,25 - 45,1
10963,Caucasian,Male,25 - 45,0
10964,African-American,Male,25 - 45,0
10965,Caucasian,Male,Greater than 45,1
10966,Caucasian,Male,25 - 45,0
10967,African-American,Male,25 - 45,1
10969,African-American,Male,Less than 25,1
10972,Caucasian,Male,25 - 45,0
10975,African-American,Male,25 - 45,0
10976,Caucasian,Female,25 - 45,1
10977,African-American,Male,25 - 45,1
10979,African-American,Male,25 - 45,0
10980,African-American,Male,25 - 45,0
10981,African-American,Male,25 - 45,0
10982,Caucasian,Male,Less than 25,0
10984,African-American,Female,Less than 25,1
10985,African-American,Male,25 - 45,1
10987,Hispanic,Male,25 - 45,0
10988,Hispanic,Male,25 - 45,0
10989,African-American,Male,25 - 45,0
10992,Caucasian,Male,Less than 25,1
10994,African-American,Male,25 - 45,1
10995,African-American,Male,Less than 25,0
10996,African-American,Male,Less than 25,0
10997,African-American,Male,Less than 25,0
10999,Other,Male,Greater than 45,0
11000,African-American,Female,25 - 45,0
11001,Hispanic,Female,Less than 25,1
