sex,age,juv_fel_count,juv_misd_count,priors_count,c_charge_degree,c_charge_desc,two_year_recid
1,34,0,0,0,0,163,1
1,24,0,0,4,0,301,1
1,23,0,1,1,0,300,0
1,41,0,0,14,0,280,1
0,39,0,0,0,1,40,0
1,21,0,0,1,0,189,1
1,27,0,0,0,0,236,0
1,23,0,0,3,1,40,1
0,37,0,0,0,1,40,0
1,41,0,0,0,0,268,0
0,47,0,0,1,0,408,1
1,31,0,0,7,0,166,1
1,25,0,0,3,0,183,0
1,31,0,0,6,0,133,1
1,31,0,0,5,0,292,1
1,64,0,0,13,0,408,1
1,21,0,0,1,0,46,1
1,27,0,0,0,1,294,1
0,21,0,0,0,0,193,0
1,43,0,0,1,1,356,0
1,27,0,0,8,0,67,1
0,36,0,0,3,0,408,0
1,26,0,0,5,0,234,1
1,33,0,0,0,0,360,1
1,30,0,0,9,0,163,1
1,32,0,0,4,0,31,1
1,55,0,0,0,0,408,0
1,26,0,0,6,1,228,0
0,33,0,0,4,1,40,1
1,24,0,0,1,1,40,1
1,34,2,1,21,0,259,1
1,29,0,0,0,1,271,0
0,21,0,0,2,0,408,0
1,51,0,0,2,1,388,0
1,29,0,0,2,1,400,1
0,51,0,0,7,0,301,0
1,29,0,0,0,0,109,1
1,25,0,0,9,1,40,1
1,35,1,0,13,0,398,1
1,49,0,0,0,1,99,0
1,34,0,0,4,1,131,1
1,29,0,0,0,0,360,0
1,29,0,0,1,0,309,1
1,48,0,0,20,0,408,1
1,31,0,0,15,0,32,0
1,24,0,0,2,0,255,1
1,49,0,0,4,1,40,0
1,53,0,0,8,0,408,0
1,35,0,0,5,0,133,0
1,63,0,0,10,1,274,1
1,27,1,1,15,0,133,1
1,38,0,0,4,1,40,1
1,22,0,0,1,0,245,1
1,22,0,1,2,0,338,1
1,29,0,0,4,0,408,1
1,27,0,1,6,0,18,1
0,56,0,0,0,1,40,0
1,39,0,0,1,1,408,0
1,29,0,0,5,0,155,1
1,27,0,0,1,0,408,1
1,40,0,0,2,0,408,0
1,22,0,0,1,1,40,1
1,22,0,0,0,0,183,0
0,26,0,0,1,0,240,1
1,27,0,0,1,0,56,1
1,32,0,0,0,0,162,0
1,41,0,0,1,1,408,0
1,30,0,0,8,1,271,1
1,25,1,6,14,0,408,1
1,22,1,0,2,0,35,1
1,23,0,0,2,1,408,1
0,35,0,0,1,1,408,0
1,36,0,0,9,0,119,1
1,26,0,0,7,0,280,1
1,25,0,0,9,0,234,1
1,71,0,0,12,1,271,0
0,20,0,0,0,0,268,0
1,39,0,0,2,0,284,1
1,66,0,0,3,0,170,0
0,54,0,0,0,1,99,0
1,19,0,0,1,1,40,1
1,24,0,0,1,0,408,0
1,30,0,0,1,0,146,0
0,39,0,0,0,0,11,1
1,24,0,1,8,0,156,1
1,30,0,0,0,0,294,0
1,31,0,0,0,1,40,0
0,39,0,0,1,0,308,0
1,59,0,0,14,0,408,1
1,43,0,0,1,0,301,0
1,21,0,0,3,0,183,1
1,38,0,0,5,1,271,1
1,34,0,0,0,0,14,0
1,33,0,0,5,0,241,1
1,37,0,0,3,0,268,0
1,42,0,0,1,0,9,1
1,41,0,1,10,0,301,1
1,22,0,0,0,0,398,1
1,33,0,12,28,0,133,1
1,31,0,0,1,1,40,0
1,31,0,0,13,0,408,1
1,27,0,0,3,0,301,1
1,56,0,0,8,0,408,0
1,52,0,0,3,1,40,0
1,33,0,0,19,0,408,1
0,64,0,0,2,1,324,0
1,22,0,0,4,0,284,1
1,42,0,0,6,0,284,0
0,25,0,0,2,0,408,0
1,30,0,0,1,1,4,0
1,28,0,0,2,0,408,0
1,28,0,0,0,1,128,1
0,24,0,0,0,1,40,0
0,29,0,1,10,0,183,1
1,44,0,0,2,1,40,1
1,32,0,0,3,0,301,1
1,31,0,0,2,1,324,1
1,31,0,0,1,1,205,0
1,59,0,0,1,0,301,1
0,45,0,0,4,0,408,0
0,20,1,0,1,0,408,0
0,43,0,0,0,1,99,0
1,38,1,1,9,0,301,1
1,32,0,0,11,0,252,1
1,33,0,0,8,1,26,1
0,31,0,0,0,0,309,1
0,33,0,0,7,0,301,1
1,27,0,0,2,0,360,1
0,20,0,0,0,0,183,0
0,26,0,0,0,1,145,0
0,61,0,0,1,0,349,1
0,32,0,0,4,0,408,1
0,26,0,0,2,1,132,1
1,55,0,0,3,1,40,0
1,39,1,0,1,1,409,0
0,30,0,0,3,0,288,1
1,30,0,0,1,0,52,0
1,48,0,0,2,1,40,0
1,22,0,0,1,0,408,0
1,46,0,0,6,0,133,1
0,49,0,0,6,0,84,0
1,31,0,0,0,0,115,0
1,25,0,0,1,1,40,1
0,32,0,0,5,0,12,0
1,62,0,0,8,0,301,0
0,37,0,0,6,0,301,0
1,55,0,0,1,0,183,0
1,28,0,0,6,1,324,1
1,78,0,0,1,1,132,1
1,56,0,0,0,0,301,0
1,38,2,2,22,0,70,1
1,22,0,0,1,0,234,1
1,47,0,0,23,1,271,1
1,23,0,0,0,1,40,1
0,38,0,0,2,0,301,1
1,66,0,0,3,0,3,0
1,45,0,0,8,1,400,1
1,32,0,0,13,0,240,1
1,37,0,0,2,1,40,1
1,39,0,0,0,0,294,1
1,26,0,0,9,0,119,1
1,45,0,0,2,0,202,0
1,23,0,0,0,0,300,1
1,34,0,0,2,1,40,0
0,23,0,0,1,1,40,0
1,50,0,0,1,0,344,0
0,37,0,0,0,1,199,0
1,44,0,0,4,1,40,0
0,35,0,1,23,0,167,1
1,26,0,0,2,0,171,1
1,27,0,0,0,1,87,0
0,28,0,0,0,0,6,0
1,43,0,0,11,0,408,1
0,28,0,0,7,0,167,1
1,38,0,0,2,0,133,0
1,27,0,0,2,1,375,0
0,28,0,0,1,0,408,0
1,56,0,0,7,0,166,1
1,38,0,0,15,0,301,0
1,28,0,0,2,1,271,0
1,45,0,0,3,0,408,0
1,61,0,0,1,0,408,0
0,51,0,0,0,1,132,1
1,51,0,0,0,1,40,0
1,48,0,0,0,0,17,0
1,37,0,0,4,0,408,1
0,30,0,0,2,0,183,0
0,41,0,0,5,1,40,0
1,27,0,0,11,0,329,1
1,37,0,0,0,1,40,0
1,54,0,0,11,0,178,0
1,23,0,0,2,0,330,0
0,26,0,0,2,0,408,1
1,41,0,0,0,1,40,0
1,52,0,0,0,0,62,0
1,43,0,0,13,0,133,1
1,52,0,0,0,0,398,0
1,28,0,0,1,0,408,0
1,30,0,0,11,1,40,1
1,28,0,0,1,0,87,0
1,22,0,0,0,0,234,0
1,30,0,0,4,0,133,0
1,31,0,0,0,0,61,1
1,37,0,0,0,0,183,1
1,32,0,1,14,0,18,0
1,26,0,1,4,1,271,0
1,53,0,0,1,1,40,0
1,28,0,0,25,0,408,1
1,44,0,0,8,1,40,1
1,25,0,0,0,0,183,0
1,22,0,0,1,1,407,1
1,36,0,0,8,0,166,1
1,30,0,0,4,0,152,0
1,22,0,0,3,1,316,1
0,24,0,0,1,1,40,1
1,27,0,0,3,1,403,1
0,23,0,0,5,0,408,1
1,29,0,0,1,1,40,0
1,20,0,0,1,0,67,1
1,30,0,0,2,0,67,1
1,27,0,0,4,0,408,0
1,31,0,0,2,1,408,0
0,37,0,0,2,0,408,0
1,20,0,0,0,0,280,0
0,52,0,0,0,0,54,0
0,23,0,0,0,0,67,1
0,48,0,0,0,0,11,0
1,66,0,0,8,0,119,1
1,25,0,0,0,0,115,0
1,27,0,0,0,0,183,1
1,30,0,0,11,0,382,1
1,22,0,1,3,1,40,1
0,22,0,0,1,0,234,0
1,35,0,0,2,0,408,0
1,32,0,0,2,0,408,0
0,41,0,0,2,1,46,0
1,44,0,0,24,1,230,0
1,52,0,0,3,0,301,1
1,43,0,0,0,0,162,0
1,37,0,0,3,0,408,0
1,28,0,0,3,1,271,1
1,70,0,0,1,1,40,0
1,54,0,0,6,0,301,1
1,46,0,0,3,0,408,0
1,21,0,0,0,1,232,1
1,26,0,0,1,1,40,1
1,34,0,0,5,1,40,0
1,19,0,0,1,0,183,1
1,34,0,0,5,1,131,0
1,23,0,0,0,0,11,1
1,34,0,0,5,0,309,1
1,30,0,0,2,0,408,0
1,39,0,0,6,0,18,1
1,33,0,0,1,1,132,1
1,58,0,0,2,0,5,0
0,21,0,0,0,1,40,0
1,21,0,0,1,0,37,0
1,23,0,0,4,1,271,1
1,62,0,0,0,0,152,0
1,27,1,0,4,1,271,1
1,37,0,0,5,0,46,0
0,32,0,0,5,0,6,0
1,27,0,0,0,1,40,0
1,44,0,0,0,1,40,1
1,28,0,0,3,1,40,1
0,42,0,0,0,0,301,0
1,27,0,0,0,0,6,0
1,20,0,0,0,0,178,1
0,51,0,0,0,1,46,0
1,56,0,0,0,1,44,0
1,29,0,0,7,0,408,0
1,20,0,0,0,0,183,1
1,53,0,0,6,0,408,0
1,27,0,0,8,0,408,0
1,24,0,1,2,0,60,1
1,53,0,0,36,0,79,1
1,28,0,0,2,1,40,1
1,45,0,0,1,0,84,0
0,36,0,0,0,0,6,0
0,25,0,0,2,1,232,1
1,28,0,0,1,0,234,0
0,21,0,0,0,0,331,1
1,36,0,0,0,1,400,0
1,24,0,0,0,0,183,0
1,28,0,0,3,0,408,1
1,29,0,0,0,0,11,0
0,30,0,0,0,1,40,0
0,25,0,0,2,0,408,0
1,32,0,1,12,0,408,1
1,23,0,0,1,0,183,0
1,47,0,0,3,0,280,0
1,37,0,0,0,0,173,0
1,19,0,2,2,0,252,1
0,21,0,0,0,0,301,0
1,69,0,0,0,1,12,0
1,21,0,0,2,0,408,0
1,26,0,0,6,1,40,1
1,22,0,0,0,0,301,0
0,23,0,0,0,0,133,1
1,49,0,0,3,0,178,0
1,29,0,0,2,1,40,0
0,60,0,0,0,1,40,0
0,26,0,0,0,1,409,0
1,23,2,0,3,0,268,1
1,30,0,0,0,0,301,0
1,21,0,1,1,0,183,0
1,22,0,0,2,1,271,1
1,57,0,0,18,0,408,0
1,21,0,0,4,0,408,1
1,21,0,0,0,0,60,1
1,34,0,0,1,1,40,0
0,50,0,0,1,1,40,1
1,40,0,0,0,0,408,1
1,25,0,0,7,0,359,1
0,53,0,0,1,1,40,0
0,24,0,0,0,0,11,0
1,42,0,0,1,0,408,0
1,28,0,0,1,1,40,0
1,24,0,0,1,1,128,0
1,26,1,1,6,0,329,1
1,22,0,0,4,0,183,1
1,21,0,0,3,1,408,0
1,37,0,0,23,0,46,1
1,35,0,0,2,0,300,0
1,53,0,0,2,0,166,0
1,60,0,0,1,0,408,0
1,29,0,0,7,0,301,0
1,48,1,0,23,0,167,1
0,52,0,0,0,1,40,0
1,27,0,0,12,0,133,1
1,28,0,0,5,0,408,0
1,33,0,0,3,1,40,0
1,47,0,0,5,0,301,1
1,36,0,0,14,0,365,1
1,29,1,0,2,0,18,0
1,22,0,0,0,1,388,1
1,26,0,0,6,0,240,0
1,25,0,0,0,0,323,0
1,68,0,0,2,0,12,0
1,56,0,0,5,0,133,0
1,27,0,0,9,0,18,1
1,52,0,0,4,0,183,1
1,32,0,0,3,0,46,0
0,39,0,0,0,1,128,0
1,56,0,0,0,1,40,0
0,22,0,0,0,0,268,0
0,27,0,0,1,0,394,1
1,53,0,0,11,0,408,0
1,25,0,0,0,1,132,1
1,22,0,0,0,0,200,0
0,58,0,0,2,1,100,0
1,31,0,0,7,1,18,1
1,22,0,0,1,0,156,1
1,28,0,0,8,0,398,1
1,20,0,0,0,0,178,1
1,29,0,0,0,1,40,1
1,29,0,0,8,0,408,0
1,58,0,0,21,1,408,1
1,22,0,0,3,0,183,0
1,37,0,0,0,0,85,0
1,57,0,0,1,0,167,1
1,27,0,0,3,1,172,0
1,26,0,0,3,0,61,0
1,24,0,1,3,0,268,1
1,33,0,0,0,0,18,0
1,29,0,0,2,0,408,0
0,24,0,0,3,0,183,1
1,19,0,0,1,0,162,1
1,36,0,0,2,1,40,0
0,24,0,0,0,0,268,0
1,34,0,0,0,1,99,0
1,20,1,0,1,0,408,1
1,24,0,0,1,1,40,1
1,61,0,0,4,0,408,0
0,50,0,0,3,0,11,0
1,30,0,0,1,1,40,0
1,38,0,0,5,0,300,0
1,24,0,0,0,1,40,0
1,45,0,0,16,0,408,0
0,46,0,0,2,0,183,1
1,41,0,0,0,1,40,1
1,27,0,0,13,1,271,1
0,51,0,0,16,0,301,0
1,26,0,0,1,1,40,1
1,29,0,0,3,0,303,1
1,52,0,0,6,0,183,1
1,28,0,0,1,0,3,1
1,55,0,0,5,0,167,1
1,26,1,1,10,0,15,1
1,28,0,0,5,0,284,0
1,63,0,0,2,0,165,0
1,42,0,0,0,0,14,0
1,23,1,2,6,0,133,0
1,54,0,0,28,0,301,1
1,35,0,0,8,0,163,1
0,24,1,0,6,0,408,1
1,54,0,0,2,1,40,0
1,58,0,0,12,1,99,1
1,23,0,0,1,1,324,1
1,35,0,0,1,1,40,0
1,20,0,0,1,0,175,1
1,51,0,0,0,0,162,0
1,37,0,0,3,0,301,0
1,47,0,0,3,0,130,0
1,34,0,0,4,0,300,1
1,56,0,0,0,0,183,0
1,59,0,0,1,0,56,1
0,24,0,0,6,0,241,1
1,21,0,0,2,1,26,1
1,26,0,0,2,1,408,0
1,26,0,0,1,0,68,0
0,30,0,0,0,1,132,0
1,29,0,0,6,0,408,1
1,29,0,0,0,1,40,1
1,54,0,0,0,1,40,0
1,29,0,0,4,0,156,1
0,59,0,0,0,1,100,0
1,38,0,0,0,0,360,0
1,29,0,0,4,0,408,1
1,27,0,0,1,1,230,1
1,66,0,0,33,0,85,1
1,27,0,0,2,0,301,0
1,51,0,0,1,1,100,0
1,35,0,0,1,0,408,0
1,26,0,0,1,0,360,0
1,52,0,0,4,1,40,0
0,35,0,0,12,1,356,0
0,26,0,0,0,1,40,0
0,48,0,0,0,1,198,0
1,33,0,0,2,1,40,0
0,34,0,0,6,0,54,0
1,59,0,0,10,0,408,1
1,29,0,0,5,0,241,1
1,24,0,0,0,0,301,0
1,48,0,0,1,0,3,1
1,55,0,0,0,1,40,1
1,52,0,0,4,1,143,0
1,20,0,0,0,0,303,1
1,25,0,0,4,0,301,1
1,24,0,0,0,0,3,0
1,23,0,0,0,1,40,0
1,27,0,1,6,0,162,0
1,25,0,1,1,1,40,1
1,31,0,0,0,0,378,0
1,25,0,1,6,0,408,1
1,32,0,0,1,0,408,1
1,21,0,0,0,0,183,1
1,25,0,0,0,0,300,0
1,35,0,0,0,0,183,0
1,42,0,0,14,0,130,1
1,24,0,0,9,1,400,1
1,22,1,0,6,0,301,1
1,47,0,0,1,1,40,0
1,27,0,0,5,0,6,1
1,46,0,0,2,0,284,1
1,44,0,0,1,1,320,0
1,27,0,0,0,0,75,0
1,23,0,0,2,0,300,0
1,42,0,0,8,0,408,0
1,58,0,0,6,0,167,0
1,26,0,0,3,0,178,0
1,39,0,0,3,0,183,1
1,21,0,2,3,0,408,1
1,63,0,0,1,1,100,0
1,22,0,1,3,0,408,1
1,50,0,0,3,1,40,0
1,38,0,0,0,0,56,0
1,41,0,0,1,0,343,0
1,28,8,0,16,0,18,1
0,30,0,0,0,1,40,0
1,23,0,0,1,0,4,0
1,25,0,0,2,0,408,1
1,40,0,0,5,0,218,0
1,27,0,0,5,1,88,1
1,44,0,0,11,1,40,0
0,35,0,0,6,0,408,1
1,42,0,0,0,1,40,0
1,38,0,0,15,0,130,0
0,25,0,0,0,1,324,0
1,24,0,0,1,0,408,0
0,49,0,0,2,1,132,1
1,50,0,0,5,0,133,1
1,28,0,0,8,0,408,1
1,66,0,0,0,1,40,1
0,46,0,0,0,1,40,0
1,30,0,0,5,0,133,1
0,22,0,0,0,1,40,0
1,23,0,0,1,1,408,0
1,24,1,0,10,0,408,1
1,21,4,0,4,0,408,1
1,28,0,0,4,0,408,0
1,25,0,0,0,1,127,0
0,21,0,0,0,0,61,0
1,27,0,0,0,1,40,0
0,24,0,0,0,0,61,0
1,20,1,0,1,0,408,0
1,31,0,0,3,1,402,1
1,27,0,0,3,1,40,1
1,59,0,0,17,0,183,1
1,40,0,0,0,0,14,0
1,22,0,0,11,0,301,1
0,38,0,0,1,0,329,0
1,30,0,0,1,1,271,0
1,27,0,0,6,0,408,1
1,43,0,0,1,1,40,0
0,59,0,0,0,1,132,0
1,37,0,0,2,1,99,0
1,28,0,0,5,1,162,1
1,38,0,0,0,0,301,0
1,22,0,0,0,0,30,1
1,25,0,0,4,0,180,1
1,51,0,0,0,1,99,0
1,29,0,0,2,1,162,1
1,28,0,0,10,0,133,0
1,26,0,0,6,1,271,0
1,55,0,0,9,1,408,1
0,23,0,0,3,0,241,0
0,22,0,0,0,1,149,0
0,19,0,0,2,0,301,1
1,31,0,0,1,1,40,0
1,29,0,0,0,1,99,0
1,61,0,0,15,0,167,1
1,24,0,0,4,0,301,1
1,20,0,1,4,0,408,1
1,26,0,0,3,0,53,1
1,27,0,0,5,1,40,0
1,25,0,0,1,0,14,0
1,23,0,2,3,0,210,1
1,38,0,0,0,0,162,0
1,27,0,2,18,0,167,1
0,35,0,0,0,0,323,1
0,58,0,0,4,0,236,1
0,57,0,0,0,1,127,1
1,21,0,0,0,0,394,0
0,22,0,0,0,0,183,0
1,30,0,0,0,0,61,0
1,24,0,0,1,0,408,1
1,22,0,0,2,0,46,1
1,29,0,0,3,0,9,1
1,30,0,0,8,0,301,1
0,31,0,0,10,0,133,0
0,45,0,0,1,0,166,0
1,23,0,0,4,0,408,0
1,39,0,0,2,0,156,1
1,31,0,0,0,0,301,1
1,22,0,0,1,0,60,1
0,27,0,0,9,0,24,1
1,27,0,0,13,0,408,1
1,38,0,0,1,0,85,1
1,31,0,0,23,0,252,1
1,47,0,0,20,0,359,0
1,22,0,1,3,0,408,0
1,35,0,0,1,1,40,1
1,65,0,0,2,1,406,1
1,35,0,0,0,1,145,0
0,33,0,0,0,0,178,0
1,53,0,0,1,1,40,0
1,21,0,0,0,0,220,0
1,37,0,0,11,0,18,0
1,33,0,0,5,0,408,0
1,31,0,0,2,1,26,0
0,31,0,0,0,1,40,0
0,59,0,0,2,0,183,0
1,27,0,0,0,1,301,0
1,36,0,0,0,1,40,1
1,46,0,0,17,0,408,1
1,22,0,0,3,0,408,0
0,28,0,0,0,1,100,0
0,34,0,0,15,0,183,1
1,23,0,0,2,1,40,1
1,27,0,0,3,0,183,0
1,48,0,0,3,0,183,1
1,30,0,0,15,0,240,1
0,32,0,0,2,0,268,0
1,31,0,0,5,0,408,0
1,36,0,1,4,1,40,0
1,36,0,0,1,1,40,0
1,44,0,0,14,0,166,1
1,53,0,0,2,0,116,0
1,33,0,0,3,1,131,1
1,21,1,0,2,0,408,0
1,33,0,0,4,0,408,1
1,47,0,0,2,0,301,1
1,57,0,0,20,0,301,1
1,28,0,0,2,1,408,0
1,24,0,0,1,1,40,0
1,44,0,0,1,0,382,0
1,46,0,0,0,0,183,0
1,37,0,0,6,0,70,0
1,26,0,0,10,1,408,1
1,27,0,1,10,0,133,1
1,40,0,0,1,0,211,0
0,60,0,0,9,0,408,1
1,53,0,0,1,0,408,0
1,26,0,1,8,0,39,0
1,28,0,0,0,0,166,0
0,46,0,0,2,0,183,0
1,23,0,0,0,0,156,1
1,37,0,0,5,0,18,1
1,44,0,0,1,1,148,0
1,50,0,0,18,0,133,1
1,45,0,0,0,1,132,0
1,22,0,0,1,0,408,0
1,26,0,0,1,0,408,1
1,62,0,0,0,0,47,0
1,34,0,0,0,1,100,1
1,21,0,0,0,1,40,0
1,25,0,0,0,0,161,1
1,68,0,0,0,1,127,0
1,41,0,0,2,1,100,0
1,21,0,0,1,0,408,0
1,22,0,0,0,0,234,0
1,38,0,0,11,0,408,1
1,42,0,0,1,0,408,0
1,22,0,1,1,0,408,1
1,45,0,0,0,0,178,1
0,36,0,0,4,0,218,1
1,48,0,0,2,0,158,0
0,45,0,0,1,0,408,0
1,23,0,0,6,0,183,1
1,24,0,0,0,0,117,0
1,29,0,0,0,0,183,0
1,24,0,0,0,0,46,0
1,50,0,0,11,0,211,0
1,34,0,1,10,0,408,1
1,23,0,0,0,0,183,0
0,22,0,0,0,1,199,0
1,30,0,0,22,0,301,1
1,21,0,0,0,0,120,1
0,53,0,0,0,0,301,0
1,24,0,0,1,0,301,0
1,25,0,1,7,1,408,1
0,25,0,0,1,1,408,0
1,71,0,0,8,0,133,0
1,39,0,4,10,1,408,0
0,37,0,0,0,0,301,0
1,20,0,0,0,0,301,1
0,29,0,0,3,0,301,0
1,22,0,0,2,0,301,1
1,26,0,0,4,0,14,1
0,47,0,0,19,0,301,1
0,20,0,0,1,0,61,1
0,23,0,0,0,0,183,0
1,55,0,0,18,0,408,1
0,53,0,0,0,0,166,0
0,23,0,0,0,0,6,0
1,26,0,0,5,0,178,1
1,25,0,0,6,0,61,0
1,27,0,0,4,0,234,1
1,26,0,0,2,1,40,0
1,29,0,0,1,1,356,0
1,31,0,0,0,1,40,0
1,41,0,0,8,0,301,1
1,25,0,0,0,1,99,0
1,47,0,0,0,1,197,0
1,37,0,0,4,0,133,0
0,35,0,0,4,0,11,0
1,24,0,0,1,1,40,1
1,21,0,2,2,0,178,1
1,22,0,0,0,0,54,1
1,57,0,0,11,0,301,0
1,48,0,0,0,0,183,0
0,37,0,0,3,0,323,0
1,31,0,0,0,1,40,0
1,22,0,1,1,0,156,1
1,31,0,0,2,1,100,0
1,24,0,0,0,0,54,1
1,32,0,0,22,0,408,1
1,63,0,0,0,1,99,0
1,26,0,0,2,0,301,1
1,48,0,0,2,1,40,0
1,20,0,0,0,0,183,0
0,24,0,0,1,1,40,1
0,36,0,0,1,1,356,0
1,28,0,0,2,0,234,0
1,36,0,0,3,0,133,1
0,33,0,0,0,1,347,0
1,39,0,0,0,0,133,0
1,30,0,0,17,0,408,1
0,19,1,1,1,1,228,1
1,24,0,0,1,0,408,1
0,29,0,0,1,0,54,0
1,35,0,0,7,0,300,0
1,24,0,0,0,0,133,0
1,26,0,0,0,1,197,0
1,26,0,0,8,0,408,0
1,52,0,0,7,1,232,0
1,28,0,0,14,0,172,1
1,32,0,0,0,1,403,0
0,32,0,0,1,1,40,1
1,33,0,0,5,1,356,1
1,29,0,1,16,0,301,0
1,34,0,0,1,1,108,1
1,43,0,0,0,1,40,0
1,47,0,0,2,0,359,0
1,25,0,0,3,1,40,1
0,23,0,0,1,0,408,0
1,39,0,0,2,1,40,0
1,35,0,0,13,0,301,1
1,43,1,0,20,0,133,0
1,25,0,1,3,0,169,1
1,48,1,0,25,0,408,1
1,22,0,0,1,1,40,1
1,52,1,0,9,1,40,1
1,26,0,0,5,0,301,1
1,67,0,0,4,1,183,1
1,34,0,0,4,1,408,0
1,56,0,0,4,1,128,0
1,28,0,0,1,0,300,1
1,29,0,0,2,1,40,0
0,24,0,0,0,1,409,1
1,37,0,0,6,0,167,1
1,51,0,0,0,0,57,0
1,20,0,0,1,1,271,1
1,26,0,0,4,1,400,1
0,39,0,0,1,1,40,1
1,21,0,0,1,0,408,0
1,21,0,1,1,0,28,1
1,24,0,2,3,0,133,1
1,26,0,1,4,1,40,1
1,48,0,0,1,0,301,0
1,24,0,1,5,0,234,1
1,26,0,0,0,0,301,0
1,46,0,0,0,0,301,0
1,24,0,1,7,1,40,0
0,21,0,0,0,1,271,0
1,24,0,0,1,0,408,1
1,30,0,0,1,0,408,0
1,36,0,0,9,1,128,0
1,30,0,0,5,0,119,1
0,22,0,0,1,0,284,0
1,25,0,0,0,0,125,1
1,31,0,3,25,1,324,1
1,24,0,0,0,0,331,0
1,39,0,0,13,0,54,1
1,48,0,0,5,1,226,1
0,30,0,0,4,0,61,0
1,40,0,0,0,0,47,0
0,52,0,0,0,0,14,0
1,23,1,0,3,0,180,0
0,26,0,0,1,1,40,0
1,22,0,1,1,0,183,1
1,42,0,0,3,0,301,0
1,23,0,3,6,0,54,1
1,28,0,0,1,0,408,0
0,37,0,0,4,1,356,0
1,50,0,0,1,0,84,0
1,32,0,0,1,0,408,0
1,51,0,0,3,0,183,0
1,19,0,0,1,1,40,1
1,32,0,0,4,0,408,0
0,31,0,0,1,0,301,1
0,29,0,0,1,0,408,0
1,26,0,0,9,0,133,1
1,27,0,0,0,0,396,1
1,52,0,0,1,0,54,1
1,28,0,0,3,1,408,1
1,32,0,0,3,0,61,1
1,27,0,0,5,1,136,1
0,42,0,0,0,1,132,0
1,33,0,0,0,0,166,1
1,26,0,0,4,1,40,0
0,28,0,0,3,1,40,0
0,53,0,0,0,1,100,0
1,24,0,0,0,0,183,0
1,39,0,0,6,1,127,1
1,22,0,0,1,0,301,1
1,46,0,0,2,0,183,1
1,25,0,0,0,1,40,0
1,52,0,0,1,0,408,0
1,28,0,0,4,1,40,1
0,57,0,0,1,0,301,1
1,49,0,0,3,0,408,1
1,21,0,0,2,0,301,1
1,32,0,0,19,0,301,1
1,63,0,0,3,1,377,0
1,29,0,0,2,0,152,0
1,46,0,0,0,1,40,0
1,23,0,0,5,0,408,1
1,28,0,0,10,1,40,1
1,27,0,0,1,0,408,0
0,33,0,0,1,1,40,0
1,47,0,0,4,0,41,1
1,32,0,0,14,0,178,1
1,24,0,0,2,0,84,0
1,26,0,0,5,0,166,1
1,25,0,0,1,0,301,0
1,21,0,0,1,0,301,0
1,25,0,0,2,1,40,1
1,22,1,1,6,0,408,1
0,26,0,0,0,0,284,0
1,20,0,0,0,0,234,0
1,30,0,0,1,1,40,1
1,45,0,0,0,0,308,1
1,33,0,0,7,0,301,1
1,35,0,0,2,0,70,0
1,41,0,0,5,0,166,0
1,23,0,0,0,1,400,0
0,21,0,1,0,1,132,1
1,54,0,0,0,0,301,0
1,27,0,0,10,0,408,1
1,22,0,0,0,1,127,0
1,23,0,0,2,0,234,1
1,36,0,0,5,1,400,1
1,29,0,0,10,0,117,1
1,54,0,0,4,1,40,1
1,22,0,0,2,1,40,1
1,38,0,0,2,0,268,0
1,26,0,0,0,1,40,1
0,20,0,0,0,0,183,0
1,52,0,0,6,1,40,1
1,29,0,0,0,0,335,0
0,23,0,0,6,1,228,0
1,35,0,0,1,1,408,0
1,32,0,0,8,0,167,1
1,21,0,0,1,1,40,1
1,32,0,1,5,1,40,1
1,30,0,0,4,1,40,1
0,30,0,0,3,0,193,0
1,23,0,0,2,0,408,1
1,32,1,0,8,0,57,0
1,52,0,0,1,0,281,0
1,29,0,0,6,0,408,1
1,42,0,0,0,1,208,0
1,21,0,0,0,0,280,1
0,36,0,0,4,0,408,1
0,22,0,0,0,1,40,0
1,29,0,0,0,1,269,0
1,54,0,0,2,1,329,0
1,30,0,0,6,0,408,1
1,51,0,0,17,1,98,0
1,27,0,0,3,0,51,1
1,24,0,0,2,0,284,0
1,23,0,0,2,1,40,0
1,36,0,0,5,0,301,0
0,38,0,1,8,1,40,1
1,39,0,0,1,0,408,0
1,29,0,0,2,0,51,0
1,28,0,0,1,0,12,0
1,44,0,0,6,0,133,0
1,25,0,0,2,0,178,0
1,31,0,0,0,0,133,0
1,35,0,1,17,1,40,1
1,33,0,0,1,0,359,0
1,28,0,0,6,0,67,1
1,20,1,0,1,0,408,1
1,60,0,0,1,0,408,0
1,27,2,1,5,0,333,1
0,54,0,0,0,0,11,0
0,26,0,0,3,1,271,0
1,24,1,2,3,1,40,0
0,75,0,0,5,0,408,0
1,36,0,0,16,0,133,1
1,56,0,0,8,0,408,0
0,25,0,0,5,1,402,1
1,46,0,0,0,0,200,0
1,27,0,0,1,0,408,0
1,24,0,0,1,1,408,0
1,28,0,0,3,1,88,1
1,42,1,0,13,1,316,1
1,59,0,0,2,1,132,0
1,39,0,0,1,0,213,0
1,46,0,0,5,1,40,0
1,55,0,0,2,0,202,0
1,35,0,0,1,1,232,1
1,43,0,0,0,1,40,1
0,53,0,0,0,1,132,0
0,21,0,0,0,1,40,0
1,55,0,0,17,0,301,1
1,27,0,0,1,0,300,1
1,40,0,0,0,0,162,0
0,37,0,0,0,1,208,0
1,32,0,0,2,1,40,1
1,32,0,0,2,1,60,0
1,36,0,0,4,1,40,1
0,31,0,0,0,0,183,0
0,26,0,0,4,0,166,1
0,50,0,0,30,1,408,1
1,47,0,0,4,0,301,0
1,36,0,0,2,0,84,0
0,38,0,0,0,0,70,0
1,53,0,0,0,0,70,0
1,53,0,0,2,0,166,0
1,57,0,0,19,0,163,0
1,22,0,0,5,0,408,1
1,21,0,0,0,0,183,1
1,26,0,0,0,0,67,1
0,24,0,0,1,0,12,0
1,27,0,0,2,0,3,0
0,49,0,0,4,0,408,0
1,47,0,0,1,0,301,1
1,30,0,0,8,0,301,1
1,44,0,0,3,0,301,0
1,34,0,0,1,0,12,0
1,45,0,0,10,0,6,1
1,50,0,0,2,1,40,0
1,29,0,0,1,1,40,0
1,26,0,0,0,0,115,0
0,22,0,0,1,0,183,1
1,49,0,0,0,0,301,0
1,49,0,0,1,0,323,1
1,59,0,0,2,0,408,0
1,32,0,0,6,1,40,0
1,24,0,0,1,1,356,1
1,32,0,0,0,0,152,0
1,27,0,0,9,0,408,1
1,25,0,0,2,1,230,0
1,34,0,0,1,1,271,0
0,62,0,0,2,0,13,1
1,20,0,0,0,1,40,1
1,37,2,0,18,1,40,0
0,30,0,0,5,0,360,1
1,23,0,0,1,0,382,1
0,20,0,0,0,0,183,0
1,29,0,0,7,1,88,1
1,24,0,0,1,0,333,0
0,54,0,0,1,1,323,0
1,66,0,0,3,0,301,0
1,50,0,0,8,0,408,0
1,50,0,0,7,0,6,0
1,40,0,0,3,0,166,0
0,30,0,0,4,1,228,1
0,24,0,0,2,0,408,0
0,23,0,0,3,0,408,1
1,24,0,0,4,1,208,1
1,54,0,0,3,1,228,1
1,25,0,0,4,1,271,0
1,46,0,0,1,1,402,0
0,22,0,0,0,1,127,0
0,32,0,0,1,0,359,0
1,25,0,0,0,1,324,1
1,22,0,0,3,0,408,1
1,33,0,0,16,0,133,1
0,49,0,0,0,1,40,1
1,30,0,0,10,0,408,0
1,33,0,0,4,1,40,1
1,24,0,0,0,0,257,0
1,33,0,0,12,1,40,1
1,37,0,0,0,1,356,0
0,40,0,0,0,1,40,0
1,27,0,0,1,0,323,0
1,43,0,0,9,0,161,1
1,26,0,0,11,0,408,0
1,35,0,0,5,0,133,1
1,25,0,1,11,0,183,1
1,61,0,0,1,0,166,1
1,53,0,0,1,0,408,1
0,52,0,0,1,0,398,0
1,26,0,0,7,1,232,1
1,39,0,0,1,1,271,1
1,47,0,0,5,0,408,0
1,50,0,0,1,0,305,0
0,52,0,0,6,1,363,0
0,41,0,0,0,1,40,0
1,37,0,0,0,1,40,0
0,24,0,0,0,0,326,0
0,34,0,0,14,0,84,0
1,24,0,0,5,0,398,1
1,25,0,0,1,1,271,1
1,31,0,0,3,1,324,0
0,62,0,0,0,1,208,0
1,23,0,0,0,0,408,1
0,60,0,0,0,0,183,0
1,35,0,0,0,1,40,0
0,24,0,0,0,0,183,0
0,56,0,0,1,0,408,1
1,30,0,0,0,1,132,0
1,41,0,0,17,1,131,1
1,35,0,0,4,0,166,1
0,28,0,0,0,1,192,0
1,23,0,1,1,1,176,0
1,56,0,0,0,0,219,0
1,23,0,0,2,0,367,1
1,23,0,1,1,1,40,0
1,21,0,0,0,0,61,1
0,21,1,2,3,0,181,0
0,35,0,0,2,0,408,0
1,33,0,0,3,1,356,0
1,41,2,1,9,1,248,0
1,24,0,0,0,0,54,0
1,28,0,0,9,0,268,1
1,49,0,0,3,0,301,0
1,21,0,0,0,0,54,1
0,27,0,0,3,0,178,1
1,32,0,0,4,0,408,1
1,50,0,0,4,1,26,0
0,23,0,0,0,1,40,0
1,34,0,0,0,1,40,0
1,35,0,0,1,1,40,0
1,25,0,0,4,0,329,1
0,33,0,0,2,0,87,1
0,29,0,0,11,0,301,1
0,32,0,0,6,0,408,1
1,52,0,0,3,0,408,0
0,26,0,0,3,1,40,0
1,31,0,0,2,0,301,1
1,47,0,0,2,1,131,0
1,25,0,0,5,0,408,0
0,30,0,0,0,0,301,0
1,20,0,0,0,1,40,1
0,29,0,0,2,0,183,0
1,31,0,0,0,0,114,0
0,54,0,0,12,0,319,0
0,37,0,0,1,1,132,0
1,49,0,0,8,0,165,1
0,33,0,0,1,0,268,0
1,20,0,0,1,0,408,0
1,42,0,0,0,1,199,0
1,44,0,0,0,0,383,1
1,28,0,0,5,0,408,1
1,32,0,0,4,0,408,1
1,28,0,0,7,0,11,1
1,38,0,0,0,0,12,0
1,38,0,0,3,0,211,0
1,21,0,0,1,0,46,0
0,34,0,0,0,1,40,0
1,21,0,0,1,0,300,1
1,36,0,0,1,0,301,1
1,29,0,0,0,1,15,1
1,34,0,0,3,0,301,1
1,38,0,0,1,1,408,0
1,36,0,0,0,0,152,0
1,23,0,0,0,1,40,0
1,47,0,0,0,1,100,0
1,20,0,0,0,0,67,0
0,25,0,0,2,0,46,1
1,35,0,0,0,1,40,0
0,30,0,0,1,0,293,0
0,28,0,0,1,1,40,0
1,30,0,0,2,1,325,1
0,45,0,0,3,1,40,0
1,24,0,0,2,1,408,1
1,22,0,0,0,0,162,0
0,42,0,0,0,1,40,1
1,24,1,1,8,0,408,1
1,60,0,0,12,0,133,0
1,33,0,0,6,1,40,0
1,34,0,0,2,1,40,1
1,24,0,0,4,1,40,0
1,27,0,0,0,1,40,1
1,29,1,1,4,0,64,1
1,21,1,0,1,0,117,1
1,30,0,0,10,0,408,1
0,42,0,0,0,0,301,1
1,32,0,0,1,0,166,0
1,30,0,0,3,1,40,0
1,22,0,0,1,0,408,1
1,20,0,0,0,1,40,1
1,57,0,0,0,1,40,0
1,51,0,0,3,0,162,1
1,21,0,0,0,0,183,0
1,22,0,0,0,0,178,0
1,35,0,0,4,0,360,1
0,54,0,0,1,0,41,0
1,58,0,0,2,0,46,0
0,32,0,0,0,0,70,1
0,39,0,0,22,0,301,1
1,30,0,0,9,1,232,1
1,20,0,0,0,0,61,1
0,45,0,0,5,1,96,0
1,31,0,0,4,0,408,1
0,53,0,0,1,1,40,0
1,44,0,0,0,1,300,0
0,44,0,0,1,1,132,0
1,21,0,0,0,0,220,1
1,28,0,0,0,1,100,0
1,28,0,0,2,1,40,0
1,24,0,0,0,0,280,1
1,28,0,0,0,0,268,0
1,53,0,0,4,0,301,0
1,20,0,0,1,0,268,0
1,21,0,0,0,1,93,0
1,37,0,0,1,1,40,1
1,30,0,0,0,1,40,0
1,26,0,0,2,0,408,1
0,26,0,0,5,0,252,1
0,39,0,0,1,0,408,0
1,44,0,0,2,0,408,0
1,45,0,0,0,1,40,0
1,30,0,0,1,0,183,0
1,23,0,0,6,0,117,1
1,37,0,0,1,0,300,0
1,42,0,0,0,0,166,0
0,20,0,0,0,0,398,1
1,65,0,0,2,1,324,0
1,54,0,0,4,1,89,0
1,47,0,0,7,0,166,1
1,39,0,0,5,0,163,1
1,26,0,0,0,0,124,1
1,29,0,0,7,1,40,1
1,51,0,0,7,0,54,1
1,44,0,0,0,1,40,0
1,49,0,0,12,1,271,0
1,22,0,0,0,0,240,1
1,32,0,0,4,1,356,1
1,27,0,0,0,1,40,0
1,30,0,0,0,1,97,0
1,22,0,3,6,0,408,1
1,20,2,0,2,0,408,1
0,51,0,0,5,0,408,0
1,27,0,0,4,0,183,1
1,32,0,0,0,0,360,1
1,43,0,0,2,0,408,0
0,63,0,0,1,0,137,0
1,37,0,0,2,0,200,0
1,26,0,0,0,0,54,1
1,32,1,2,17,0,301,1
1,26,0,0,0,1,40,0
0,58,0,0,4,0,183,0
0,22,0,0,1,1,132,0
1,26,0,0,6,1,132,1
1,21,2,0,2,0,301,1
0,29,0,0,1,0,323,1
1,31,0,0,0,0,178,1
1,43,0,0,2,0,408,0
1,23,0,0,0,1,40,0
1,25,0,0,0,0,183,0
1,22,0,0,6,0,408,0
1,30,0,0,6,0,262,0
1,25,0,3,15,0,268,1
1,20,0,0,0,0,234,1
1,31,0,0,3,0,408,1
1,33,0,0,1,0,79,1
1,59,0,0,1,0,301,0
1,53,0,0,8,0,301,1
1,34,0,0,2,1,408,0
1,36,0,0,6,0,287,0
1,23,0,0,0,0,280,0
1,32,0,0,2,1,408,0
1,32,0,0,11,1,408,1
0,66,0,0,1,1,379,0
0,24,0,0,0,1,40,0
1,30,0,0,7,0,234,1
1,28,0,0,1,1,40,0
1,43,0,0,4,0,57,1
1,35,0,0,3,1,40,0
1,19,3,0,2,0,408,1
1,33,0,0,0,0,237,1
1,22,0,0,1,1,40,1
1,29,0,0,0,0,360,0
0,23,0,0,0,1,40,0
1,62,0,0,15,0,408,0
0,33,0,0,0,1,223,0
1,35,0,0,1,1,315,0
1,53,0,0,0,0,284,0
1,59,0,0,17,0,408,1
0,48,0,0,0,1,40,0
0,33,0,0,1,0,217,0
1,44,0,0,0,1,356,0
1,31,0,0,10,0,133,1
1,28,0,0,2,0,31,1
1,26,0,0,0,0,241,0
1,22,0,3,3,0,298,0
1,29,0,0,0,1,40,0
1,20,0,1,2,0,61,1
1,44,0,0,0,1,40,0
1,41,0,0,2,0,408,0
0,28,0,0,4,0,268,0
1,27,0,0,1,1,356,1
1,31,0,0,7,1,138,0
1,23,0,0,5,0,408,1
1,33,0,0,16,1,408,1
1,26,0,0,3,0,85,1
1,20,0,0,0,0,360,0
1,55,0,0,2,1,40,1
1,36,0,0,0,0,133,0
1,23,1,0,1,1,40,0
1,34,0,2,19,0,156,1
0,59,0,0,1,0,182,0
1,37,0,0,0,0,91,1
0,28,0,0,0,0,301,1
1,20,1,0,1,0,408,1
1,31,0,0,0,0,178,0
0,38,0,0,14,0,301,1
1,33,0,0,0,0,300,1
1,27,0,0,3,0,183,1
1,25,0,0,2,1,324,1
0,42,0,0,2,0,62,0
1,22,0,0,3,0,398,1
1,57,0,0,15,0,408,0
1,45,0,0,1,0,329,1
0,21,0,0,1,1,375,1
1,52,0,0,2,1,379,0
1,29,0,0,0,1,40,0
0,37,0,0,0,1,314,0
1,34,0,0,0,0,14,0
1,53,0,0,0,1,40,1
0,30,0,0,8,0,329,1
1,28,0,0,1,0,12,0
1,21,0,0,1,0,179,0
1,22,0,0,1,0,300,0
1,42,0,0,1,1,40,1
1,26,0,0,3,0,300,1
1,54,0,0,9,1,408,0
1,30,2,0,20,0,163,1
0,26,0,0,1,0,183,1
1,41,0,0,0,1,26,0
1,23,1,0,5,1,400,1
1,43,0,0,1,0,162,1
1,22,0,0,0,1,356,1
0,27,0,0,6,0,183,1
0,42,0,0,2,1,408,0
1,25,0,0,8,0,183,1
1,49,0,0,4,1,40,0
1,26,1,0,7,0,408,1
1,52,0,0,1,0,166,0
0,60,0,0,2,0,6,0
0,23,0,0,0,1,40,0
1,30,0,0,2,1,131,0
1,48,0,0,9,0,408,1
1,32,0,0,2,0,133,1
1,24,0,0,5,0,166,1
0,26,0,0,3,0,218,1
1,22,0,0,3,0,408,1
1,44,0,0,2,0,166,0
1,32,0,0,3,0,163,0
0,27,0,0,1,1,40,0
1,52,0,0,15,1,132,1
1,61,0,0,3,1,40,1
1,69,0,0,3,1,40,0
0,21,0,0,1,0,183,0
1,31,1,0,2,1,271,1
1,19,0,2,3,0,183,1
1,24,0,5,12,1,408,1
1,24,0,0,3,0,183,1
1,30,0,0,6,0,408,0
1,43,0,0,4,0,353,1
1,24,0,0,4,0,183,0
0,30,0,0,7,1,408,0
1,25,0,0,5,0,207,1
1,57,0,0,0,1,409,1
0,56,0,0,1,0,165,0
1,21,0,0,1,0,408,0
1,31,3,0,6,0,323,1
0,23,0,0,1,0,408,0
1,30,1,0,15,0,61,1
1,64,0,0,0,0,342,0
0,21,0,0,0,0,183,1
1,36,0,0,5,0,408,0
0,50,0,0,1,0,408,0
1,23,0,0,0,1,40,1
0,25,0,0,5,0,284,0
0,47,0,0,1,0,12,0
1,28,0,0,7,0,408,1
1,54,0,0,14,1,40,1
1,25,0,0,5,1,408,1
1,63,0,0,0,1,40,1
1,35,0,0,2,1,26,0
1,20,9,0,9,0,408,1
1,32,0,0,2,0,408,0
1,25,0,0,8,1,40,1
1,33,0,0,0,1,40,0
1,29,0,0,7,0,408,0
1,37,1,0,12,1,128,1
0,20,0,2,3,1,40,1
1,32,0,0,1,0,234,1
1,72,0,0,1,1,132,0
1,38,0,0,0,0,301,0
1,40,0,0,0,0,301,0
1,23,0,0,0,0,54,0
1,21,0,0,5,0,252,1
1,27,0,0,4,0,268,1
1,55,0,0,13,0,301,1
1,23,0,3,5,0,60,1
0,41,0,0,0,1,40,0
1,56,0,0,1,1,40,0
1,55,0,0,11,1,408,0
1,28,0,0,3,0,268,0
1,56,0,0,3,1,232,0
1,53,0,0,0,1,40,0
1,27,0,0,6,0,294,1
1,22,0,0,0,0,183,1
0,22,0,0,0,0,183,1
1,33,0,0,7,1,403,1
1,34,0,0,15,0,408,0
1,32,0,0,12,0,301,0
1,47,4,0,14,0,183,1
1,25,0,4,14,0,178,1
1,56,0,0,0,0,162,0
1,28,0,0,4,0,56,1
1,20,2,0,2,0,183,1
0,27,0,0,1,0,408,1
0,29,0,0,11,0,301,0
1,72,0,0,3,0,408,0
0,24,0,0,2,1,26,1
1,45,0,0,3,0,30,0
1,30,0,0,7,1,26,1
1,45,0,0,0,1,40,0
1,47,0,0,0,1,40,0
1,24,0,0,0,0,49,1
1,20,0,0,0,1,40,1
1,51,0,0,6,0,408,1
1,34,0,0,2,1,328,0
0,49,0,0,2,1,403,1
1,41,0,0,5,0,166,0
1,49,0,0,1,0,323,0
0,34,0,0,2,0,398,1
0,28,0,0,0,1,40,0
1,33,0,0,2,1,131,0
1,46,0,0,0,0,133,0
1,21,0,0,0,1,129,0
1,26,0,1,14,0,234,1
1,58,0,0,24,0,167,1
0,20,0,0,2,0,408,1
1,28,0,0,0,1,271,1
1,21,0,0,0,0,183,1
1,34,0,0,3,1,408,0
1,32,2,0,15,0,133,1
1,38,0,0,10,0,330,1
1,22,0,0,0,0,61,0
1,42,0,0,2,0,301,1
0,57,0,0,0,1,127,0
0,56,0,0,1,0,323,0
1,30,0,2,11,0,355,0
1,29,0,0,2,1,131,0
1,46,0,0,15,0,133,1
1,36,2,0,5,0,256,0
0,24,0,0,0,0,160,0
0,70,0,0,1,0,408,0
0,45,0,0,1,1,40,0
0,39,0,1,6,0,183,0
1,25,0,1,6,0,408,0
0,32,0,0,1,1,99,1
1,46,0,0,0,0,91,0
1,28,0,0,0,1,40,1
1,32,0,0,1,1,99,0
1,27,0,0,1,0,183,0
1,43,0,0,11,0,165,1
1,56,0,0,5,0,408,1
1,30,0,0,9,0,301,1
1,35,0,4,12,0,240,0
1,29,0,0,1,0,301,0
1,54,0,0,8,0,301,1
0,20,0,0,0,0,301,0
1,29,0,0,0,0,162,0
0,46,0,0,1,1,131,0
1,24,0,2,8,0,408,1
1,45,0,0,2,1,65,0
1,31,0,0,5,0,408,1
1,23,0,0,0,0,11,1
1,21,0,0,0,0,183,1
1,61,0,0,0,1,132,0
0,51,0,0,5,1,40,1
1,43,0,0,9,0,304,0
1,36,0,0,0,0,166,0
1,58,0,0,3,0,167,1
1,32,0,0,1,1,127,0
1,57,0,0,12,0,301,0
1,37,0,0,2,0,284,0
1,44,0,0,6,0,408,0
1,51,0,0,8,0,408,0
1,28,0,0,9,1,232,0
1,45,0,0,8,0,408,1
1,26,0,1,13,0,133,1
1,34,1,0,9,0,2,1
1,25,0,0,0,0,6,0
1,31,0,0,8,1,40,1
1,43,0,0,1,0,408,0
1,30,0,0,0,1,40,0
1,50,0,0,0,1,132,0
0,31,0,0,2,0,178,0
0,33,0,0,7,1,40,0
1,32,0,0,1,0,156,1
0,46,0,0,0,1,40,1
1,37,0,0,8,0,166,1
0,32,0,0,6,0,408,1
0,23,0,0,2,0,183,1
1,21,0,0,0,0,234,0
1,49,0,0,2,1,40,0
1,55,0,0,3,0,301,1
1,22,0,0,0,0,398,0
0,31,0,0,7,0,166,1
1,22,0,0,0,1,232,1
1,28,0,0,5,1,271,0
1,21,0,0,1,0,183,1
1,30,0,2,21,0,408,1
1,22,0,0,13,0,239,1
1,35,0,1,23,0,252,1
1,28,2,1,11,0,171,0
1,24,0,0,1,0,133,0
1,44,0,0,9,0,408,0
1,32,1,3,24,0,133,1
1,29,0,0,5,0,30,1
0,24,0,0,1,0,183,0
1,57,0,0,19,0,166,0
1,28,0,0,0,0,80,0
1,51,0,0,0,1,40,0
1,34,0,0,6,0,301,1
1,26,0,0,0,1,387,1
1,20,0,0,0,0,299,1
1,25,0,1,6,1,408,0
1,19,0,0,0,1,40,1
1,49,0,0,1,0,408,1
1,57,0,0,27,1,408,0
0,27,0,0,0,1,40,0
1,66,0,0,1,1,408,0
0,25,0,0,4,1,408,1
1,21,0,0,0,0,408,0
1,45,0,0,1,0,301,0
1,38,0,0,6,0,10,1
1,37,2,3,24,0,62,0
1,44,0,0,13,0,85,1
1,64,0,0,0,0,183,0
1,30,0,0,1,0,119,1
1,61,0,0,1,1,408,0
1,33,0,0,0,0,133,0
0,49,0,0,8,0,408,0
1,23,0,0,0,0,360,0
1,33,0,0,14,0,323,0
1,21,0,0,0,0,334,1
0,30,0,0,2,0,61,1
1,27,0,0,2,1,271,0
1,38,0,0,1,1,40,0
1,48,0,0,14,0,408,1
1,26,0,0,0,1,40,0
1,24,0,1,4,0,301,1
0,28,0,0,2,0,284,1
0,44,0,0,4,0,301,1
1,23,0,0,2,0,261,0
0,34,0,0,1,0,408,1
1,20,0,1,1,0,54,1
0,36,0,0,0,1,99,0
1,58,0,0,1,0,408,0
1,25,0,0,7,0,408,1
1,46,0,0,5,1,408,0
0,35,0,0,4,0,163,0
1,23,0,0,3,0,61,0
1,40,0,0,1,0,37,0
1,23,0,0,3,1,403,1
1,27,0,0,0,1,143,1
0,26,0,0,3,0,62,0
1,49,0,0,1,0,162,0
1,47,0,0,6,0,31,0
1,34,0,0,7,0,300,1
1,27,0,0,10,0,408,0
0,52,0,0,0,1,40,0
1,26,0,0,0,1,228,1
1,25,0,0,9,0,133,0
1,51,0,0,1,0,408,0
0,29,0,0,1,1,322,0
1,39,0,0,1,0,408,0
1,46,0,0,0,0,354,0
1,28,0,0,6,0,183,0
1,57,0,0,0,0,162,0
1,34,0,0,27,0,167,1
1,27,0,0,3,0,408,0
1,25,0,0,7,1,400,1
1,31,0,0,1,0,183,1
1,37,0,0,8,0,61,0
1,51,0,0,0,0,301,1
1,28,0,1,8,0,323,0
1,56,0,0,4,0,301,0
1,45,0,0,15,0,30,1
1,26,0,0,7,0,57,1
1,33,0,0,7,0,162,1
1,23,0,0,0,1,40,0
1,31,0,0,0,1,243,0
1,32,0,0,0,0,13,0
1,30,0,0,1,1,132,1
1,66,0,0,1,0,408,0
0,40,0,0,0,0,182,0
1,59,0,0,4,1,40,0
1,25,0,0,5,0,408,0
1,27,0,0,3,1,198,0
1,22,0,0,0,0,183,0
1,58,0,0,1,0,158,0
1,49,0,0,1,1,40,0
1,29,0,0,2,0,183,0
0,44,0,0,11,0,163,1
1,24,0,0,2,0,61,0
1,27,0,0,0,0,11,1
0,34,0,0,5,0,323,1
1,24,0,0,0,0,284,0
0,35,0,1,3,0,6,0
1,65,0,0,4,1,40,0
1,29,0,2,7,0,183,1
1,30,1,0,5,0,12,1
1,23,0,1,1,0,280,0
1,32,0,0,2,0,292,1
1,22,0,0,2,0,408,0
1,21,0,0,0,1,40,0
0,43,0,0,0,1,40,0
1,29,0,0,0,0,260,0
1,43,0,0,1,0,331,0
1,25,0,0,1,0,408,0
1,47,0,0,0,1,40,0
0,21,0,0,0,0,183,0
0,25,0,0,1,1,127,0
1,54,0,0,0,1,40,0
1,34,0,0,3,0,201,1
0,28,0,0,2,1,40,0
0,53,0,0,4,0,241,1
1,54,0,0,0,1,352,0
1,34,0,0,2,0,166,0
0,60,0,0,0,0,46,1
1,22,0,0,0,0,183,0
1,51,0,0,3,0,166,0
1,29,0,0,0,0,162,1
0,28,0,0,1,0,398,0
1,36,0,0,6,0,183,0
1,28,0,0,5,1,408,0
1,33,0,0,0,0,178,1
1,43,0,0,4,1,40,0
1,32,0,0,5,0,323,1
0,35,0,0,0,0,301,1
1,23,0,0,1,0,160,1
1,25,0,0,4,0,84,1
1,69,0,0,6,0,133,1
1,21,0,0,3,0,178,1
1,47,0,0,23,0,259,1
1,29,0,1,13,0,252,1
1,36,0,0,14,0,183,1
1,26,0,0,9,0,130,1
1,32,0,0,8,0,183,1
0,27,0,0,3,0,408,1
1,28,0,0,0,0,115,0
1,48,0,0,1,1,132,1
1,23,0,0,2,0,408,1
1,44,0,0,0,1,40,0
1,42,0,0,7,1,131,0
1,39,0,0,5,0,183,0
1,55,0,0,0,1,40,0
1,27,0,0,5,0,57,1
0,31,0,0,0,1,40,0
1,25,0,0,0,0,255,0
1,32,0,0,6,1,321,0
1,36,0,0,2,0,133,0
1,21,0,0,3,0,408,1
1,39,0,0,2,1,132,0
0,26,0,0,0,1,40,0
1,28,0,0,8,0,183,1
1,67,0,0,2,1,321,1
1,37,0,0,3,1,132,0
1,23,0,0,2,1,87,1
0,49,0,0,14,1,40,1
1,32,0,0,9,1,372,1
1,41,0,0,9,1,40,0
1,25,0,0,1,1,40,0
0,57,0,0,3,0,46,0
1,58,0,0,0,1,40,0
1,44,2,0,19,1,40,1
1,28,0,0,1,0,9,0
0,39,0,0,0,0,183,1
1,54,0,0,0,0,3,0
1,43,0,0,0,1,100,0
1,31,0,0,5,1,40,0
1,30,4,1,11,0,234,0
1,27,0,1,4,1,40,1
1,28,0,0,0,1,40,1
1,24,0,0,0,1,274,0
1,43,0,0,0,1,356,0
1,44,0,0,10,1,132,1
1,51,0,0,4,0,408,0
1,31,0,0,1,0,33,0
1,23,0,0,0,0,234,0
1,26,2,1,8,1,316,1
1,36,0,0,5,1,400,1
1,27,0,0,1,0,408,0
1,24,0,0,0,0,159,1
1,66,0,0,0,1,40,0
0,36,0,0,3,0,301,0
1,23,0,0,1,0,301,1
0,22,0,0,0,1,40,1
1,56,0,0,4,0,301,0
1,29,0,0,10,0,408,1
0,58,0,0,3,1,408,0
1,24,0,1,3,1,99,0
1,22,0,0,0,0,55,1
1,39,0,0,0,1,40,0
1,46,0,0,10,0,408,1
1,38,0,0,1,0,294,1
1,23,0,0,0,1,402,1
1,25,0,0,0,0,161,0
1,31,0,0,19,0,133,1
0,25,0,0,1,1,40,1
1,26,0,0,6,0,408,0
1,25,0,0,2,0,280,0
1,37,0,0,11,0,133,1
1,36,0,0,0,0,183,0
1,26,0,0,1,0,234,1
1,35,0,0,7,0,323,1
1,22,0,0,2,0,84,1
1,25,0,0,0,0,15,0
1,24,0,0,0,1,82,0
1,24,0,0,2,1,356,1
1,21,0,0,0,0,183,1
1,32,2,0,15,0,301,1
1,33,0,0,2,1,40,1
1,33,0,0,10,0,301,1
0,23,0,0,4,1,408,1
1,29,0,0,0,1,100,0
1,50,0,0,8,0,103,0
1,32,0,0,5,0,408,1
1,33,0,0,14,0,133,1
1,37,0,1,13,0,3,1
1,27,0,0,9,0,61,1
1,27,0,0,0,1,40,0
0,52,0,0,21,0,167,1
1,58,0,0,1,0,408,0
1,27,0,0,4,0,115,0
1,28,0,0,5,0,13,1
1,28,0,0,1,0,301,1
0,31,0,0,0,1,40,0
1,30,0,1,11,0,408,1
1,24,0,0,3,1,408,0
1,26,0,0,6,0,300,1
1,43,0,0,0,1,101,0
1,31,0,0,2,0,84,1
1,22,0,0,3,0,160,1
1,23,0,0,0,0,61,0
1,42,0,0,0,1,132,0
1,34,0,0,0,1,408,1
1,30,0,3,18,1,40,0
1,29,0,0,1,0,152,0
1,38,0,0,2,0,408,1
1,26,0,0,3,1,233,0
1,51,0,0,5,1,131,0
1,23,0,0,0,0,178,1
1,34,0,0,7,0,408,1
1,35,0,0,1,1,404,0
1,22,0,0,0,0,268,0
1,29,0,0,10,1,26,1
1,40,0,0,0,0,354,0
1,36,0,0,2,0,301,0
1,26,0,0,8,0,408,1
1,25,0,0,1,0,60,1
1,69,0,0,0,1,99,0
1,27,0,1,1,0,183,0
1,20,0,0,0,0,183,1
1,27,0,0,1,0,365,0
0,24,0,0,6,1,408,0
1,42,0,0,0,0,14,0
1,25,0,0,1,0,54,0
1,46,0,0,1,0,408,1
1,25,0,0,0,0,398,0
1,22,0,0,0,0,234,0
1,21,0,0,0,0,60,0
1,30,0,0,1,1,40,0
1,46,0,0,9,1,40,0
1,26,0,0,2,1,40,0
1,33,0,0,0,0,408,1
1,40,0,0,1,1,40,0
1,34,0,0,0,0,301,0
1,22,0,0,1,0,183,1
1,31,0,0,4,1,26,1
1,59,0,0,3,1,132,1
1,50,0,0,0,0,18,0
1,57,0,0,8,0,163,1
1,31,0,0,5,1,26,0
0,51,0,0,1,1,40,0
1,44,0,0,9,0,183,0
1,48,0,0,5,0,301,1
0,25,0,0,0,0,183,0
1,51,0,0,5,1,408,0
1,50,0,0,0,0,408,1
1,57,0,0,2,0,408,0
1,55,0,0,0,1,96,0
1,59,0,0,4,0,301,1
0,42,0,0,0,0,6,0
1,58,0,0,16,0,167,0
1,32,0,0,21,0,167,1
1,42,0,0,1,0,360,0
1,29,0,0,8,0,408,1
1,21,0,0,1,0,408,0
1,31,0,0,1,1,99,1
1,58,0,0,0,1,98,0
1,22,0,0,1,0,234,1
1,46,0,0,1,1,40,1
1,50,0,0,0,1,40,1
1,46,0,0,2,0,183,0
0,44,0,1,11,0,301,1
1,35,0,0,4,1,40,0
1,30,0,1,14,0,178,1
1,42,0,0,2,0,301,0
1,46,0,0,5,0,178,1
1,42,0,0,0,0,252,1
1,37,0,0,12,0,408,0
1,29,0,0,7,0,18,1
1,32,0,0,8,0,18,0
0,33,0,0,1,1,40,0
1,25,0,0,4,0,329,0
0,33,0,0,0,1,40,0
0,64,0,0,7,1,136,0
1,35,0,0,1,0,301,1
1,56,0,0,1,0,408,0
1,38,0,0,0,1,40,1
0,40,0,0,4,1,408,0
1,34,0,0,3,0,408,0
1,28,0,0,4,0,183,0
1,51,0,0,0,1,40,0
1,35,0,0,2,1,40,0
1,61,0,0,5,0,301,0
1,25,0,0,0,0,257,0
1,25,0,0,4,0,166,1
1,26,0,0,0,1,232,0
1,42,0,0,1,1,40,0
0,25,0,0,1,0,183,0
1,26,0,1,13,1,131,1
1,31,0,0,9,0,262,0
1,35,0,0,1,0,301,0
0,41,0,0,4,0,408,1
1,34,0,0,0,0,203,0
1,46,0,0,5,1,408,0
0,33,0,0,1,1,40,0
1,30,0,0,3,0,67,0
0,50,0,0,7,1,40,0
1,21,0,0,0,0,55,0
1,31,0,0,2,0,236,1
0,23,0,0,0,1,40,0
1,25,0,0,1,0,54,0
0,24,0,0,1,0,408,0
1,31,0,0,13,1,271,1
1,60,0,0,0,0,183,0
1,30,0,0,2,0,408,0
1,46,0,0,0,1,132,0
1,21,0,0,0,1,40,1
1,28,4,0,6,1,128,0
1,35,0,0,0,0,234,0
0,40,0,0,7,1,314,0
1,23,0,0,1,0,183,1
1,23,0,0,3,0,183,1
1,28,0,0,2,1,324,0
1,46,0,0,2,1,271,0
1,56,0,0,1,0,408,0
1,41,0,0,19,0,133,0
1,24,0,0,1,1,40,1
1,25,0,0,7,0,30,0
0,33,0,0,0,1,40,0
1,48,0,0,2,1,408,0
1,33,0,0,11,0,236,1
1,25,0,0,6,0,156,1
1,58,0,0,38,0,167,1
1,30,0,1,7,0,273,1
0,43,0,0,7,0,3,0
1,32,0,0,0,0,133,0
1,49,0,0,4,0,14,0
1,24,0,0,0,0,332,0
1,26,0,0,1,0,178,0
1,42,0,0,0,0,6,0
1,22,0,0,1,0,61,1
1,29,0,0,7,1,40,1
1,39,0,0,0,1,40,0
1,27,0,2,13,0,408,1
1,38,0,0,2,0,301,1
1,20,0,0,0,0,54,1
1,25,2,0,4,0,408,1
1,53,0,0,0,1,40,0
0,27,0,0,0,1,40,1
1,50,0,0,1,1,400,1
1,41,0,0,4,0,70,0
1,34,0,0,4,0,18,1
1,22,0,0,5,0,284,1
1,22,0,0,0,0,178,1
1,25,0,0,2,0,234,0
1,42,0,0,1,0,166,1
0,27,0,0,2,0,292,0
1,33,0,0,23,0,408,1
1,24,0,0,0,0,300,0
1,37,0,0,4,0,408,0
1,37,0,0,0,1,271,0
1,35,0,0,1,0,18,1
0,24,0,0,0,0,301,0
1,49,0,0,2,1,100,0
1,38,0,0,9,0,408,0
0,30,0,0,0,1,40,0
1,22,0,0,3,0,47,0
1,25,0,0,0,0,242,1
1,52,0,0,0,1,132,0
1,26,0,0,0,0,18,0
1,29,0,1,6,0,159,0
1,45,0,0,9,0,167,1
1,20,0,0,0,0,408,1
1,29,0,0,4,0,408,0
1,43,0,0,1,0,408,1
1,26,0,0,2,0,94,0
0,46,0,0,4,0,408,0
0,46,0,0,0,0,166,0
1,39,0,0,8,0,12,0
1,29,0,0,12,0,301,1
1,41,0,0,0,1,100,0
1,29,0,0,11,0,408,1
0,25,0,0,5,0,238,0
1,23,1,0,2,0,119,0
0,46,0,0,1,0,408,1
1,30,0,0,0,1,100,0
1,34,0,0,1,0,408,0
1,70,0,0,11,0,301,1
1,52,0,0,2,0,408,0
1,51,0,0,4,1,356,0
1,55,0,0,21,0,163,1
0,49,0,0,1,0,408,0
0,26,0,0,9,1,131,1
0,47,0,0,0,0,46,0
1,27,0,0,0,1,40,0
1,25,0,2,5,1,99,1
1,37,0,0,26,0,133,1
1,21,0,0,1,0,301,1
1,21,0,0,0,0,60,0
1,25,0,0,4,0,301,1
0,27,0,0,3,0,217,1
1,30,0,0,3,0,85,1
1,70,0,0,0,1,100,0
1,37,0,0,11,0,117,1
1,46,0,0,5,0,4,1
1,20,1,0,1,0,183,1
1,43,0,0,18,0,408,1
1,38,0,0,15,0,14,0
1,29,0,0,0,0,84,0
1,37,0,0,8,1,230,1
0,27,0,0,0,0,300,0
1,31,0,0,6,1,40,0
1,29,0,0,3,0,408,1
1,48,0,0,13,0,70,1
0,30,0,0,0,1,40,0
0,25,0,0,2,0,408,1
1,40,0,0,3,0,133,0
0,49,0,0,3,0,323,0
1,33,0,0,1,1,356,0
1,26,0,0,5,0,364,1
1,61,0,0,1,1,100,0
1,30,0,0,2,0,393,0
1,62,0,0,0,1,26,0
0,27,0,0,4,1,197,1
1,48,0,0,9,0,178,0
0,40,0,0,0,0,301,0
1,24,0,0,0,0,294,0
1,22,0,0,0,0,183,1
1,30,0,0,4,1,40,1
1,63,0,0,0,1,100,0
1,33,0,0,4,0,301,0
0,21,1,0,1,0,331,1
1,43,0,0,0,1,132,1
1,26,0,0,3,0,234,1
1,51,0,0,1,0,218,0
1,39,0,0,3,0,408,1
1,32,0,0,14,0,166,1
1,22,0,0,0,1,232,0
1,59,0,0,0,0,301,0
1,38,0,5,37,1,408,1
1,23,0,0,2,0,408,0
1,42,0,0,0,1,40,1
1,20,1,0,1,0,408,1
1,38,0,0,2,0,56,1
0,34,0,0,2,0,300,0
0,36,0,0,7,0,87,1
1,35,0,0,7,0,343,1
1,36,0,0,0,1,40,1
1,31,0,0,1,0,162,0
0,28,0,0,3,0,408,1
1,28,0,0,1,0,268,1
1,60,0,0,3,0,323,0
1,43,0,0,0,0,117,0
1,40,0,0,1,0,408,0
1,31,0,2,15,0,301,1
1,54,0,0,6,0,301,1
1,26,0,0,1,0,408,0
1,24,0,0,17,0,408,1
1,21,0,0,1,0,408,1
1,22,0,0,0,0,398,0
0,37,0,0,0,0,6,0
0,45,0,0,1,0,6,0
1,29,0,0,1,1,102,1
1,46,0,0,10,0,162,1
1,21,0,1,1,0,54,0
1,50,1,0,7,1,40,0
1,35,0,0,6,0,47,1
1,52,0,0,1,1,400,1
1,48,0,0,0,1,99,0
0,29,0,0,9,1,233,1
1,48,0,0,0,1,40,0
1,31,0,0,10,0,408,1
1,21,0,0,3,0,234,1
1,47,0,0,0,1,40,0
1,62,0,0,1,1,274,0
1,21,1,2,3,0,87,1
1,35,3,0,13,0,301,0
1,46,0,0,3,1,228,1
1,34,0,0,5,0,183,1
1,52,0,0,2,0,408,0
0,39,0,1,7,0,301,0
1,21,0,0,0,1,40,1
1,53,0,0,1,1,11,0
0,19,0,0,0,0,163,1
1,22,0,0,0,1,226,0
1,45,0,0,1,0,408,0
0,27,0,0,0,0,62,0
1,25,0,0,0,1,40,0
1,30,0,0,0,0,165,1
1,31,0,0,2,0,133,1
1,28,0,0,3,0,408,0
1,36,0,0,3,1,40,1
1,27,0,0,7,0,408,1
1,42,0,0,1,0,301,0
1,35,0,0,0,0,301,1
0,33,0,0,2,0,241,0
1,25,0,1,21,0,408,1
0,42,0,0,0,1,40,0
1,21,0,0,0,0,183,1
0,28,0,0,0,1,40,0
1,27,0,0,25,0,408,1
0,21,0,0,0,0,61,0
1,26,0,0,0,1,40,1
1,36,0,0,0,0,162,0
1,23,0,0,1,1,271,1
1,49,0,0,0,0,301,1
1,29,0,0,11,0,301,1
1,44,0,0,0,0,301,1
1,28,0,0,1,1,40,0
1,27,0,0,2,1,131,1
0,35,0,0,12,0,284,1
1,36,0,0,19,1,131,1
1,46,0,0,2,1,356,0
1,34,0,0,3,0,166,0
1,45,0,0,15,0,133,1
1,28,0,0,9,0,133,1
0,25,0,0,1,0,6,0
1,21,0,1,1,1,26,0
1,48,0,0,1,0,187,0
1,37,0,0,1,1,40,0
1,24,0,0,3,0,301,1
1,37,0,0,1,1,40,1
1,39,0,0,1,0,348,0
1,24,0,0,1,0,54,1
1,35,0,0,3,0,18,1
1,23,0,0,1,0,408,1
1,36,0,0,4,0,301,1
1,43,0,0,5,0,60,0
1,28,0,0,6,1,408,1
0,21,1,0,4,0,408,1
1,53,0,0,1,1,100,0
0,27,0,0,2,1,233,1
1,39,0,0,0,1,400,0
1,47,0,0,22,0,166,1
1,28,0,0,4,0,398,1
1,49,0,0,7,0,301,0
1,36,0,0,2,0,268,0
0,24,0,0,1,0,408,0
1,23,0,0,3,0,360,0
1,26,0,0,2,0,6,0
1,31,0,0,7,0,183,1
0,30,0,3,14,0,67,1
1,25,0,0,2,1,132,0
1,24,0,0,6,0,119,1
1,26,0,0,2,1,40,0
1,26,0,0,7,1,66,0
0,20,0,0,0,0,183,0
1,36,1,0,10,1,40,1
1,23,0,0,0,0,268,0
1,26,0,0,5,0,408,1
1,40,0,0,4,1,132,0
1,46,0,0,8,0,408,1
1,19,0,1,1,0,408,1
1,53,0,0,1,0,408,0
1,56,0,0,5,0,309,0
0,24,0,0,0,0,183,0
0,33,0,0,2,0,305,0
1,26,0,3,8,0,330,1
1,56,0,0,1,1,359,0
1,32,0,0,2,0,284,0
1,25,0,0,0,0,408,1
1,21,0,0,1,0,183,0
1,38,0,0,3,0,163,0
1,23,0,0,0,0,171,0
1,67,0,0,4,1,131,0
1,20,0,0,0,0,408,1
0,39,0,0,4,0,11,1
1,24,0,0,1,0,61,1
1,49,0,0,3,0,408,0
1,31,0,0,7,0,261,1
1,20,0,0,1,0,183,1
1,28,0,0,0,1,40,0
1,67,0,0,3,0,408,0
1,40,0,0,4,0,408,0
1,52,0,0,0,0,351,0
1,45,0,0,17,0,167,1
1,27,0,0,8,0,240,1
1,22,0,0,1,0,183,0
1,36,0,0,9,0,133,0
1,40,0,0,0,1,40,1
1,30,0,0,1,1,136,1
1,42,0,0,1,0,408,0
1,24,0,0,2,0,156,1
1,46,0,0,4,0,399,0
1,38,0,0,4,0,339,0
1,26,0,0,0,1,178,0
1,54,0,0,1,1,40,1
1,61,0,0,1,0,408,0
1,51,0,0,1,1,271,1
1,57,0,0,0,0,6,0
1,24,0,0,3,1,40,1
1,34,0,0,1,0,408,0
0,28,0,0,10,1,228,1
1,35,0,0,10,1,403,1
1,30,0,0,6,0,133,1
1,44,0,0,0,0,329,0
1,57,0,0,3,1,269,1
1,61,0,0,10,0,54,0
1,26,0,0,1,0,408,1
1,48,1,0,10,0,166,1
1,42,0,0,4,1,131,0
1,38,0,0,10,0,301,1
1,39,0,0,4,0,183,0
0,53,0,0,0,1,40,0
1,26,0,0,3,1,248,0
1,22,0,0,1,0,61,1
1,50,0,0,0,0,183,0
1,44,3,0,16,1,132,0
1,24,0,1,4,0,2,1
1,21,0,0,0,0,183,1
1,50,0,0,0,0,301,0
0,36,0,0,0,1,40,0
1,39,0,0,0,0,408,0
0,24,0,0,2,0,83,0
0,54,0,0,7,0,175,0
1,29,0,0,0,1,323,0
1,26,0,0,0,1,40,0
1,41,0,0,3,0,166,1
1,23,0,0,1,0,183,1
1,34,0,0,0,1,40,0
1,31,0,0,11,0,156,1
1,20,0,0,0,0,183,0
1,49,0,0,10,0,408,1
1,26,0,0,4,0,294,1
1,28,0,0,1,0,301,1
1,26,0,0,0,0,183,0
1,55,0,0,1,0,301,0
1,22,0,0,0,1,316,0
0,26,0,0,0,1,271,0
1,66,0,0,1,0,408,0
1,58,0,0,16,0,408,1
1,28,0,0,4,0,58,0
1,33,0,0,8,0,309,0
0,31,0,0,0,1,40,0
1,26,0,0,1,1,248,0
1,35,0,0,4,1,248,0
0,41,0,0,12,0,163,1
1,34,0,0,0,1,40,0
0,32,0,0,0,0,166,0
1,37,0,0,9,0,240,1
1,50,0,0,1,0,301,0
1,35,0,0,1,0,408,0
0,47,0,0,0,1,314,1
0,52,0,0,8,0,408,0
1,26,0,1,5,0,345,1
1,36,0,0,1,1,408,1
1,45,0,0,13,0,166,1
1,41,0,0,8,0,133,1
1,24,0,0,0,1,40,0
1,21,0,1,1,0,329,0
1,54,0,0,0,1,40,0
1,49,0,0,0,0,178,0
1,42,0,0,1,0,408,0
1,21,0,0,1,0,301,1
1,61,0,0,30,0,408,0
1,46,0,0,5,0,42,1
1,74,0,0,0,1,96,0
1,75,0,0,2,1,131,0
0,39,0,0,1,0,408,0
0,38,0,0,0,0,408,0
1,19,1,0,1,0,408,1
1,28,0,0,0,0,61,1
1,53,0,0,2,0,408,0
1,25,0,0,1,0,172,1
1,53,0,0,1,1,100,0
1,53,0,0,4,0,183,0
1,23,0,1,2,0,61,0
1,55,0,0,33,0,167,1
0,64,0,0,1,0,408,0
1,23,0,0,1,1,40,1
1,23,0,0,4,0,300,1
1,34,0,0,0,0,47,0
1,26,0,0,1,1,88,0
1,44,0,0,4,0,133,0
0,27,0,0,0,0,6,0
1,28,0,0,14,0,234,0
1,55,0,0,1,1,100,0
0,22,0,0,2,0,408,0
1,36,0,0,15,0,408,0
1,29,0,0,6,0,147,1
1,23,0,0,1,0,408,0
1,56,0,0,1,1,132,0
1,27,0,0,2,0,284,1
1,37,0,0,1,1,40,0
1,32,0,0,1,0,200,1
1,41,2,0,18,1,388,1
1,22,0,0,1,0,46,1
1,37,0,0,1,0,301,1
1,45,0,0,3,1,402,0
0,31,0,0,14,0,10,0
1,42,0,0,7,0,162,1
1,26,0,2,20,0,178,1
1,33,0,0,0,0,115,1
1,22,0,0,0,1,99,1
1,32,0,0,2,0,323,1
0,36,0,0,1,1,40,0
1,54,0,0,0,1,314,0
1,25,0,1,5,0,408,1
1,24,0,0,3,0,183,1
1,61,0,0,0,1,40,0
0,42,0,0,0,1,132,0
1,28,0,0,1,1,100,1
1,27,0,0,1,1,271,0
1,24,0,0,2,1,40,0
1,33,0,0,14,0,309,0
1,32,0,0,16,0,133,1
1,38,0,0,0,0,162,0
1,21,0,1,1,1,385,0
1,27,0,0,1,0,280,1
1,39,0,0,0,0,301,0
1,29,0,0,0,0,398,0
1,29,0,0,1,0,301,0
1,65,0,0,6,0,408,0
1,36,0,0,1,0,284,1
1,46,0,0,0,0,234,1
1,44,1,0,7,0,260,0
1,27,0,0,0,1,356,0
1,27,0,0,8,0,162,1
1,61,0,0,0,1,40,0
1,47,0,0,0,1,40,1
1,27,0,0,1,1,40,0
1,28,0,0,0,0,183,1
0,31,0,0,1,1,40,1
1,26,0,0,9,1,405,1
1,53,0,0,2,0,408,1
1,26,0,0,1,0,408,1
1,25,0,0,2,0,408,0
0,21,0,3,4,1,408,1
1,23,0,0,1,1,197,0
0,45,0,0,2,0,154,0
1,27,0,0,2,1,40,1
1,57,0,0,6,1,230,1
1,44,0,0,8,0,408,1
0,26,0,0,0,1,40,0
1,21,0,0,0,0,408,1
1,63,0,0,1,0,162,0
0,62,0,0,0,1,208,0
1,48,0,0,0,0,301,0
1,53,0,0,1,1,105,0
1,62,0,0,3,1,100,1
1,28,1,1,5,0,9,0
1,56,0,0,1,0,171,0
1,22,1,0,2,0,398,1
1,26,0,0,5,0,7,1
1,35,0,0,4,1,131,0
1,22,0,0,1,0,183,1
1,60,0,0,3,1,356,0
0,37,1,0,7,0,123,0
0,32,0,0,0,0,396,0
0,33,0,0,3,0,11,1
1,53,0,0,0,1,40,0
1,32,0,0,0,1,40,0
1,26,0,0,0,1,88,0
1,61,0,0,0,1,99,0
1,21,0,0,0,1,40,0
1,69,0,0,22,1,26,0
1,26,0,0,0,1,132,0
1,30,0,0,9,0,261,1
1,21,0,0,1,0,408,0
1,41,0,0,0,1,100,0
1,45,0,0,0,0,133,1
1,31,0,1,10,0,133,1
1,22,0,0,0,0,19,0
0,54,0,0,0,0,3,1
1,50,0,0,2,1,40,1
0,50,0,0,5,0,408,0
0,21,0,0,0,0,119,1
1,30,0,0,0,0,152,1
1,53,0,0,2,0,279,0
1,30,0,0,11,0,408,1
1,26,0,0,5,1,208,0
0,30,0,0,1,0,408,1
0,59,0,0,0,1,40,0
1,29,0,0,13,0,133,1
1,30,0,0,13,0,252,1
1,25,0,0,5,1,40,1
1,35,0,0,4,1,141,0
1,22,0,0,0,0,63,0
1,41,0,0,8,0,133,1
0,37,0,0,13,0,166,0
1,22,0,0,0,0,54,1
1,19,0,0,0,0,234,1
1,45,0,0,2,1,408,0
0,33,0,0,5,0,301,1
1,52,0,0,7,0,167,0
0,21,0,0,0,0,284,0
1,43,0,0,6,1,408,1
1,33,0,0,3,0,408,0
1,26,1,0,3,0,163,1
1,37,0,0,0,1,40,0
1,38,0,0,1,0,323,1
1,27,0,0,1,0,166,1
1,21,1,0,1,0,408,0
1,38,0,0,3,0,301,1
1,37,0,0,0,1,100,0
1,44,0,0,0,0,395,0
1,30,0,0,0,0,300,0
1,49,0,0,1,0,323,0
1,67,0,0,0,1,101,0
1,59,0,0,14,0,301,1
1,21,1,0,1,0,408,1
1,31,0,0,6,1,100,0
0,50,0,0,2,0,301,1
1,30,0,0,7,0,133,0
1,28,0,0,1,1,26,0
1,48,0,0,7,0,301,1
1,55,0,0,0,1,101,0
0,24,0,0,1,0,156,0
1,42,0,0,0,1,40,0
1,34,0,0,0,1,40,1
1,43,0,0,4,1,402,1
1,44,0,0,0,0,8,0
1,25,0,0,0,1,128,0
1,25,0,0,2,0,67,1
0,32,0,0,0,1,40,1
1,35,0,0,10,1,408,1
1,24,0,0,1,0,331,1
1,34,0,0,0,0,408,1
1,48,0,0,2,0,183,1
1,41,0,0,1,0,180,0
1,26,0,0,12,1,40,1
1,42,0,0,0,0,188,1
1,29,0,0,0,1,324,0
1,26,0,0,0,1,40,0
0,27,0,0,1,0,408,0
1,35,0,0,4,1,40,0
1,54,0,0,1,0,183,0
1,24,0,0,3,1,375,1
1,20,0,0,0,0,57,0
1,27,0,0,0,0,408,0
1,21,0,0,1,0,61,0
1,27,0,1,7,1,40,1
1,34,1,0,11,0,408,1
1,27,0,0,4,0,56,0
1,54,0,0,0,1,233,0
1,39,0,0,1,0,408,0
0,22,0,1,2,0,408,0
0,33,0,0,0,1,356,0
0,25,0,0,2,0,408,1
0,35,0,0,0,1,40,0
1,53,0,0,0,1,40,0
1,28,0,0,2,1,138,0
1,26,0,0,0,0,183,0
1,30,0,0,1,0,408,0
1,31,0,1,3,0,162,0
1,24,0,0,3,1,40,1
1,45,0,0,19,0,167,1
1,28,0,0,1,0,302,0
0,45,0,0,1,0,294,1
0,22,0,0,1,1,40,0
1,33,0,0,3,0,408,1
1,23,0,0,4,0,252,1
1,36,0,0,6,0,91,0
1,22,0,0,0,0,234,0
1,45,0,0,1,1,40,0
1,28,0,0,2,0,183,1
1,37,0,0,3,1,40,0
0,52,0,0,0,1,132,0
1,26,0,0,0,0,15,0
1,28,0,0,4,0,292,1
0,33,0,0,2,0,408,0
1,23,0,0,3,0,408,1
1,31,0,0,3,1,132,1
0,55,0,0,0,1,132,0
1,24,0,0,3,0,359,1
1,37,0,0,2,1,131,0
1,41,0,0,0,0,14,0
1,26,0,0,0,1,132,0
1,41,0,0,13,0,15,0
1,33,0,0,6,0,234,0
1,23,0,0,0,0,183,0
1,27,0,0,1,0,408,0
1,24,0,0,0,0,357,1
1,30,0,1,10,0,408,0
1,55,0,0,1,0,301,0
1,26,0,0,13,1,40,1
0,41,0,1,6,1,232,0
1,35,0,0,0,0,15,0
1,26,0,0,4,0,331,1
1,20,0,0,1,1,316,0
1,24,0,0,3,1,127,1
1,31,0,2,8,1,40,1
1,22,0,1,2,0,408,0
1,55,0,0,0,0,234,1
1,33,0,0,7,0,218,1
1,44,0,0,6,0,408,1
1,41,0,0,25,0,301,1
1,56,0,0,9,1,408,0
1,21,0,0,1,0,61,0
1,36,0,0,1,0,408,1
0,48,0,0,1,1,99,0
1,27,0,0,6,0,408,1
1,56,0,0,7,0,163,1
1,39,0,0,2,1,40,0
0,25,0,0,0,0,0,0
1,51,0,0,1,0,408,0
0,28,0,0,3,0,15,0
1,30,0,0,0,0,309,1
0,19,0,0,0,1,138,1
1,20,0,0,0,1,40,1
1,57,0,0,0,0,6,0
1,51,0,0,8,1,233,1
1,27,0,0,5,0,294,1
1,26,0,0,0,0,367,0
1,23,0,0,3,1,232,1
1,35,0,1,14,1,40,1
0,41,0,0,1,1,72,0
1,37,0,0,5,0,301,0
1,48,0,0,0,0,162,0
1,21,0,0,0,0,61,0
1,19,3,0,3,0,408,1
1,21,0,0,1,0,11,1
1,52,0,0,1,1,408,0
1,23,0,0,5,0,268,1
1,22,0,0,0,0,301,1
1,19,1,0,1,0,408,1
1,41,0,0,1,0,54,1
0,25,0,0,1,1,40,1
1,54,0,0,0,1,40,1
1,25,4,0,13,0,408,1
0,30,0,0,0,1,409,1
0,40,0,0,4,0,301,0
1,22,0,0,0,0,30,0
1,50,0,0,10,0,171,0
1,35,0,0,2,1,40,0
1,28,0,0,7,0,161,1
1,21,0,0,0,0,67,0
1,27,0,0,0,0,54,0
1,22,0,0,0,0,11,1
1,32,2,0,26,0,301,1
1,32,0,0,0,0,294,0
1,59,0,0,0,0,183,0
1,30,0,0,19,0,301,1
1,59,0,0,0,0,284,0
0,44,0,0,1,0,46,1
1,26,0,1,9,1,324,1
1,30,0,1,9,0,133,1
0,35,0,0,2,0,178,0
1,25,0,1,3,1,356,1
1,40,0,0,7,0,183,0
0,31,0,0,0,1,40,1
0,32,0,0,0,0,54,0
1,37,0,0,22,0,408,1
1,22,1,0,2,0,408,0
1,38,0,0,8,1,388,1
1,34,0,0,2,0,408,0
1,30,0,1,7,0,408,0
0,38,0,0,0,0,323,1
1,36,0,0,10,0,260,1
1,35,0,0,2,0,43,1
1,35,0,0,0,0,359,0
0,30,0,0,9,0,167,1
1,34,0,0,16,0,172,1
1,31,0,0,3,0,305,1
1,31,0,1,4,0,408,1
1,22,0,1,2,0,284,1
1,36,0,0,5,1,40,1
1,39,0,0,2,1,131,0
1,51,0,0,9,0,301,1
1,35,0,0,7,0,166,1
1,30,0,0,1,0,284,1
1,43,0,0,3,1,40,1
1,37,0,0,0,1,78,0
1,25,0,0,3,1,227,0
0,27,0,0,0,0,183,0
1,47,0,0,2,1,40,0
1,46,0,0,12,1,234,0
1,27,0,0,0,0,234,0
1,34,0,0,0,0,163,1
1,30,0,0,4,1,131,1
1,25,0,0,0,1,100,0
1,26,0,1,5,1,408,0
1,25,0,0,1,0,301,1
1,60,0,0,9,0,301,0
1,30,0,0,12,0,133,1
1,21,0,0,0,0,183,0
1,25,0,0,4,0,301,1
1,53,0,0,1,0,408,0
1,21,0,0,0,0,162,1
1,29,0,0,4,1,40,0
0,24,0,0,2,1,40,1
1,51,0,0,2,0,3,0
1,29,0,0,1,1,356,0
1,20,0,0,0,0,22,1
0,51,0,0,14,0,368,0
1,53,0,0,1,0,202,0
1,31,0,0,2,0,408,0
1,25,0,0,5,0,119,0
1,22,0,1,3,0,408,1
1,21,0,0,1,0,264,0
1,21,0,0,1,0,67,1
1,27,2,0,6,1,131,1
1,28,0,1,14,1,324,1
1,49,0,0,6,1,40,1
1,52,0,0,7,0,267,1
1,25,0,0,1,1,356,0
1,56,0,0,2,0,168,0
1,34,0,0,22,0,133,0
1,23,0,0,1,1,408,1
1,22,0,0,0,0,284,0
1,23,0,0,0,0,183,1
1,30,0,0,4,1,356,0
1,42,0,0,1,1,402,1
1,50,0,0,24,1,356,1
1,54,0,0,12,0,304,1
1,37,0,0,0,0,301,0
1,23,0,0,1,0,300,0
1,41,0,0,0,0,3,0
1,50,1,0,5,0,301,0
1,26,0,0,2,0,178,1
1,23,0,0,2,0,268,1
1,55,0,0,1,0,408,1
1,24,0,0,0,0,183,1
1,33,0,1,5,1,40,1
1,23,0,0,0,0,234,0
1,37,0,0,1,1,131,1
1,51,0,0,0,1,40,0
1,43,0,0,1,0,113,0
0,35,0,0,3,1,40,1
1,29,0,0,2,0,193,0
1,57,0,0,0,1,316,0
1,20,0,1,1,1,40,1
1,37,0,0,1,1,127,1
1,23,0,0,3,0,408,1
1,36,0,0,9,1,408,1
1,55,0,0,1,1,197,0
1,53,0,0,18,1,388,1
1,21,0,0,1,0,234,1
1,27,0,0,3,1,40,1
1,28,0,1,6,0,183,1
1,26,0,0,1,0,408,1
1,25,0,0,1,0,268,0
1,66,0,0,0,0,183,0
1,28,0,0,3,1,67,0
1,21,0,0,0,0,183,1
1,24,0,0,0,1,271,0
1,60,0,0,18,1,132,1
1,37,0,0,2,0,133,1
1,23,0,0,2,1,177,1
1,73,0,0,0,1,40,0
1,44,0,0,0,0,408,0
1,40,0,0,6,0,301,0
0,28,0,0,0,0,164,1
1,56,0,0,0,1,40,1
1,42,0,0,3,0,301,0
1,32,1,0,11,0,408,1
1,50,0,0,1,0,408,0
1,34,0,0,0,1,40,0
1,47,0,0,1,1,40,1
1,58,0,0,3,0,163,0
1,48,0,0,3,0,305,0
0,20,0,0,0,0,183,0
0,53,0,0,10,0,12,1
1,29,0,0,0,0,133,0
0,43,0,0,0,1,178,0
1,35,0,0,1,1,408,0
1,53,0,0,1,1,40,1
1,22,0,0,0,1,276,0
1,26,0,0,9,1,271,1
1,23,0,0,4,0,239,1
1,71,0,0,1,1,100,0
0,61,0,0,0,1,127,0
0,22,0,0,2,1,271,0
1,29,0,0,1,1,98,1
0,54,0,0,1,1,324,0
1,24,0,2,6,0,408,0
0,28,0,0,0,0,6,0
0,25,0,0,2,0,134,0
0,22,0,0,1,0,216,0
1,24,0,0,2,0,323,1
1,35,0,0,0,0,360,0
1,21,0,0,0,0,18,0
1,49,0,0,1,1,163,0
1,26,0,0,6,0,18,1
1,30,0,1,7,0,54,1
1,30,0,0,5,0,14,1
1,21,0,0,1,0,408,0
1,64,0,0,8,0,133,0
0,26,0,0,1,0,408,0
0,45,0,1,7,0,408,1
1,37,0,0,3,1,40,0
0,34,0,0,1,0,218,1
1,58,0,0,0,1,401,0
1,27,0,0,0,0,392,0
1,30,0,0,0,1,99,1
1,25,0,0,0,1,100,0
1,60,0,0,19,0,301,1
1,56,0,0,24,0,167,0
1,33,0,0,2,1,40,0
1,25,0,1,9,0,57,1
1,47,0,0,15,0,301,0
1,32,0,0,6,0,183,1
1,24,0,0,3,0,85,1
1,23,0,1,2,0,408,1
1,25,0,0,1,0,304,1
0,20,0,0,0,0,183,0
1,32,0,0,9,0,61,0
0,49,0,0,0,0,12,0
1,22,0,0,1,0,183,0
1,24,0,0,0,0,280,0
1,26,0,0,10,0,133,1
1,29,0,0,5,0,323,0
0,20,1,0,1,0,178,1
1,49,0,0,1,1,100,0
1,29,0,0,1,1,40,1
1,18,3,0,2,0,408,1
1,22,0,0,0,0,234,0
1,34,3,0,8,0,408,0
0,26,0,0,3,0,12,0
1,21,0,0,0,0,61,1
1,54,0,0,2,1,40,0
1,59,0,0,1,0,301,0
1,22,0,0,0,0,398,1
1,64,0,0,20,0,133,0
1,45,0,0,1,1,132,1
0,22,0,0,0,0,183,0
1,24,0,0,5,0,166,1
0,30,0,0,3,0,166,1
0,27,0,0,0,0,409,0
1,20,0,0,0,0,183,0
1,28,0,0,5,0,408,1
1,23,0,0,3,0,408,1
0,32,0,0,0,1,40,0
0,44,0,0,1,0,183,0
1,41,0,0,8,0,162,0
1,30,0,0,3,0,214,0
1,27,0,0,2,1,40,1
1,32,0,0,0,0,301,1
1,40,0,1,24,1,40,1
1,23,0,0,1,0,409,0
1,33,0,0,1,0,408,0
0,33,0,0,3,1,40,0
1,33,0,0,3,0,156,0
1,33,0,0,0,0,323,0
1,41,0,0,2,1,408,1
1,28,0,0,9,1,40,0
0,25,0,0,0,0,12,1
0,30,0,0,1,1,132,0
0,47,0,0,0,1,128,0
1,24,0,0,0,0,183,1
1,37,0,0,5,1,408,0
1,31,0,0,9,0,408,1
0,30,0,0,1,0,301,0
1,52,0,0,0,0,217,1
1,25,0,0,5,0,246,1
1,60,0,0,10,0,408,0
0,46,0,0,7,1,40,0
1,62,0,0,3,1,40,0
1,36,0,0,0,1,40,1
1,24,0,0,2,0,370,1
1,25,0,2,9,0,408,0
1,21,0,0,0,1,40,1
1,29,0,0,5,0,300,1
1,52,0,0,0,1,40,1
1,29,0,0,5,0,280,0
1,59,0,0,13,0,167,1
1,39,0,0,2,0,300,0
1,20,0,1,1,0,54,1
1,50,0,0,0,1,100,0
1,27,0,0,7,0,60,1
1,27,0,0,0,1,40,0
1,31,0,0,4,0,167,1
0,32,0,0,2,0,398,0
0,24,0,0,2,1,387,0
1,24,0,0,4,0,178,1
1,30,0,0,0,1,271,1
1,21,1,1,2,0,408,0
1,41,0,0,0,0,301,0
1,32,0,0,2,0,301,1
1,27,0,0,5,0,301,0
0,24,0,0,1,0,183,0
1,69,0,0,0,1,101,1
1,25,0,0,1,0,301,0
1,55,0,0,0,1,40,1
1,28,1,0,7,0,183,1
1,27,0,0,0,1,99,1
0,20,0,0,1,0,46,1
1,36,0,0,2,0,133,1
1,25,0,1,10,0,119,1
0,35,0,0,1,1,40,0
1,32,0,1,12,1,40,1
1,21,0,0,1,1,88,0
1,41,0,0,1,0,408,0
1,38,0,0,0,0,133,0
1,21,0,0,1,0,360,1
1,31,0,0,10,1,271,0
1,35,0,0,2,1,403,1
1,34,0,0,5,1,40,0
1,52,0,0,0,1,40,0
1,21,0,0,0,0,408,0
1,43,0,0,8,1,40,0
0,32,0,0,0,0,183,0
1,49,0,0,5,0,329,1
0,21,0,0,0,1,40,0
1,28,0,0,5,0,84,1
0,65,0,0,1,0,193,0
0,27,0,0,0,1,40,0
1,48,0,0,20,0,301,1
1,25,0,0,1,1,271,0
1,20,0,0,0,1,40,1
1,63,0,0,6,0,408,0
1,40,0,0,0,1,132,0
1,21,0,0,1,0,183,1
1,27,0,0,1,1,40,0
1,35,0,0,0,1,40,1
1,32,0,0,9,1,408,1
0,50,0,0,0,1,40,0
1,31,0,0,1,1,131,0
1,47,0,0,0,1,40,0
1,44,0,0,2,1,40,0
1,23,0,0,0,1,40,0
1,54,0,0,10,0,301,0
1,21,1,0,1,0,408,1
1,38,0,0,17,0,167,0
1,44,0,0,2,0,167,1
1,52,0,0,3,1,324,1
0,52,0,0,0,0,167,1
1,21,0,0,0,1,316,1
1,31,0,0,4,0,408,0
0,30,0,0,9,0,408,1
0,39,0,0,1,0,408,0
1,56,0,0,6,0,301,0
1,35,0,0,12,0,309,1
1,39,0,0,1,0,56,0
1,29,0,0,0,1,40,0
0,28,0,0,3,0,164,0
1,23,0,0,2,0,183,1
1,26,0,0,0,1,89,0
0,64,0,0,1,1,324,1
0,51,1,0,10,0,408,0
1,20,0,0,1,0,184,1
1,21,0,0,0,0,183,1
1,21,0,0,0,0,61,0
1,23,0,0,0,0,183,0
1,46,0,0,3,0,408,0
1,25,0,13,21,0,133,1
1,34,0,0,12,0,119,0
0,30,0,0,0,1,40,0
1,47,0,0,1,0,183,0
1,30,0,0,4,0,395,0
1,47,0,0,1,0,301,0
1,42,0,0,33,0,408,1
1,39,0,0,1,0,301,1
1,50,0,0,11,0,408,1
1,24,0,0,1,0,284,0
0,22,0,0,2,0,331,0
1,45,0,0,3,0,9,0
1,26,0,0,2,0,183,1
1,39,0,0,3,0,301,0
1,40,0,0,1,0,183,0
1,24,0,0,0,0,300,0
1,23,0,0,1,0,301,0
1,61,0,0,0,1,132,0
1,42,0,0,3,0,351,1
1,38,0,0,3,0,162,1
1,67,0,0,0,0,183,1
1,23,0,0,2,0,11,0
1,31,0,0,1,0,292,1
1,40,1,0,15,0,408,0
1,44,0,0,0,0,408,0
1,37,0,0,10,0,200,1
0,22,0,1,3,1,233,0
1,31,0,0,6,1,40,1
1,28,0,0,9,0,68,1
1,57,0,0,2,0,323,0
1,33,0,0,9,0,296,0
0,30,0,3,10,0,301,1
1,56,0,0,7,0,183,0
1,35,0,0,0,0,268,1
1,57,0,0,23,0,408,1
0,39,0,0,8,0,252,1
1,65,0,0,3,0,61,0
0,22,0,0,0,1,40,0
0,35,0,0,2,0,408,0
1,29,0,1,2,1,40,1
1,37,0,0,2,1,46,1
1,62,0,0,13,0,326,1
1,22,0,0,5,1,408,1
1,31,0,0,6,1,408,0
1,22,0,0,0,1,249,1
0,56,0,0,1,0,301,0
1,25,0,0,2,0,408,0
1,33,0,0,10,1,40,0
1,25,0,0,2,0,183,0
0,27,0,0,3,0,329,0
1,37,0,0,1,0,167,0
1,41,0,0,2,1,408,0
1,35,0,0,5,0,46,0
1,55,0,0,0,1,40,0
0,24,0,0,1,0,408,0
1,26,0,0,2,0,54,1
1,35,0,0,7,0,408,0
1,50,0,0,3,1,320,1
1,30,0,0,1,1,40,0
1,25,0,0,3,0,301,1
0,65,0,0,1,1,208,1
0,31,0,0,0,0,166,1
0,24,0,0,0,1,40,0
1,34,0,0,6,0,408,1
0,30,0,1,4,0,301,0
1,30,0,0,14,0,408,1
1,24,0,0,1,1,88,0
1,51,0,0,3,0,191,1
0,28,0,0,3,0,183,0
0,27,0,0,4,0,130,1
1,22,0,0,2,0,301,1
1,29,0,0,2,0,366,1
1,31,0,0,0,0,119,0
1,31,0,0,0,1,400,0
0,32,0,0,3,0,408,0
1,27,0,0,1,0,60,1
1,29,0,0,6,0,305,1
1,59,0,0,3,0,408,0
1,24,0,0,1,1,40,1
0,27,0,0,1,0,46,0
1,33,0,0,0,0,54,0
1,28,0,0,9,0,408,1
1,24,1,0,9,1,408,1
1,31,2,1,16,0,183,1
1,24,0,0,0,1,409,1
1,24,0,0,0,0,283,0
1,23,0,1,7,0,67,1
1,62,0,0,0,0,84,0
1,52,0,0,19,0,408,0
0,25,0,0,4,0,408,1
1,49,0,0,1,1,26,0
1,50,0,0,0,0,162,1
1,47,0,0,3,0,252,1
1,37,0,0,14,0,133,0
1,26,0,0,0,1,40,0
1,28,0,2,21,0,133,0
0,26,0,0,3,0,234,1
1,25,0,0,1,0,61,0
1,20,0,1,1,0,178,1
1,34,0,0,9,0,234,1
1,46,1,0,9,0,183,1
1,21,0,0,0,0,183,1
0,27,0,0,2,0,408,1
1,21,0,1,3,1,40,1
1,29,0,0,1,0,292,0
1,46,0,0,4,0,268,0
1,24,0,0,0,0,234,0
1,57,0,0,8,1,99,1
1,33,0,0,4,0,166,1
1,23,0,1,4,0,382,1
1,29,0,0,5,0,301,0
1,22,0,0,0,1,40,1
0,33,0,0,1,1,40,1
1,40,0,0,3,0,171,1
1,32,0,3,10,0,343,1
1,68,0,0,1,0,408,0
1,24,0,0,1,1,40,0
1,32,0,0,1,0,408,0
1,19,0,1,2,0,183,1
1,23,0,0,6,0,398,1
1,39,6,1,17,0,301,1
1,25,0,0,1,0,408,0
1,42,0,0,6,0,163,1
1,29,0,0,1,1,131,0
1,38,0,0,2,1,40,0
1,32,0,2,10,0,90,1
1,23,0,0,4,1,40,1
1,58,0,0,10,0,301,1
1,42,0,0,9,0,300,1
1,26,0,0,1,0,178,1
1,27,0,0,1,0,107,0
1,33,0,0,1,0,408,0
1,33,0,0,2,0,183,1
1,23,0,0,0,1,40,1
1,25,0,1,4,0,408,1
1,32,0,0,0,0,152,1
0,29,0,0,0,1,40,0
1,38,0,0,19,0,408,1
1,29,0,0,0,1,248,0
1,27,0,0,6,0,280,1
1,25,0,0,0,1,128,1
0,31,0,0,2,0,408,1
1,30,0,0,8,0,408,1
1,41,0,0,0,0,183,0
1,59,0,0,8,0,301,0
1,21,0,0,1,1,40,1
0,33,0,0,6,1,408,1
1,27,0,0,6,0,167,1
1,30,0,0,0,0,162,0
1,43,0,0,4,0,398,0
0,24,0,0,2,0,222,0
1,45,0,0,13,1,401,1
1,23,0,0,0,0,152,1
0,40,0,0,5,0,183,0
0,23,0,0,0,0,167,0
1,39,0,0,3,0,408,0
0,26,0,0,5,0,6,1
0,26,0,0,0,1,132,0
1,21,0,0,0,1,40,0
1,30,0,1,3,0,361,0
1,44,0,0,0,0,178,0
1,21,0,0,1,0,55,1
1,23,0,0,0,1,205,0
0,49,0,0,1,0,166,0
1,23,0,0,3,0,183,1
1,24,0,0,1,0,301,1
0,21,0,0,1,0,408,1
0,37,0,0,7,0,156,1
0,21,0,0,1,1,40,1
1,28,0,0,2,0,408,1
1,42,0,0,2,1,40,0
0,24,0,0,2,0,166,1
1,31,0,0,0,0,301,0
1,24,1,0,2,1,314,1
1,25,0,0,1,0,408,0
1,55,0,0,12,0,408,0
1,33,0,0,1,1,40,1
1,26,1,3,24,1,324,1
1,27,0,0,1,0,408,0
1,26,0,0,3,1,403,0
0,27,0,0,0,1,40,0
1,46,0,0,0,0,301,0
0,38,0,0,1,1,40,1
0,24,0,0,0,1,138,0
0,38,0,0,0,1,403,0
1,27,0,0,7,0,54,1
1,48,0,0,6,0,408,0
0,31,0,0,2,0,301,1
1,28,0,0,5,1,40,1
1,25,0,0,6,1,232,1
1,27,0,0,8,0,408,1
1,55,0,0,0,1,40,0
1,25,0,0,1,0,18,0
1,40,0,0,5,0,408,1
1,21,0,0,0,0,54,1
1,50,0,0,26,0,301,1
1,28,0,1,10,0,408,1
1,20,0,1,2,0,301,1
1,31,5,0,10,0,408,1
0,57,0,0,0,1,324,0
1,25,0,0,0,1,40,0
1,22,0,4,7,0,408,1
1,31,0,0,3,0,56,1
1,43,0,0,7,0,408,0
0,25,0,0,0,1,132,0
1,40,0,0,1,0,166,0
1,20,0,0,0,0,60,1
1,35,0,0,2,1,271,0
1,34,0,0,1,1,408,1
1,27,0,0,18,0,167,1
0,38,0,0,3,0,133,1
1,21,0,0,0,0,300,1
1,25,0,0,0,1,40,1
1,53,0,0,6,1,232,1
0,50,0,0,4,0,6,0
0,23,0,0,1,1,40,0
1,27,1,0,2,0,119,1
1,27,0,0,0,1,356,1
1,29,0,0,5,0,300,1
1,38,0,0,1,1,40,0
0,54,0,0,2,0,408,0
1,26,0,0,1,0,408,1
1,37,1,8,23,0,119,1
1,36,0,2,25,1,40,1
1,28,0,0,18,0,117,1
1,49,0,0,1,1,408,0
1,36,0,0,11,0,133,0
0,26,0,0,2,0,408,0
0,41,0,0,0,0,15,0
1,40,1,0,9,0,408,0
1,29,0,0,8,1,356,0
1,21,1,0,7,0,171,1
1,33,0,0,0,0,305,0
1,26,0,0,7,0,240,0
0,27,0,0,0,1,40,1
1,35,0,0,1,0,234,0
1,27,0,0,3,1,356,0
0,31,0,0,3,0,408,0
1,36,1,0,26,0,240,1
1,50,0,0,1,0,6,0
1,52,0,0,1,0,408,0
1,24,0,0,1,1,40,0
1,38,0,0,0,0,6,0
1,54,0,0,11,0,408,0
1,71,0,0,13,0,166,0
1,27,0,4,9,0,253,1
0,39,0,0,1,0,301,0
1,46,1,0,8,1,40,1
0,36,0,0,5,0,46,1
1,55,0,0,0,0,183,0
1,45,0,0,0,1,409,1
1,27,0,0,0,0,183,0
1,23,0,0,2,0,67,1
1,20,1,0,1,0,408,1
0,31,0,2,10,0,398,0
1,24,0,0,8,0,408,0
0,37,0,0,2,0,360,1
1,25,0,0,0,1,228,1
1,26,0,0,0,0,300,0
1,29,0,0,0,0,183,0
1,41,0,0,4,1,40,1
1,37,0,0,0,0,162,1
1,46,0,0,2,0,350,0
0,56,0,0,10,0,301,1
1,23,0,0,0,0,183,1
0,23,0,0,1,0,252,1
1,25,0,0,0,0,264,1
1,24,0,0,1,0,240,1
1,35,0,0,27,0,183,0
1,48,0,0,10,0,119,0
1,24,0,0,2,0,54,1
1,25,0,1,8,0,408,0
1,23,0,0,0,0,61,1
1,43,0,0,2,0,241,0
0,53,0,0,0,1,100,0
1,24,0,0,1,0,235,1
1,25,1,0,4,1,40,0
1,28,0,0,0,0,225,0
1,21,0,0,1,0,183,0
1,33,0,0,3,0,247,1
0,35,0,0,1,0,408,0
1,55,0,0,3,1,401,0
1,28,0,0,0,1,40,0
1,44,0,0,0,1,40,1
0,48,0,0,2,0,0,0
1,19,2,1,3,0,67,1
1,24,0,0,3,0,244,1
1,50,0,0,2,0,301,0
1,31,0,0,0,1,40,0
0,28,0,0,0,0,301,1
1,42,0,0,0,0,11,0
1,21,0,0,0,1,11,1
1,29,0,0,5,0,408,0
1,48,0,0,1,0,6,0
1,21,0,0,0,0,268,1
1,31,0,0,3,0,357,1
1,27,0,0,0,0,133,1
1,75,0,0,1,0,266,1
1,28,0,0,7,0,408,1
1,67,0,0,0,1,40,0
0,32,0,0,11,0,133,0
1,44,0,0,7,0,408,0
1,25,0,0,1,0,408,1
0,30,0,0,15,1,40,1
1,28,0,1,9,1,131,0
1,27,0,0,0,0,408,1
1,36,0,0,4,0,301,0
0,25,0,0,0,1,314,0
1,31,0,0,5,0,133,1
1,30,0,0,0,1,100,1
1,33,0,0,4,0,408,0
1,26,0,0,1,1,131,1
0,22,0,0,2,1,183,1
1,50,0,0,0,0,67,0
1,37,0,0,4,0,18,0
1,58,0,0,1,0,11,1
1,34,0,0,3,1,40,1
1,32,0,0,1,0,234,1
1,29,0,0,0,1,100,1
1,27,0,0,0,1,40,0
1,39,0,0,5,0,61,0
1,24,0,0,0,0,46,0
1,38,1,0,8,1,127,0
1,52,0,0,7,0,323,0
1,56,0,0,3,1,40,1
1,46,0,0,7,0,178,1
1,38,0,0,5,0,38,1
1,47,0,0,3,1,232,0
1,32,0,0,0,0,57,0
1,34,0,1,27,1,40,0
1,42,0,0,5,0,163,0
0,35,0,0,0,1,47,1
1,20,0,0,0,0,183,1
0,32,0,0,2,0,301,1
1,21,0,0,0,1,271,0
1,24,0,0,0,1,132,1
1,24,0,0,1,1,316,1
1,26,0,0,0,1,271,1
1,52,0,0,8,0,408,0
1,27,0,0,1,1,40,0
0,27,0,0,0,1,40,0
1,56,0,0,0,0,326,0
1,52,0,0,16,0,304,1
1,37,0,0,3,0,22,1
1,45,0,0,0,1,190,0
1,23,0,0,1,1,40,0
0,36,0,0,3,0,408,1
0,29,0,0,0,0,183,0
1,69,0,0,3,0,408,0
1,27,0,1,11,0,163,0
1,28,1,0,11,0,301,1
1,38,0,0,4,1,356,0
0,19,0,0,1,0,61,1
0,37,0,0,1,0,294,0
1,34,0,0,0,1,40,1
1,37,0,0,7,0,167,1
1,21,0,0,1,0,317,0
1,21,0,0,0,0,329,1
0,38,0,0,3,0,408,0
1,47,0,0,1,1,40,0
1,56,0,0,3,0,47,0
1,23,0,0,0,1,132,0
1,57,0,0,0,0,162,0
1,25,0,1,9,0,408,0
0,23,0,0,2,0,46,1
1,32,0,0,8,0,408,1
0,36,0,0,2,1,403,0
1,41,0,0,5,1,131,0
1,21,0,0,1,0,408,1
1,43,0,0,8,0,37,1
1,31,0,0,2,1,356,0
1,37,0,0,0,1,40,0
1,27,0,0,0,0,183,0
1,22,0,0,2,0,284,1
1,59,0,0,2,0,294,0
0,33,0,0,0,0,301,1
1,39,0,0,21,0,304,0
0,43,0,0,2,0,301,0
1,25,0,0,5,0,323,1
1,36,3,0,19,1,408,1
1,23,0,0,3,0,61,1
0,43,0,0,3,1,400,1
1,56,0,0,9,1,40,1
0,20,0,0,1,0,167,1
1,50,0,0,2,1,328,1
0,54,0,0,1,1,132,0
1,20,0,0,1,0,178,1
0,36,0,0,3,0,252,1
1,56,0,0,0,1,380,0
1,25,0,0,28,1,26,1
1,25,1,0,2,0,301,0
0,42,0,0,1,0,146,1
1,34,0,2,9,1,356,1
1,48,0,0,4,0,183,0
1,34,1,0,21,1,40,1
1,28,0,0,0,0,369,0
1,32,0,0,1,0,60,0
0,31,0,0,2,0,178,0
0,24,0,0,4,0,301,1
0,25,0,0,0,0,305,1
0,32,0,0,4,0,323,0
1,37,0,0,20,0,133,1
1,24,0,0,1,0,46,1
1,48,0,0,0,1,162,0
1,25,1,2,9,0,408,1
1,35,0,0,1,0,301,0
1,21,0,0,1,0,34,1
0,21,0,0,0,0,183,1
0,27,0,0,0,0,183,1
1,22,0,0,0,0,30,0
1,28,0,0,4,0,234,0
1,26,0,0,0,1,228,0
1,34,0,0,0,0,309,0
1,22,0,0,3,0,2,0
1,44,0,0,5,0,408,0
1,57,0,0,1,0,14,0
1,22,0,0,0,0,87,1
1,34,0,0,0,0,300,0
1,24,0,0,7,0,18,1
1,20,0,0,0,0,301,0
1,35,0,0,2,0,292,0
1,60,0,0,13,0,292,0
0,22,0,0,2,0,3,0
1,72,0,0,7,0,331,0
1,33,0,0,3,0,301,1
1,24,0,0,1,0,60,1
1,60,0,0,0,0,29,0
1,24,0,0,3,0,18,1
1,30,0,0,1,1,40,0
0,43,0,0,0,1,40,0
1,45,0,0,1,1,40,0
1,31,0,0,1,1,132,0
1,40,0,0,0,1,40,0
1,50,0,0,1,0,408,0
1,41,0,0,7,0,408,0
1,34,0,0,5,0,268,1
0,28,0,0,0,0,301,0
1,30,0,0,1,0,215,0
1,23,0,0,2,0,218,1
1,21,0,0,1,0,54,1
1,45,0,0,1,0,408,0
0,22,0,1,2,1,40,1
1,29,0,0,6,0,301,1
0,30,0,0,0,1,40,0
1,45,0,0,3,1,40,1
0,24,0,0,2,0,173,0
1,31,0,0,4,0,163,1
1,56,0,0,0,1,40,0
1,24,0,4,14,0,178,1
1,38,0,0,11,0,160,0
1,51,0,0,22,0,408,1
1,22,0,0,0,0,3,0
1,28,0,0,5,1,408,0
1,47,0,0,19,0,301,1
1,51,0,0,0,1,400,1
1,25,0,0,1,1,40,0
1,30,0,0,0,0,183,0
1,33,0,0,0,0,301,1
1,35,0,0,5,0,9,1
0,33,0,0,0,0,218,0
1,65,0,0,11,0,301,0
0,37,0,0,4,1,408,0
0,33,0,0,1,0,408,0
1,27,0,0,2,0,408,1
0,29,0,0,9,0,238,1
1,24,0,0,3,0,11,1
1,43,0,0,5,0,259,0
1,37,0,0,11,1,40,1
1,53,0,0,13,0,260,0
1,43,0,0,4,0,408,0
1,26,0,0,4,0,268,1
0,30,0,0,1,1,233,0
1,27,0,0,6,0,140,1
1,39,0,0,9,0,301,1
1,37,0,0,4,1,18,1
1,22,0,0,3,1,40,1
1,25,0,0,0,0,292,0
0,28,0,0,0,1,95,0
1,25,0,0,0,1,40,1
1,58,0,0,1,0,408,0
0,29,0,0,1,1,132,1
1,33,0,0,8,0,11,0
1,38,0,0,0,0,408,0
1,38,0,0,2,0,292,0
1,59,0,0,22,0,167,1
1,57,0,0,9,0,178,0
1,53,0,0,0,1,40,1
1,33,0,0,2,0,6,1
1,58,0,0,1,1,40,0
1,51,0,0,1,1,40,0
1,25,0,0,11,0,171,1
1,53,0,0,2,0,144,0
1,32,0,0,0,1,232,1
1,35,0,0,6,0,398,1
1,39,0,0,1,0,408,0
0,42,0,0,5,1,408,1
1,37,0,0,0,1,379,0
1,39,0,0,0,0,171,0
0,52,0,0,3,1,132,0
1,42,0,0,4,0,54,1
1,23,0,0,6,0,301,1
0,42,0,0,0,1,99,1
0,28,0,0,2,0,408,0
1,28,0,0,5,0,301,0
1,38,0,0,12,0,184,0
0,43,0,0,2,0,183,1
1,42,0,0,0,0,162,0
0,25,0,0,0,1,40,0
1,32,0,0,7,0,178,1
1,21,0,0,0,0,323,1
0,35,0,0,1,1,40,0
1,37,0,0,0,0,54,0
0,33,0,0,2,0,150,0
0,51,0,0,4,0,408,0
1,39,0,0,3,0,305,0
1,40,0,0,3,0,162,0
1,32,0,0,17,0,301,1
1,18,5,0,4,0,54,1
1,32,0,0,3,0,268,1
1,32,0,0,10,0,166,1
1,47,0,0,5,1,400,1
0,23,0,0,0,1,248,0
1,63,0,0,10,0,79,1
1,38,0,1,16,0,260,1
1,32,0,0,6,1,40,1
1,31,0,0,4,0,360,1
1,23,0,0,0,0,115,0
0,47,0,0,0,1,40,0
1,33,0,0,1,0,408,1
1,22,0,0,1,0,178,0
1,26,0,0,1,1,400,0
1,40,0,0,0,1,40,1
1,36,10,0,14,0,54,1
0,65,0,0,0,1,100,0
1,44,0,0,4,1,40,1
0,22,0,0,0,1,40,0
0,26,0,0,4,0,284,1
1,56,0,0,7,0,178,0
1,52,0,0,2,0,183,1
1,34,0,0,5,0,2,0
1,33,0,0,1,1,40,1
1,21,0,1,1,0,67,0
1,46,0,0,9,0,234,0
1,22,0,0,2,1,40,1
1,57,0,0,1,1,100,0
1,22,0,0,2,0,301,1
0,48,0,0,1,1,132,1
1,40,0,0,21,0,161,0
0,30,0,0,1,0,408,0
1,21,0,1,4,1,40,1
0,39,0,2,22,0,301,1
1,27,0,0,13,0,408,1
0,33,0,0,0,1,271,1
1,24,0,0,0,0,12,0
1,43,0,0,0,0,77,1
0,45,0,0,0,1,40,0
1,51,0,0,3,0,103,0
0,35,0,0,2,0,252,1
1,31,0,0,9,1,40,1
1,27,0,0,0,1,40,0
1,32,0,0,1,0,408,0
1,49,0,0,0,1,100,0
1,29,0,0,2,0,183,0
1,23,0,1,2,0,18,1
1,55,0,0,12,0,301,1
1,30,0,0,0,1,100,0
1,34,0,0,13,0,284,1
1,56,0,0,2,0,354,0
1,33,0,0,4,0,166,0
1,28,0,0,1,1,40,0
1,29,0,0,1,0,354,0
1,38,0,0,0,1,98,0
1,37,0,0,0,0,162,0
0,33,0,0,0,1,100,1
1,51,1,0,19,0,167,0
1,65,0,0,7,1,271,0
0,32,0,0,1,1,40,0
1,38,0,0,5,0,183,1
1,35,0,0,1,0,241,0
1,57,0,0,1,0,6,0
1,26,0,0,1,0,408,0
0,36,2,0,4,1,40,1
1,35,0,0,3,0,301,1
1,33,0,0,0,0,178,0
1,47,0,0,0,1,40,0
1,35,0,0,1,1,26,1
0,36,0,0,1,0,301,1
0,25,0,0,0,1,40,0
1,34,0,0,7,1,232,0
1,51,0,0,6,0,301,1
1,24,0,0,8,0,178,1
1,32,0,0,0,0,280,1
1,43,0,0,8,0,167,1
1,45,1,0,20,1,408,0
1,42,0,0,10,1,131,1
1,22,0,0,1,0,183,1
1,49,0,0,4,0,301,0
1,42,0,0,0,0,292,1
1,40,0,0,0,1,232,1
1,25,0,1,2,0,12,1
1,25,0,0,0,1,400,1
1,23,0,0,0,0,162,0
1,21,0,0,2,0,166,1
1,31,0,0,3,1,40,0
0,28,0,0,0,1,40,0
1,24,0,0,11,0,183,1
1,45,0,0,0,0,30,0
1,23,0,0,2,1,40,1
1,39,0,0,7,0,18,1
1,25,0,0,2,0,51,0
1,24,0,1,1,0,183,0
1,46,0,0,1,0,408,0
1,47,0,0,3,0,323,0
1,54,0,0,2,1,197,1
1,22,0,0,1,1,271,1
0,34,0,0,0,1,40,0
1,33,0,0,0,1,132,1
1,27,0,0,1,1,243,0
1,29,0,0,16,0,171,1
1,32,0,0,1,0,133,0
1,29,0,0,0,1,40,0
0,25,0,0,2,1,386,1
1,34,0,0,16,0,162,1
0,55,0,0,1,0,234,0
1,27,0,0,0,0,18,1
1,26,0,0,0,1,408,0
1,39,2,2,19,0,133,1
1,24,0,0,1,0,302,0
1,29,0,0,0,1,40,0
0,31,0,0,3,0,301,1
1,50,0,0,13,0,183,1
1,31,0,0,4,0,408,1
1,26,1,0,2,0,300,0
1,54,0,0,2,0,408,0
1,33,0,0,14,0,301,1
1,22,0,0,0,1,40,1
1,35,0,1,8,0,133,0
1,25,0,0,0,0,166,0
1,25,0,0,0,0,110,0
1,44,0,0,0,0,294,1
0,29,0,0,2,0,398,1
1,46,0,0,2,0,408,1
1,53,0,0,0,1,40,0
1,24,0,0,2,0,133,1
0,52,0,0,2,0,301,1
1,27,0,0,0,1,40,1
1,41,0,0,0,0,162,0
0,21,0,0,0,0,183,1
1,24,0,0,1,0,285,0
1,38,0,0,8,0,133,0
1,23,0,0,0,1,40,0
1,42,0,0,0,0,133,0
1,32,0,0,4,0,183,0
1,24,5,0,5,0,54,1
1,26,0,0,4,0,178,1
1,50,0,0,9,0,60,1
0,32,0,0,3,1,46,0
1,40,0,0,13,0,408,0
1,25,0,0,1,1,126,1
1,27,0,0,2,0,196,0
1,23,0,0,0,0,284,1
1,37,0,0,22,1,408,1
1,32,0,0,1,1,98,1
1,38,0,0,2,1,408,1
1,52,0,0,4,1,403,1
1,29,0,0,2,0,162,0
1,28,0,0,7,1,324,1
1,49,0,0,0,1,249,0
1,50,0,0,0,0,202,0
1,26,0,0,2,0,2,1
0,34,0,0,0,0,252,1
0,28,0,0,1,0,408,0
1,36,0,0,4,0,175,1
1,45,0,0,1,0,11,1
1,30,0,0,0,0,166,1
1,24,0,0,3,0,54,1
1,25,0,0,0,1,40,1
1,25,0,0,4,1,40,1
1,45,0,0,2,0,301,0
1,26,0,0,1,0,252,1
1,40,0,0,2,1,408,0
1,60,0,0,1,1,132,0
1,31,0,0,6,0,408,0
1,36,0,0,4,1,132,0
1,21,0,0,1,0,408,1
1,55,0,0,0,1,40,0
1,22,0,0,1,0,408,1
0,23,0,0,1,0,408,0
0,24,0,0,7,1,408,1
0,40,0,0,13,0,301,1
1,57,0,0,9,0,301,1
1,33,0,0,0,1,66,1
1,32,0,0,2,0,12,0
1,47,0,0,3,0,408,0
1,51,0,0,6,1,400,1
1,22,0,1,1,0,57,0
1,47,0,0,2,0,107,0
1,28,0,0,1,0,301,1
1,21,0,0,1,0,54,1
1,28,0,0,5,0,183,0
0,44,0,0,1,1,40,1
1,25,0,0,0,0,162,1
1,34,0,0,4,1,40,0
1,65,0,0,0,1,100,0
1,33,0,0,5,0,133,1
0,23,0,0,0,1,40,0
0,44,0,0,0,1,40,0
1,24,0,0,1,1,40,0
1,51,0,0,1,1,40,0
0,21,0,0,0,0,46,1
1,39,0,0,6,0,408,0
1,24,0,0,1,0,11,0
0,23,0,0,0,0,280,1
1,31,0,0,11,0,252,1
0,35,0,0,0,1,233,0
1,34,0,0,8,0,301,0
0,39,0,0,4,0,11,0
1,29,0,0,6,1,161,0
1,51,0,0,0,1,132,0
1,22,0,0,1,0,408,0
1,29,0,0,2,0,408,0
1,35,0,0,8,0,408,1
1,32,0,0,6,0,34,1
1,33,0,0,3,1,40,1
1,58,0,0,5,0,183,1
1,30,0,0,3,0,133,0
1,33,0,0,2,0,333,1
1,24,0,0,0,0,183,1
1,48,0,0,10,0,183,0
1,23,0,0,0,1,40,0
1,23,0,0,2,0,183,1
1,29,0,0,0,1,40,1
1,48,0,0,2,0,408,0
1,37,0,0,4,1,40,1
1,50,0,0,3,0,162,0
1,19,0,0,3,0,55,1
1,39,0,0,2,1,229,0
1,49,2,0,13,0,133,0
1,58,0,0,2,0,323,0
1,31,0,0,6,0,301,0
1,23,0,0,1,1,40,0
0,23,0,0,0,0,11,1
1,31,0,0,17,0,309,1
1,57,0,0,6,0,183,0
0,31,0,0,0,1,40,0
1,57,0,0,19,0,301,0
1,57,0,0,12,1,96,0
1,29,0,0,6,1,40,1
1,30,0,0,0,1,40,1
1,45,0,0,11,0,163,0
1,42,0,0,0,0,360,0
1,29,0,2,12,0,360,1
1,23,0,0,0,0,183,0
0,28,0,0,0,0,133,0
1,41,0,0,3,0,166,0
1,25,0,0,1,1,40,1
0,34,0,0,3,1,40,0
1,53,0,0,26,0,301,1
0,28,0,0,1,0,46,1
1,27,0,0,0,0,360,0
1,39,0,0,4,0,7,0
0,55,0,0,6,0,6,0
1,27,0,0,4,0,408,1
1,30,0,0,7,0,107,1
1,31,3,0,15,1,40,1
1,20,0,0,1,1,18,1
1,26,0,0,2,0,11,1
1,44,0,0,7,0,301,1
1,33,0,0,17,0,408,1
1,34,0,0,0,0,172,1
1,27,0,0,0,1,40,0
1,21,0,0,1,0,300,1
1,29,0,0,4,0,166,0
1,27,0,0,7,0,133,0
0,24,0,0,0,0,398,0
1,29,0,0,0,0,133,1
1,20,0,0,0,0,70,0
0,23,0,0,0,0,301,0
0,48,0,0,0,1,100,0
1,34,0,0,0,1,132,1
1,46,0,0,1,1,40,1
0,41,0,0,3,0,133,0
1,26,0,0,3,0,111,1
1,37,0,0,11,0,166,1
0,54,0,0,7,0,408,0
0,25,0,0,5,1,377,0
0,22,0,0,2,0,408,0
1,32,0,0,7,0,166,0
1,44,0,0,0,1,99,0
1,28,0,0,1,0,52,0
1,60,0,0,3,1,96,0
1,49,0,0,0,0,301,0
1,32,0,0,9,0,333,0
1,30,0,0,10,1,40,1
1,52,0,0,0,0,211,0
0,27,0,0,1,1,234,0
1,34,0,0,0,0,259,0
1,55,0,0,5,0,163,1
1,37,0,0,6,1,40,0
1,33,0,0,0,1,324,0
1,22,0,0,0,0,300,1
0,27,0,0,0,1,26,0
1,20,0,0,0,0,398,1
1,33,0,0,0,0,50,0
1,26,0,0,0,1,40,0
1,29,0,0,0,1,104,0
1,32,0,0,1,1,132,0
1,37,0,0,4,1,40,0
1,31,0,0,15,0,408,0
1,29,0,0,6,0,133,1
1,31,0,0,6,0,408,0
0,36,0,0,2,0,6,0
1,35,0,0,4,1,248,0
0,37,0,0,1,0,62,0
1,34,0,0,5,1,232,1
1,20,0,0,1,1,26,1
0,50,0,0,12,1,40,1
1,24,0,0,8,0,167,1
1,29,0,1,8,1,40,1
0,45,0,0,1,0,133,0
1,34,0,0,2,0,408,1
1,70,0,0,0,1,132,0
1,26,0,0,2,0,408,0
1,23,1,0,4,0,408,0
1,27,0,0,5,1,131,0
1,44,0,0,6,0,183,1
1,23,0,0,2,1,408,1
1,26,0,0,0,1,40,0
0,23,0,0,2,1,40,0
1,27,0,0,3,0,408,1
0,46,0,0,1,0,160,0
0,27,1,0,1,0,408,0
1,45,0,0,7,0,161,0
1,42,0,0,1,1,408,0
0,24,0,1,3,1,40,1
1,20,1,1,2,0,408,1
1,49,0,0,3,0,301,0
1,29,0,0,8,1,408,1
0,52,0,0,1,0,46,0
1,26,0,0,1,1,40,0
1,53,0,0,15,0,166,1
1,38,0,0,0,1,139,1
1,25,0,0,1,0,301,0
1,21,1,0,1,0,54,1
1,48,0,0,0,1,40,0
0,40,0,0,1,0,301,0
1,22,0,0,0,0,57,1
1,36,0,0,4,1,408,0
1,38,0,0,2,1,40,0
0,44,0,0,0,1,127,1
0,23,0,0,2,0,6,1
1,64,0,0,0,1,228,0
1,38,0,0,5,1,168,1
1,49,0,0,1,0,183,0
0,45,0,0,3,0,301,0
1,51,0,0,3,0,408,0
1,50,0,0,0,0,301,0
1,33,0,2,2,1,400,0
0,54,0,0,0,1,40,0
1,33,0,0,14,0,408,0
1,42,0,0,17,1,408,1
1,34,0,0,3,0,133,0
1,38,0,0,2,0,79,1
1,21,0,0,1,0,48,1
1,33,0,0,5,0,166,0
1,32,0,0,9,1,408,1
1,45,0,0,1,1,40,0
1,30,0,0,1,0,292,1
0,29,0,0,0,0,3,0
1,44,0,0,3,1,131,0
0,51,0,0,0,1,40,1
0,28,0,0,0,0,11,0
1,27,0,0,1,0,300,0
0,30,0,0,0,0,185,0
1,32,0,0,0,1,40,0
1,27,0,0,5,0,183,0
1,21,0,0,0,0,60,0
0,34,0,0,0,0,359,1
1,24,0,0,7,0,81,1
1,32,0,0,0,1,131,0
0,38,0,0,5,0,408,1
1,56,0,0,3,1,408,0
0,44,0,0,0,1,40,0
1,31,0,0,1,1,104,1
0,25,0,0,6,0,408,0
0,20,0,0,0,1,40,0
1,35,0,0,1,1,40,0
1,33,0,0,1,0,3,1
1,24,0,0,0,1,40,0
1,27,0,0,9,0,252,1
0,21,0,0,2,1,232,0
1,38,0,0,9,0,183,1
1,20,0,0,0,0,179,1
1,30,0,0,9,0,133,1
1,36,0,0,9,0,408,1
1,23,0,0,2,1,400,1
1,39,0,0,21,0,133,1
1,32,0,0,3,1,324,0
1,29,0,0,3,0,234,1
1,58,0,0,2,1,400,1
1,23,0,0,3,1,232,1
0,68,0,0,5,0,301,0
0,26,0,0,2,1,40,0
1,51,0,0,0,0,301,1
1,25,0,0,0,1,40,0
1,40,0,0,5,0,166,1
1,51,0,0,14,0,408,0
1,27,0,0,2,1,316,1
1,49,0,0,11,1,403,1
1,28,0,0,5,1,408,0
1,20,0,0,0,0,56,0
1,21,0,0,2,0,301,1
0,31,0,0,0,0,3,0
1,57,0,0,0,1,40,0
0,61,0,0,8,0,323,1
1,54,0,0,3,0,408,1
1,39,0,0,0,0,301,0
1,24,0,1,1,0,301,0
1,48,0,0,8,0,301,1
1,30,0,0,6,1,324,1
1,26,0,1,10,0,301,1
1,36,0,0,2,0,408,0
1,37,0,0,12,0,234,1
1,26,0,0,4,0,57,1
1,29,0,0,7,1,232,1
1,26,0,0,1,1,402,1
1,60,0,0,2,0,301,0
1,27,0,0,2,0,265,1
1,41,2,0,16,0,183,1
1,22,0,0,1,0,241,0
1,28,0,0,3,0,408,0
1,33,0,0,13,0,67,1
1,28,0,0,2,0,408,0
1,55,0,0,0,1,40,1
1,21,0,1,6,0,61,1
0,29,0,0,6,0,301,1
1,45,0,0,5,0,168,0
1,24,0,0,2,1,379,1
1,50,0,0,12,0,301,1
1,24,0,0,1,1,40,1
1,47,0,0,1,0,408,0
1,57,0,0,1,1,40,0
1,54,0,0,6,0,18,0
0,42,0,0,0,1,40,0
1,35,0,0,5,0,92,0
1,30,0,0,0,0,133,1
1,53,0,0,1,0,107,0
0,31,0,0,2,1,138,0
1,83,0,0,4,0,408,0
1,31,0,0,0,0,234,1
1,47,0,0,9,0,163,0
1,50,0,0,0,1,409,0
1,24,0,1,9,1,228,1
0,22,0,1,2,0,6,0
0,30,0,0,2,0,183,0
1,36,0,0,4,1,131,0
0,43,0,0,22,1,373,1
1,50,0,0,0,1,40,0
0,42,0,0,3,0,156,0
0,29,0,0,1,0,183,1
1,25,0,0,5,0,408,1
1,36,0,0,4,0,6,0
1,24,0,0,1,1,208,1
1,28,0,0,5,0,133,0
1,31,0,0,0,1,40,1
1,23,0,0,0,0,12,0
1,29,0,0,4,1,400,1
1,51,0,0,11,1,233,1
1,34,0,0,1,0,234,0
1,29,0,0,12,0,133,1
1,39,0,1,13,0,301,1
1,59,0,0,15,1,408,1
1,23,0,0,3,0,178,1
1,31,0,0,15,0,166,0
1,53,0,0,0,1,324,0
1,34,0,0,12,0,381,0
0,63,0,0,1,0,300,0
0,21,0,0,0,0,284,1
1,47,0,0,28,0,79,1
1,34,0,0,7,0,301,1
1,43,0,0,1,1,208,0
1,58,0,0,4,0,167,1
1,36,3,0,16,0,408,1
0,23,0,0,0,1,40,0
1,34,0,0,5,0,280,1
1,56,0,0,13,0,408,0
0,52,0,0,0,0,6,0
1,56,0,0,0,0,152,0
0,37,0,0,0,1,138,0
0,50,0,0,0,1,40,0
1,25,0,0,1,0,183,1
1,22,0,0,0,0,301,1
0,43,0,0,0,1,40,1
1,30,0,0,1,1,40,0
1,24,0,0,0,0,234,0
1,29,0,0,7,1,40,1
0,27,0,0,3,0,285,0
0,24,0,0,0,0,292,0
0,74,0,0,0,0,167,0
1,27,0,0,8,1,408,1
1,39,0,1,8,0,301,1
1,29,0,0,5,0,133,0
1,25,0,0,0,1,388,1
0,35,0,0,5,0,218,0
1,29,0,0,1,1,40,1
1,36,0,0,1,0,408,0
1,61,0,0,13,0,301,1
1,26,0,0,2,0,67,0
1,28,0,0,1,1,324,0
0,26,0,0,1,0,408,0
0,39,0,1,11,0,167,1
1,22,0,1,3,0,183,1
1,28,0,0,0,0,183,0
1,51,0,0,1,0,284,1
0,23,0,0,0,1,40,0
1,29,1,2,6,0,84,1
1,24,0,0,1,1,408,1
0,33,0,0,5,0,11,0
1,21,1,0,1,0,408,1
1,59,0,0,3,1,40,0
1,26,0,0,4,0,359,1
1,36,0,0,0,1,409,0
1,19,1,3,5,1,408,1
1,21,0,0,1,0,221,1
1,52,0,0,0,1,40,1
1,56,0,0,12,0,301,1
1,40,0,0,1,1,100,0
0,48,0,0,8,1,163,1
1,24,0,1,2,1,69,0
0,26,0,0,0,0,183,0
1,59,0,0,5,1,197,0
1,66,0,0,1,0,408,1
0,54,0,0,6,0,167,0
1,31,0,0,4,1,40,1
1,34,0,0,0,0,183,0
1,25,0,0,9,0,408,1
1,47,0,0,2,0,301,0
1,51,0,0,12,0,166,1
1,25,0,0,1,0,408,0
0,31,0,0,2,0,11,1
1,36,0,0,1,0,408,0
1,77,0,0,3,0,408,0
1,49,0,0,0,1,132,0
1,31,0,0,0,0,183,0
1,30,0,0,1,0,398,0
1,29,1,0,3,0,30,1
0,53,0,0,6,0,301,1
1,21,0,1,1,0,30,1
1,21,0,0,0,0,323,0
0,27,0,0,1,0,175,1
0,65,0,0,0,0,183,0
0,59,0,0,0,1,132,0
1,59,0,0,0,1,100,0
1,24,0,0,0,1,40,0
1,40,0,0,0,0,15,0
1,51,0,0,0,0,87,1
1,34,1,0,10,0,284,1
1,52,0,0,1,0,360,0
1,29,0,0,1,0,61,1
1,24,0,0,15,0,408,1
1,38,0,0,2,0,6,1
0,22,0,0,0,0,262,0
1,43,0,0,0,0,234,0
1,32,0,0,5,0,301,1
1,55,0,0,0,0,150,0
1,26,0,0,2,0,61,0
1,23,0,0,1,1,100,0
1,28,0,0,1,1,131,1
1,26,0,0,0,0,160,0
0,28,0,0,1,1,40,1
1,43,0,0,0,0,398,1
1,30,0,0,3,0,61,0
1,33,0,0,21,1,402,1
1,21,0,0,0,1,60,0
0,32,0,0,0,1,40,0
1,22,0,0,1,0,360,1
1,51,0,0,3,0,301,0
1,20,0,0,2,0,323,1
1,35,0,0,2,0,285,0
0,37,0,0,3,0,408,0
1,28,0,0,0,1,356,1
1,41,0,0,3,1,40,1
1,24,0,0,0,1,40,1
0,33,0,0,3,1,40,0
1,25,0,0,4,0,234,1
0,30,0,0,4,0,408,0
1,20,0,0,1,0,61,1
0,42,0,0,1,0,408,0
0,40,0,0,15,0,408,1
1,39,0,0,0,0,258,1
1,21,0,0,0,0,178,0
1,39,0,0,2,0,241,1
1,24,0,0,0,0,300,0
1,41,0,0,0,0,133,0
1,39,0,0,1,0,300,0
0,24,0,0,3,0,183,0
0,24,0,0,1,0,183,0
1,29,0,0,0,1,127,1
1,39,0,0,35,0,408,0
1,25,0,0,2,1,316,1
0,23,0,0,0,0,183,1
1,22,0,0,1,0,268,1
1,26,0,3,3,1,228,1
0,24,0,0,3,1,231,1
1,44,0,0,0,1,400,0
1,36,0,0,1,0,408,1
1,39,0,0,10,0,183,1
1,42,0,0,0,0,306,0
1,45,0,0,1,1,100,0
1,25,0,1,7,0,323,1
0,28,0,0,7,0,408,0
1,33,0,0,0,0,183,0
1,25,0,0,0,1,99,0
1,32,0,1,5,0,408,0
1,23,0,0,0,0,117,0
1,39,0,0,0,1,40,0
1,27,0,0,12,0,180,1
0,35,0,0,4,1,40,0
1,23,0,0,1,0,200,0
0,38,0,0,0,1,40,0
1,30,0,0,4,0,408,0
1,30,0,0,1,0,61,0
0,30,0,0,0,1,40,0
1,26,1,1,18,0,178,1
1,31,0,0,2,0,183,0
0,41,0,0,1,1,100,0
0,25,0,0,0,1,40,0
0,26,0,0,1,0,301,0
1,38,0,0,2,0,301,1
0,37,0,0,0,1,40,0
1,34,0,0,3,1,403,0
0,31,0,0,0,1,40,0
0,29,0,0,0,1,100,0
1,20,1,0,1,0,408,1
1,22,0,0,0,0,183,0
1,24,0,0,2,1,40,1
1,47,0,0,0,0,252,1
0,36,0,0,1,0,133,1
1,21,0,0,1,1,324,0
1,25,0,1,3,1,40,1
1,23,0,0,5,0,183,1
0,24,0,0,0,1,271,0
1,35,0,0,2,0,408,1
0,19,0,0,0,1,88,1
1,32,0,0,0,0,178,1
0,39,0,0,0,1,208,1
1,30,4,0,12,0,301,1
1,33,0,0,2,0,358,0
1,20,0,0,0,1,409,1
0,36,0,0,0,1,40,0
1,29,0,1,8,0,252,1
0,40,0,0,0,0,301,0
1,53,0,0,4,0,301,0
0,28,0,0,0,1,26,0
1,27,0,1,9,0,301,1
1,55,0,0,0,0,47,0
1,22,1,0,1,1,40,0
0,34,0,0,1,0,183,0
1,55,0,0,1,1,40,0
0,47,0,1,21,1,40,1
1,61,0,0,12,0,163,0
1,57,0,0,3,0,12,0
0,38,0,0,2,1,40,0
1,25,4,0,13,0,408,1
1,23,0,0,0,0,171,1
1,23,0,0,3,0,6,0
1,20,0,0,0,0,117,0
1,44,0,0,1,0,301,0
0,38,0,0,1,1,100,0
1,56,0,0,5,0,202,1
1,43,0,0,2,0,85,1
1,22,0,0,0,0,55,1
1,31,0,0,6,0,159,1
1,29,0,0,0,0,133,0
1,22,0,0,1,0,331,1
1,23,0,0,3,0,178,1
1,24,0,0,1,0,308,0
1,21,0,1,2,0,300,0
0,29,0,0,0,1,40,0
0,51,0,0,0,1,197,1
1,25,0,0,1,0,268,0
1,62,0,0,22,0,301,1
1,25,0,0,0,0,234,1
1,27,0,0,2,0,183,0
1,49,0,0,0,1,409,0
0,22,0,0,3,0,183,1
0,34,0,0,9,1,408,1
1,21,0,0,0,0,156,1
1,51,0,0,3,1,328,1
0,39,0,0,2,0,290,1
1,43,0,0,8,0,87,1
1,22,0,0,0,1,40,1
0,28,0,0,4,0,408,0
1,43,0,0,0,0,183,1
1,27,0,0,7,0,304,1
1,31,0,0,1,0,183,1
0,28,0,0,0,1,40,0
1,58,0,0,3,1,96,0
1,22,0,0,0,0,186,1
1,31,0,0,5,0,91,0
1,33,0,0,0,0,56,0
1,26,0,0,6,1,356,1
0,23,0,1,1,1,40,0
1,32,0,0,11,0,163,0
1,57,0,0,2,0,301,0
1,22,0,0,0,0,115,0
0,35,0,0,2,0,7,0
1,47,0,0,1,0,54,1
1,29,0,0,17,0,179,1
0,54,0,0,1,1,232,0
1,29,0,0,0,0,15,0
1,51,0,0,17,0,301,1
0,36,0,0,0,1,408,0
1,35,0,0,3,1,408,1
1,20,0,0,1,0,408,1
1,25,0,0,0,0,268,0
1,29,0,0,2,1,143,0
1,62,0,0,4,0,408,0
1,39,0,0,0,1,26,0
1,30,0,0,1,0,60,1
0,23,0,0,0,0,304,0
0,23,0,0,1,0,408,0
1,30,0,0,21,0,133,1
1,33,0,0,18,0,183,1
0,61,0,0,1,0,408,0
1,30,0,1,9,0,87,1
1,23,0,0,1,0,183,0
0,27,0,0,0,0,217,1
1,38,0,1,10,1,270,0
1,42,0,0,1,0,408,0
1,31,0,0,0,0,183,0
1,23,0,0,2,0,57,1
1,31,0,0,1,0,301,1
1,43,0,0,1,1,40,1
1,39,0,0,0,0,11,0
1,31,0,0,0,1,12,0
1,22,0,0,3,0,54,1
0,33,0,0,0,0,11,0
1,21,0,1,1,0,301,1
1,23,0,0,1,0,18,1
0,29,0,0,0,0,74,0
1,62,0,0,2,0,348,0
0,56,0,0,1,0,301,1
0,24,0,0,4,0,185,1
0,44,0,0,0,1,40,0
1,22,0,1,2,0,408,1
0,28,0,0,4,0,301,1
1,30,0,0,0,0,67,0
1,32,0,0,1,1,46,1
1,51,0,0,3,0,178,0
1,21,0,0,0,0,54,0
1,21,0,0,2,0,301,1
1,27,0,0,3,0,67,1
0,31,0,0,0,0,6,0
1,33,0,0,0,1,40,1
0,49,0,0,2,0,301,0
1,20,0,0,0,1,40,0
1,31,0,0,10,0,301,1
1,25,0,0,5,0,408,1
1,23,0,1,4,0,408,1
1,26,0,0,0,1,40,0
1,28,0,0,1,1,40,0
0,28,0,0,13,0,18,1
1,39,0,0,0,0,323,1
1,52,0,0,4,1,40,0
1,32,0,0,0,0,133,1
1,54,0,0,3,1,228,0
1,30,0,0,2,0,119,1
0,21,0,0,0,1,40,1
1,25,0,0,2,1,356,1
1,22,0,0,0,0,183,0
1,61,0,0,20,1,356,1
1,24,0,0,2,0,300,0
1,32,0,0,2,0,408,0
0,26,0,0,2,0,183,1
0,34,0,0,6,0,408,0
1,45,1,0,12,1,352,1
1,22,0,0,1,0,183,1
1,54,0,0,4,0,301,1
1,51,0,0,8,1,76,0
1,28,0,0,0,0,234,0
1,23,0,0,0,0,258,0
1,30,0,0,0,0,18,1
1,25,0,0,0,1,228,1
1,25,0,0,2,0,234,0
1,28,0,0,2,0,301,0
0,32,0,0,0,1,40,1
1,35,0,0,7,0,408,0
1,49,0,0,0,1,40,1
1,36,0,0,5,0,301,1
1,33,0,0,16,1,356,1
0,58,0,0,1,1,100,0
1,22,0,0,2,0,162,0
1,28,0,0,2,0,309,1
1,26,0,1,6,0,252,1
0,36,0,0,3,0,200,1
1,23,0,0,0,0,117,0
1,22,0,0,0,0,61,1
1,25,0,1,10,0,408,1
1,26,0,0,0,0,408,0
1,25,0,0,1,0,396,0
1,26,0,0,7,0,11,1
1,28,0,0,0,1,401,1
1,56,0,0,1,0,133,0
1,51,0,0,3,0,408,0
1,36,0,0,0,0,193,0
1,51,0,0,0,1,40,0
1,25,0,0,2,0,300,0
1,22,0,1,1,1,228,0
0,35,2,0,9,0,408,0
1,24,0,0,0,1,131,1
1,66,0,0,5,1,40,1
1,27,0,0,6,1,40,1
1,22,0,1,2,0,244,1
1,43,0,0,2,0,408,0
1,22,0,0,2,0,183,0
1,31,0,0,4,1,271,1
0,23,0,0,4,1,40,1
0,27,0,0,0,1,132,1
1,31,0,0,8,0,133,1
1,61,0,0,29,0,183,1
1,25,0,0,3,0,268,0
0,52,0,0,0,1,40,0
0,24,0,0,0,0,304,0
1,50,1,0,13,1,40,1
1,38,0,0,2,0,408,0
1,22,0,0,1,0,333,0
1,25,2,3,8,0,408,0
1,20,0,0,3,0,61,1
1,34,0,0,2,0,300,0
1,25,0,0,11,1,40,1
0,24,0,0,0,0,218,0
1,49,0,0,4,1,45,1
1,27,0,0,15,0,18,1
1,28,0,0,10,0,301,1
1,33,0,0,15,1,408,1
1,55,0,0,0,0,301,0
1,25,0,0,1,0,329,0
1,47,0,0,3,1,40,1
1,55,0,0,10,1,40,1
1,22,0,0,0,0,280,1
1,32,0,0,9,0,57,0
1,55,0,0,0,0,133,0
1,23,0,0,3,1,40,0
1,54,0,0,2,0,408,1
1,27,0,0,0,1,40,1
1,36,0,0,4,1,362,1
0,29,0,0,5,0,162,0
0,45,0,0,0,1,40,0
1,40,0,0,4,0,359,1
1,38,0,0,7,0,408,1
1,57,0,0,3,0,163,0
1,26,0,0,3,0,61,1
0,37,0,0,0,0,91,0
0,42,0,0,0,1,409,1
1,41,0,0,1,0,117,0
1,57,0,0,1,0,408,0
1,34,0,0,3,1,408,0
1,29,0,0,1,0,268,1
1,22,0,0,1,0,14,0
0,22,0,0,0,1,271,1
1,42,0,1,5,0,408,1
1,21,0,0,0,1,40,0
1,56,0,0,1,1,40,0
1,48,0,0,4,0,133,0
1,27,0,0,2,0,57,1
1,23,0,0,5,0,154,1
1,47,0,0,3,0,408,1
1,33,0,1,6,1,408,1
1,58,0,0,1,0,301,0
0,33,0,0,1,0,146,0
0,40,0,0,2,1,356,0
1,22,0,0,0,0,301,0
1,39,0,0,2,0,408,0
0,23,0,0,3,0,54,0
1,35,0,0,1,0,300,0
1,43,0,0,7,0,79,1
1,38,1,0,14,0,408,0
1,26,0,0,2,0,301,1
0,39,0,0,1,0,408,0
1,36,0,0,16,1,40,1
1,25,0,0,1,1,408,0
1,21,0,0,0,1,143,1
1,25,0,0,3,1,408,1
1,53,0,0,6,0,408,0
1,37,0,0,0,0,268,0
1,21,0,0,1,0,183,1
1,28,0,0,1,0,178,0
1,21,0,0,1,0,408,0
1,32,0,0,2,0,408,0
1,56,0,0,0,0,46,0
1,30,0,0,3,1,40,0
1,27,0,0,0,0,183,1
1,27,0,0,1,0,54,0
1,41,0,0,7,1,40,1
0,30,0,0,7,1,40,1
1,32,0,1,7,0,163,1
1,26,0,0,7,0,408,0
1,31,0,0,0,1,271,0
1,32,0,0,3,0,178,0
0,34,0,0,5,0,292,1
1,46,0,0,3,0,163,0
1,24,0,0,1,0,162,1
1,32,0,0,7,0,183,1
1,43,0,0,6,0,301,1
1,50,0,0,3,0,119,0
1,30,3,0,4,0,6,1
1,37,0,0,3,1,40,0
1,31,1,1,12,0,408,1
1,21,0,0,1,0,280,0
1,40,0,0,3,1,132,0
0,53,0,0,0,1,132,0
1,33,0,0,4,1,40,0
1,23,1,0,2,0,408,1
0,22,0,0,0,1,40,0
1,27,0,0,2,1,40,1
1,25,0,0,5,1,40,1
1,24,0,0,2,0,408,0
0,24,0,0,2,0,53,1
0,26,0,0,1,0,408,0
1,56,0,0,9,0,408,0
0,26,0,0,3,0,301,1
1,26,0,0,7,1,324,1
1,20,0,0,0,0,280,1
1,27,0,0,4,1,127,1
1,24,0,0,1,0,234,1
1,26,0,0,8,0,79,1
1,26,0,0,5,1,26,0
1,65,0,0,3,0,408,0
0,33,0,0,5,1,212,1
1,64,0,0,13,1,301,0
1,24,0,0,0,0,117,0
1,35,0,0,29,0,6,0
0,57,0,0,0,1,132,0
0,46,0,0,0,1,199,0
1,56,0,0,16,0,301,0
0,39,0,0,0,1,132,0
1,68,0,0,4,1,40,0
0,22,0,0,5,0,183,1
1,28,0,0,1,1,40,1
1,39,0,0,19,1,40,1
1,38,0,0,0,1,99,0
0,25,0,0,3,1,408,0
1,25,0,0,2,0,301,0
1,21,0,0,3,0,408,1
1,31,0,0,2,0,280,0
1,33,0,0,3,0,183,1
1,26,0,0,20,0,218,1
1,31,0,0,2,0,167,0
0,35,0,0,13,0,12,0
1,34,0,6,19,1,408,0
0,42,0,0,1,0,285,0
1,26,1,2,9,0,360,1
1,24,0,0,1,0,408,0
1,36,0,0,2,0,61,1
1,41,1,1,24,0,301,1
1,27,0,0,0,0,178,0
1,45,0,0,3,0,360,1
1,34,0,0,5,0,301,0
1,25,0,1,6,0,84,1
1,24,0,0,2,1,40,1
1,27,0,0,2,0,408,0
1,25,0,0,3,0,408,0
1,30,0,0,2,1,132,1
1,22,0,2,3,0,300,1
1,27,0,0,0,0,397,0
1,41,0,0,19,0,111,1
1,30,0,0,0,0,162,0
1,24,0,0,3,0,234,0
1,39,0,0,0,1,26,0
1,32,0,0,6,0,300,1
0,32,0,0,3,0,327,1
0,29,0,0,0,0,183,1
1,26,0,1,24,0,133,1
1,24,0,0,2,0,163,1
1,20,1,1,4,0,183,1
1,25,0,0,1,1,40,1
0,31,0,0,0,0,178,1
1,25,0,0,0,1,40,1
1,41,0,0,0,0,183,1
1,25,0,0,0,0,183,0
1,25,0,0,2,0,85,1
1,22,0,0,1,0,284,1
0,25,0,0,0,0,309,0
1,38,0,0,0,1,40,0
0,49,0,0,4,1,40,0
0,35,0,0,2,1,132,0
1,21,0,0,1,0,300,0
0,24,0,0,2,0,408,0
0,24,0,0,11,1,232,1
1,28,0,0,3,0,183,0
0,34,0,0,1,1,388,0
1,34,0,0,4,0,117,1
1,57,0,0,8,1,212,0
1,40,0,0,15,0,234,1
1,22,0,0,2,1,40,1
1,37,0,0,3,1,408,1
0,43,0,0,0,0,183,0
1,26,0,0,5,0,408,1
1,24,0,0,2,0,154,1
1,23,0,0,1,0,408,0
1,56,0,0,1,0,358,1
1,23,0,0,2,0,360,1
1,43,0,0,12,0,156,0
1,21,0,0,0,0,244,1
1,51,0,0,2,0,163,0
1,20,0,0,0,1,228,1
1,39,0,0,1,0,408,0
1,42,0,0,17,0,301,1
0,30,0,0,2,1,40,0
1,28,1,1,4,1,54,1
1,29,0,0,6,0,408,1
0,24,0,0,9,1,274,1
1,22,0,0,1,0,408,1
0,27,0,0,3,0,193,1
1,50,0,0,1,0,3,0
1,30,0,0,5,1,12,0
1,28,0,0,0,0,162,1
1,21,0,0,3,0,252,1
0,51,0,0,0,0,46,0
1,21,0,0,1,0,329,0
1,29,0,0,0,0,183,1
1,43,0,0,0,1,40,0
1,22,0,0,1,0,408,0
1,52,0,0,0,0,301,1
1,36,0,0,0,0,46,0
1,24,0,0,0,0,220,0
1,26,0,1,5,0,323,0
1,27,0,0,8,1,88,0
1,19,0,0,0,1,40,1
1,26,0,0,2,0,408,0
1,24,0,0,1,0,408,0
0,29,0,0,0,0,183,0
0,29,0,0,20,0,133,1
1,38,0,0,1,0,408,1
1,34,1,0,5,0,163,0
0,29,0,0,1,1,40,0
1,24,0,0,1,0,178,0
1,50,0,0,0,0,162,0
0,24,0,0,0,1,89,0
0,31,0,0,0,0,162,0
1,36,0,0,13,0,408,1
1,32,0,0,13,1,271,1
1,63,0,0,1,1,40,0
1,42,0,0,1,1,40,1
1,22,0,0,0,0,107,0
1,26,0,0,5,0,57,1
1,26,0,0,10,0,133,1
1,53,0,0,3,1,40,1
1,23,0,1,2,0,37,1
1,22,0,0,0,0,331,0
1,27,0,0,0,1,40,0
1,42,0,0,2,0,117,1
1,31,0,0,4,0,408,1
1,80,0,0,0,1,40,0
1,58,0,0,1,1,271,0
1,68,0,0,6,1,100,0
1,23,0,0,1,0,178,0
1,36,0,0,4,0,252,1
1,24,0,0,0,0,301,0
1,41,0,0,2,0,6,0
1,21,0,0,0,0,46,1
1,26,0,0,3,1,40,1
0,30,0,0,8,0,396,1
1,36,0,0,1,0,309,0
1,21,0,0,0,0,15,1
0,31,0,0,1,1,408,0
0,20,0,0,0,0,61,1
1,49,0,0,4,1,127,0
1,24,0,0,0,0,301,0
1,20,0,0,0,0,360,1
1,44,0,0,1,1,40,0
0,25,0,0,1,0,218,0
1,25,0,0,1,0,408,0
1,33,0,0,0,0,234,0
1,20,0,0,0,0,6,1
1,21,0,0,1,0,183,1
1,44,0,0,3,0,183,0
1,23,0,0,1,0,408,1
1,35,0,0,0,1,40,1
0,41,0,0,0,1,40,0
1,30,0,0,1,0,167,0
0,23,0,0,0,1,408,0
1,36,0,0,7,0,301,1
1,26,0,0,1,0,183,1
1,26,0,0,2,0,163,0
1,23,0,0,0,1,324,1
0,43,0,0,9,1,40,0
1,30,0,0,3,0,408,1
1,44,0,0,1,0,292,1
1,37,0,0,1,0,1,1
1,39,0,0,1,0,234,0
0,49,0,0,1,0,384,0
1,31,0,0,6,0,323,1
1,63,0,0,5,1,313,0
0,66,0,0,11,0,259,1
1,24,0,0,3,0,317,0
1,21,1,0,2,1,40,0
0,48,0,0,0,0,200,0
1,37,0,0,0,0,254,0
1,21,0,0,0,1,40,1
0,64,0,0,0,1,40,0
1,22,0,0,0,1,228,0
1,43,0,0,8,0,408,0
1,25,0,0,3,0,408,1
1,33,0,0,10,0,183,0
1,26,0,0,1,0,166,0
0,33,0,0,1,1,271,0
1,25,0,0,3,0,56,0
0,30,0,0,3,1,311,0
0,20,0,3,3,1,228,0
1,44,0,0,0,0,6,0
1,31,0,0,0,0,301,0
1,50,0,0,9,1,356,1
1,33,0,2,16,0,85,1
0,50,0,0,1,1,132,0
1,31,0,0,1,0,408,1
0,43,0,0,2,1,403,0
0,51,0,0,2,0,408,1
1,27,0,0,0,1,70,1
1,31,0,0,6,1,40,1
1,26,0,0,2,0,183,1
1,20,2,2,4,0,301,1
1,29,3,0,6,0,408,0
1,31,0,0,11,0,178,1
1,59,0,0,0,1,199,0
1,49,0,0,1,1,40,1
1,36,0,0,11,1,40,1
0,23,0,0,1,0,6,0
1,46,0,0,26,0,61,1
1,59,0,0,2,1,40,1
1,34,0,0,0,0,133,0
1,54,0,0,1,0,408,0
1,24,0,1,3,0,268,1
1,35,0,1,16,0,408,1
1,22,0,0,0,0,301,1
1,36,0,0,0,0,84,0
1,61,0,0,0,1,232,0
0,38,0,0,0,1,145,0
1,32,0,0,0,0,47,0
1,37,0,0,1,0,301,1
1,46,0,0,18,0,167,0
1,21,0,0,4,0,61,0
1,57,0,0,0,0,301,1
1,68,0,0,2,0,360,0
1,24,0,0,0,1,40,0
1,46,0,0,3,0,156,1
1,41,0,0,1,0,162,1
1,25,0,0,8,0,166,1
1,24,0,0,7,0,408,1
1,41,0,0,1,0,183,0
1,33,0,0,1,0,408,0
1,23,0,0,0,0,178,0
0,47,0,0,28,0,164,1
0,51,0,0,0,0,309,0
1,36,0,0,1,1,40,0
1,43,0,0,0,1,132,0
1,26,0,0,4,0,268,1
1,60,0,0,1,0,408,0
1,24,0,0,0,1,271,1
1,20,0,0,0,0,200,1
1,39,0,1,3,1,40,1
0,28,0,0,0,1,93,0
1,28,0,2,7,0,301,1
1,58,0,0,2,1,40,1
1,67,0,0,2,0,30,0
0,26,0,0,1,0,11,0
0,24,0,0,2,0,11,1
1,37,0,0,0,0,359,0
1,28,0,0,8,0,119,1
1,46,0,0,14,0,133,1
1,45,0,0,2,1,40,0
1,20,0,0,2,0,312,1
1,52,0,0,0,1,40,0
1,29,0,0,0,1,40,0
1,34,0,0,11,0,14,1
1,24,0,0,0,0,359,1
1,28,0,0,6,0,178,1
1,28,0,0,2,0,18,1
1,29,0,0,0,0,178,0
0,55,0,0,2,0,301,0
1,24,0,0,3,0,178,1
1,20,0,0,0,0,178,0
1,23,0,0,0,1,40,0
1,44,0,0,6,0,301,1
1,34,2,0,8,0,301,1
1,55,0,0,0,1,40,1
0,23,0,0,0,0,323,1
0,23,0,0,3,0,178,1
1,77,0,0,0,1,96,0
1,52,0,0,3,1,40,0
1,34,2,0,8,0,240,1
1,30,0,0,2,1,271,1
1,53,0,0,5,1,66,1
1,30,0,0,3,1,402,1
1,26,0,0,0,0,268,1
0,51,0,0,1,1,40,0
1,34,0,0,2,0,408,0
1,23,0,0,0,0,61,0
1,32,0,0,2,0,234,0
1,38,1,5,8,1,40,0
1,21,0,0,0,0,57,1
1,53,0,0,8,1,40,1
1,34,0,0,1,0,183,0
1,25,0,0,5,0,183,1
1,54,0,0,1,1,408,0
1,25,0,0,2,1,132,1
1,22,0,0,0,0,234,1
0,23,0,0,2,0,346,1
1,27,0,0,1,1,271,1
1,45,0,0,7,0,166,0
0,31,0,0,9,0,241,1
1,45,0,0,1,1,127,0
1,28,1,0,12,0,166,0
1,24,0,0,1,0,301,1
0,28,0,0,6,1,232,1
1,41,0,0,2,0,133,0
1,35,0,0,3,1,26,1
1,20,1,0,1,0,408,1
1,32,0,3,19,0,301,1
1,28,0,0,2,0,298,0
1,33,0,0,7,0,183,1
1,26,0,1,8,0,408,1
1,22,0,0,1,1,27,1
0,25,0,0,4,0,284,0
0,23,0,0,1,1,271,0
1,30,0,0,2,0,84,1
1,69,0,0,6,1,131,1
0,56,0,0,2,0,183,0
1,33,0,0,3,0,60,1
1,35,0,0,3,1,400,0
1,34,0,0,13,0,183,1
1,37,0,0,2,0,166,1
0,55,0,0,0,0,183,1
1,43,0,0,1,1,132,0
1,27,0,5,27,1,271,1
1,26,0,0,7,0,300,0
0,42,0,0,4,1,40,1
1,41,0,0,1,0,408,0
1,21,0,1,2,1,40,1
1,30,0,0,4,1,40,1
1,30,0,0,1,0,291,0
0,45,0,0,0,0,46,1
1,23,0,0,2,0,11,1
0,31,0,0,2,0,18,1
1,40,0,0,8,1,26,1
1,33,0,0,1,0,162,0
1,40,0,0,11,1,131,1
1,56,0,0,1,0,301,0
1,21,0,0,0,1,127,1
1,22,0,0,1,0,183,0
1,51,0,0,4,0,12,0
1,36,0,0,0,1,132,0
1,30,0,0,0,1,96,0
0,21,0,0,0,0,183,0
1,28,0,0,3,1,408,1
1,41,0,0,3,1,132,1
0,22,0,0,0,0,112,1
0,40,0,0,2,0,183,0
1,47,0,0,12,0,408,1
1,37,0,0,2,0,62,0
0,37,0,0,0,0,183,0
0,23,0,0,2,0,408,1
1,19,0,0,1,0,107,1
1,26,0,0,1,0,408,1
1,25,0,0,4,0,178,1
1,25,0,0,0,1,271,0
1,48,0,0,3,0,292,0
1,39,0,0,17,0,252,1
1,36,0,0,0,0,183,1
1,26,0,0,6,1,356,0
1,51,0,0,8,1,127,1
1,20,0,0,0,0,30,0
0,43,0,0,0,1,99,0
1,22,0,0,0,0,252,1
0,24,0,0,0,1,40,1
1,35,0,0,2,0,378,0
1,57,0,0,12,0,408,1
1,25,0,0,6,1,40,1
1,55,0,0,0,1,40,0
0,52,0,0,0,1,40,0
0,33,0,0,0,1,40,0
1,32,0,0,3,0,408,1
1,20,1,2,5,0,360,1
1,67,0,0,8,0,85,0
1,31,0,0,7,1,138,0
1,21,0,0,0,0,178,1
1,30,0,0,4,1,271,0
1,55,0,0,0,1,99,0
1,25,0,0,0,0,301,0
1,25,0,0,0,0,84,0
1,47,0,0,17,0,3,0
1,27,0,0,10,0,408,1
1,22,0,0,0,0,278,0
1,37,0,0,8,0,408,0
1,68,0,0,7,0,12,1
1,37,0,0,0,0,268,0
0,42,0,0,1,0,185,0
1,22,0,0,5,1,40,1
1,30,0,0,4,1,40,0
1,34,0,0,1,1,387,0
1,37,0,0,4,1,271,1
0,41,0,0,8,0,408,1
1,36,0,0,2,1,132,0
1,26,0,0,2,0,305,0
1,24,0,0,0,0,15,0
1,27,0,0,0,0,84,0
0,37,0,0,0,1,40,0
1,31,0,0,1,0,408,0
1,23,0,0,3,0,162,1
1,58,0,0,5,1,271,0
0,62,0,0,1,1,132,1
0,41,0,0,0,0,15,0
1,33,0,0,0,1,40,0
1,33,4,0,12,0,119,1
1,41,0,0,14,0,301,1
1,26,0,0,3,0,300,1
0,33,0,0,0,0,166,0
1,25,0,0,0,1,153,0
1,37,0,0,0,1,40,1
1,23,8,2,11,0,300,1
1,37,0,0,8,0,14,1
1,21,0,0,0,1,40,0
1,45,0,0,21,0,183,1
1,37,1,6,13,0,218,0
1,24,0,0,2,1,40,0
1,35,0,0,0,0,309,0
0,22,0,0,0,0,6,1
1,29,4,1,10,0,54,1
1,41,2,0,6,0,163,1
1,22,0,0,3,0,183,1
1,34,2,1,5,1,131,0
1,55,0,0,18,0,133,1
0,40,0,0,3,0,408,1
1,51,1,0,19,0,301,1
0,26,0,0,1,0,6,1
1,46,0,0,2,1,40,0
1,41,0,0,0,0,133,0
1,31,0,0,9,0,57,1
1,25,0,0,2,0,364,0
1,27,0,0,1,1,143,0
1,31,1,1,13,0,252,1
1,23,0,0,0,1,132,0
1,52,0,0,7,1,183,1
1,29,0,0,6,0,408,1
1,40,0,0,10,0,167,1
0,49,0,0,0,0,112,0
1,49,0,0,8,0,398,0
1,24,0,0,3,0,275,1
1,41,0,0,7,1,408,0
0,27,0,0,3,1,40,1
1,40,0,0,1,0,236,1
1,47,0,0,0,1,40,1
0,20,0,0,0,0,408,1
1,21,0,0,2,1,206,1
1,44,0,0,8,1,40,1
1,41,0,0,0,1,100,0
1,31,0,1,5,1,40,1
0,67,0,0,0,0,12,0
1,42,0,0,1,1,295,0
1,25,0,0,0,0,408,0
1,23,0,0,6,0,284,1
1,27,0,0,13,0,234,1
1,23,0,1,2,0,268,0
1,33,0,0,2,0,301,0
1,41,0,0,0,1,40,0
0,31,0,0,1,0,408,0
0,23,0,0,2,1,356,1
1,21,0,0,2,0,183,1
1,53,0,0,5,0,46,0
1,36,0,0,1,1,132,0
1,58,0,0,10,1,131,0
1,62,0,0,0,0,300,0
1,25,0,0,4,0,152,0
1,51,0,0,15,0,252,1
1,46,0,0,2,0,408,0
1,28,0,0,4,1,40,1
1,24,0,0,2,0,166,1
1,32,0,0,6,0,133,0
1,56,0,0,13,1,40,0
1,23,1,0,2,0,234,1
1,25,0,0,1,0,408,0
1,26,0,0,2,0,86,0
0,58,0,0,0,1,100,0
1,33,0,0,3,0,408,1
1,59,0,0,8,0,408,1
1,44,0,0,5,0,408,0
1,20,0,0,0,0,6,1
1,57,0,0,0,1,145,1
1,37,0,0,1,0,408,1
1,43,0,0,0,0,133,1
0,36,0,0,1,1,6,0
1,59,0,0,0,1,132,0
1,35,0,0,4,0,46,1
1,29,0,0,5,0,408,1
0,21,0,0,0,1,40,0
1,28,0,0,0,1,40,0
1,34,0,0,5,1,400,1
0,42,0,0,16,0,323,0
1,21,0,2,3,0,200,1
1,69,0,0,1,0,67,1
0,49,0,0,1,1,199,0
0,24,0,0,0,1,40,0
1,27,0,0,4,0,252,1
0,55,0,0,1,1,11,0
1,19,1,2,3,0,408,1
1,24,2,0,7,1,403,1
1,21,0,0,1,0,408,0
1,28,0,0,0,0,268,1
1,34,0,0,4,1,271,0
1,27,0,0,2,0,408,0
1,37,3,0,12,1,408,0
1,40,0,0,1,0,11,0
0,36,0,0,4,0,303,1
1,23,0,0,0,0,300,0
1,34,0,0,19,0,408,1
1,27,0,0,5,0,301,1
1,50,0,0,1,0,277,0
1,22,0,1,1,0,234,0
1,43,0,0,1,0,162,1
1,29,0,0,0,1,315,1
1,61,0,0,1,0,11,1
1,34,0,0,1,0,408,0
1,56,0,0,1,0,408,0
1,31,3,0,16,0,133,1
1,21,0,0,0,0,378,0
1,23,0,0,1,0,252,1
1,24,0,0,1,1,271,1
1,30,0,0,1,0,193,0
1,32,0,6,17,0,408,1
1,61,0,0,0,1,132,0
1,27,0,0,3,1,400,0
0,27,0,0,2,1,228,0
1,60,0,0,0,1,132,0
1,23,0,0,1,1,89,0
1,40,0,0,0,1,40,0
1,30,0,0,0,0,183,0
0,20,0,0,1,0,292,0
0,20,0,0,0,0,183,0
1,24,0,0,0,1,40,1
1,30,0,0,5,1,40,0
0,20,0,0,0,1,40,1
1,25,0,0,0,1,408,0
1,38,0,0,0,1,356,0
1,29,0,0,0,0,67,1
0,38,0,0,1,1,233,1
1,27,0,0,1,0,178,0
1,21,0,0,0,1,40,1
1,24,0,0,1,0,152,0
1,53,0,0,3,0,408,1
1,36,0,0,4,0,183,1
1,64,0,0,8,1,408,1
1,23,0,0,0,1,297,1
1,26,0,0,3,1,40,0
1,48,0,0,0,0,47,0
1,21,0,0,0,0,46,0
1,20,0,0,0,0,119,1
1,37,0,0,17,1,324,0
1,51,0,0,8,0,301,1
1,47,0,0,2,0,301,1
1,29,0,0,2,1,328,1
1,27,0,0,2,0,346,1
1,45,1,0,16,0,301,0
1,41,0,0,0,0,241,1
1,31,0,0,3,1,40,1
0,29,0,0,1,0,333,0
1,39,0,0,1,0,268,0
1,33,0,0,0,0,183,0
0,21,0,1,1,0,398,1
1,27,0,0,3,1,408,0
0,24,0,0,0,1,40,0
1,29,0,0,3,1,40,1
1,21,0,0,0,0,398,1
0,31,0,0,14,0,284,0
1,62,0,0,0,1,99,0
1,39,0,0,3,0,133,1
1,56,0,0,2,1,40,0
1,28,0,0,6,0,130,0
0,26,0,0,6,0,408,1
1,24,0,0,5,0,355,1
1,28,0,0,7,0,183,0
0,36,0,0,1,1,40,0
0,38,0,0,0,1,40,0
1,23,0,0,1,0,183,0
1,28,0,0,5,1,40,1
0,29,0,0,7,0,408,1
1,20,4,2,6,0,408,1
1,29,0,0,0,1,40,0
1,29,0,0,11,0,133,1
1,34,0,0,8,1,40,0
1,26,0,0,6,0,51,1
1,58,0,0,0,0,162,0
1,23,0,0,1,0,408,0
1,48,0,0,0,1,232,1
1,61,0,0,9,0,408,0
1,30,0,0,1,0,46,1
1,44,0,0,0,0,329,0
1,26,0,0,3,0,408,0
1,46,0,0,3,0,354,1
1,36,0,0,5,0,133,0
0,29,0,1,11,0,408,1
1,53,0,0,3,0,15,1
1,35,0,0,8,1,40,0
0,39,0,0,3,0,408,0
0,26,0,0,2,0,317,1
1,26,1,0,10,0,408,1
1,28,0,0,8,1,40,1
0,21,0,3,3,1,40,1
1,37,0,0,8,0,408,0
1,29,0,0,1,0,183,0
1,22,1,0,12,0,301,1
1,59,0,0,4,1,408,0
1,28,0,8,12,0,301,1
0,56,0,0,0,1,40,0
0,32,0,0,2,1,131,0
1,30,0,0,0,0,300,0
1,27,0,0,2,0,409,0
1,24,0,0,1,0,408,0
0,27,0,0,6,0,178,0
1,43,0,0,15,1,324,1
0,53,0,0,5,0,391,0
1,27,1,0,6,0,194,1
1,26,0,1,6,1,408,0
0,24,0,0,1,0,408,0
1,30,0,0,0,0,268,0
1,26,0,0,4,0,133,0
1,24,2,1,3,1,40,1
1,54,0,0,4,0,408,0
0,48,0,0,18,0,408,1
0,36,0,0,13,0,301,1
1,21,0,0,1,0,183,1
1,26,0,0,10,0,408,1
1,26,0,0,10,1,131,1
1,45,0,0,0,0,162,0
1,47,0,0,1,1,40,0
1,41,2,0,14,1,408,1
1,50,0,0,1,0,408,0
1,57,0,0,3,1,174,0
1,31,0,0,2,0,183,0
1,21,0,0,0,0,398,1
0,28,1,0,1,1,40,1
1,29,1,0,9,0,360,1
1,28,0,0,2,0,234,0
0,25,0,0,1,1,21,1
1,22,0,0,0,0,183,1
0,21,0,0,0,0,398,0
1,48,0,0,0,0,183,1
1,25,0,0,4,0,61,1
1,37,0,0,7,0,360,0
1,31,0,0,5,0,360,1
1,24,0,0,0,1,132,0
1,30,0,0,15,0,207,1
1,47,0,0,5,1,100,0
1,66,0,0,2,1,400,0
1,51,0,0,21,0,408,1
1,64,0,0,8,0,183,1
0,28,0,0,3,0,60,1
1,35,0,0,1,1,40,0
0,39,0,0,3,0,25,0
1,24,0,0,0,0,178,0
1,27,0,0,4,0,323,0
1,36,0,0,0,0,301,0
1,21,0,0,0,0,46,1
1,27,0,0,7,0,408,1
1,28,0,1,18,0,301,1
1,39,0,0,16,0,408,1
1,19,0,0,0,0,323,1
1,46,0,0,1,0,408,0
1,40,0,0,2,0,166,0
1,30,0,0,5,0,183,1
1,28,0,0,0,0,211,1
1,27,0,0,0,1,40,0
1,33,2,0,8,0,162,1
1,25,0,0,7,0,408,0
1,25,0,0,3,0,107,1
1,33,0,0,4,0,56,0
0,24,0,0,0,0,119,0
1,44,0,0,0,0,133,0
1,44,0,0,0,0,168,0
0,23,0,0,0,1,40,0
0,31,0,0,2,0,60,1
1,27,0,0,0,0,91,0
0,26,0,0,1,0,309,1
1,57,0,0,16,1,40,1
1,55,0,0,0,0,47,0
0,36,0,0,7,0,167,1
1,30,0,0,18,1,228,1
1,34,0,0,0,0,301,1
1,24,0,0,1,0,408,0
1,42,0,0,7,0,133,0
0,34,0,0,12,0,301,1
1,40,0,0,6,0,67,0
1,30,0,0,4,0,301,0
1,31,0,0,3,1,40,1
1,33,0,0,2,0,408,1
1,27,0,0,1,1,40,0
1,37,0,0,3,1,40,0
1,25,0,0,1,0,294,0
1,45,0,0,2,0,408,0
1,31,0,0,1,0,46,0
1,23,0,0,0,0,234,0
1,21,0,0,0,0,282,0
1,28,0,0,6,1,40,1
1,35,0,0,0,0,162,0
1,29,0,1,4,0,183,1
1,23,0,0,2,0,54,1
1,28,0,0,7,0,408,1
0,34,0,0,0,1,131,1
0,32,0,0,5,0,56,0
1,52,0,0,2,1,356,0
1,25,0,0,2,0,408,0
1,34,0,1,15,0,301,0
1,47,0,0,4,0,166,1
1,50,0,0,9,0,119,0
0,30,0,0,4,0,85,0
1,22,0,0,0,1,40,1
1,53,0,0,1,1,132,1
0,47,0,0,7,0,301,1
1,37,0,0,3,0,133,0
1,37,0,0,8,1,40,0
1,26,0,0,7,0,268,1
0,31,0,0,0,1,40,0
1,20,0,0,0,0,162,1
1,22,0,0,0,0,61,1
1,33,0,0,14,0,133,1
1,30,0,0,1,1,40,0
1,27,0,0,5,0,301,1
1,24,0,0,2,1,40,1
1,29,0,0,0,1,40,0
1,24,0,0,0,0,157,0
1,44,0,0,29,0,301,1
0,46,0,0,1,1,40,1
0,36,0,0,1,0,183,0
1,23,0,0,0,1,40,1
1,21,0,0,1,0,301,1
1,29,0,0,6,0,166,1
1,29,0,0,4,1,26,0
0,26,0,0,0,1,329,0
0,50,0,0,7,1,88,1
1,32,0,0,1,0,152,0
1,30,0,0,1,0,11,0
1,25,0,0,0,0,84,0
0,44,0,0,10,0,164,1
1,58,0,0,0,0,178,1
1,24,0,0,5,0,268,0
1,20,0,1,1,0,183,1
1,29,0,0,0,1,40,1
1,21,0,0,1,0,408,0
1,38,1,2,22,1,271,1
0,46,0,0,1,0,408,0
1,29,0,1,17,0,133,1
1,30,0,0,0,0,301,1
1,55,0,0,8,0,133,1
1,25,0,0,10,0,5,1
1,47,0,0,2,1,99,0
1,30,0,0,13,0,161,1
1,24,0,0,4,0,133,1
1,48,0,0,2,0,309,1
1,45,0,0,0,0,183,1
1,26,0,0,2,1,271,0
0,42,0,0,0,1,99,0
1,34,0,0,1,1,40,0
1,21,0,0,0,1,324,1
0,69,0,0,2,1,199,0
1,24,0,0,5,0,408,1
1,45,0,0,1,1,324,0
1,28,0,0,3,1,228,0
1,25,0,3,8,1,40,1
1,52,0,0,2,1,100,0
1,30,0,0,0,0,162,0
1,32,0,1,5,0,408,1
1,47,0,0,11,0,183,0
1,38,0,0,2,1,271,1
1,32,0,0,2,0,408,0
1,23,0,2,4,0,268,1
1,59,0,0,9,0,167,1
1,24,0,0,5,0,408,1
0,22,0,0,0,0,329,0
1,35,0,0,6,0,408,0
1,24,0,0,0,0,398,1
1,35,0,0,1,1,40,0
1,25,0,0,2,0,183,0
1,58,0,0,3,1,65,0
1,27,0,0,7,0,133,1
1,24,0,0,6,0,323,1
1,33,0,0,2,1,99,0
1,44,0,0,4,0,133,0
1,30,0,0,3,0,183,0
1,28,0,0,0,0,84,0
1,34,0,0,1,0,317,0
1,26,0,0,1,0,408,1
1,23,0,0,0,0,234,0
1,29,0,0,11,0,301,1
1,31,0,0,0,1,40,0
1,30,0,0,14,0,408,1
1,21,0,0,2,0,183,1
1,44,0,0,0,0,166,0
1,52,0,0,0,0,162,0
1,30,0,0,6,0,183,1
1,31,0,0,9,0,18,1
0,21,0,1,2,0,117,0
1,77,0,0,1,1,100,0
1,61,0,0,4,0,398,0
0,41,0,0,0,1,40,0
0,24,0,0,0,1,40,0
0,34,0,0,5,0,408,0
1,34,0,0,3,0,408,1
1,25,0,0,6,1,88,1
1,30,0,0,1,0,91,0
1,55,0,0,1,0,183,1
0,22,0,1,1,1,320,0
1,32,0,0,0,0,46,1
1,53,0,0,5,1,232,0
1,50,0,0,1,1,40,0
1,36,0,0,7,0,163,1
1,35,0,0,16,0,408,1
0,25,0,0,0,1,40,0
0,31,0,0,2,1,26,0
0,26,0,0,1,0,183,0
1,25,0,0,0,1,100,0
1,32,0,0,0,1,40,0
1,40,0,0,5,0,234,0
1,35,0,0,0,0,250,0
1,27,0,0,2,0,409,0
1,33,0,0,12,0,360,1
1,30,0,0,2,0,301,0
1,30,0,0,0,0,301,0
1,41,0,0,19,0,408,0
0,21,0,0,1,1,40,0
0,29,0,0,0,0,301,0
1,32,0,0,1,1,263,0
1,25,0,0,0,0,301,0
1,50,0,0,0,0,281,0
1,35,0,0,4,0,408,0
1,37,1,0,17,0,251,1
1,43,0,0,4,0,408,1
1,29,0,0,12,1,89,1
0,61,0,0,0,0,301,0
0,22,0,0,4,0,301,1
1,27,0,0,2,0,408,1
1,31,0,0,0,1,409,0
1,44,0,0,12,0,359,0
0,34,0,0,1,1,40,0
0,34,0,0,1,0,408,0
0,20,0,0,0,1,40,1
1,30,0,0,0,1,40,0
0,43,0,0,0,1,40,0
1,51,0,0,4,0,166,1
1,42,1,0,7,0,301,1
1,44,0,0,4,0,202,0
0,24,0,0,0,1,40,0
1,36,0,0,12,0,408,0
1,32,0,0,2,1,40,0
1,30,0,0,1,0,16,0
1,38,0,0,0,1,40,0
0,27,0,0,8,0,408,0
1,24,0,0,2,1,408,0
0,30,0,0,0,0,183,1
0,43,0,0,0,1,40,1
1,30,6,0,8,1,40,1
1,22,0,0,2,0,234,1
0,26,0,0,1,1,26,0
1,37,0,0,3,0,301,0
1,25,0,0,5,0,133,1
1,65,0,0,1,0,292,1
1,29,0,0,1,0,152,0
1,32,0,0,3,0,408,0
1,21,0,2,8,0,408,1
1,21,0,0,1,0,61,0
1,47,0,0,13,1,40,1
0,36,0,0,4,0,408,0
0,25,0,0,6,0,133,1
1,32,0,0,4,1,40,1
1,43,0,0,1,0,218,0
1,27,0,0,2,0,334,0
1,26,0,0,8,1,40,1
1,21,0,0,1,0,408,0
1,40,2,0,23,1,271,1
1,38,0,0,3,1,127,0
1,41,0,0,7,0,408,0
1,25,0,0,7,0,51,1
1,21,0,0,1,0,52,0
0,74,0,0,0,1,128,0
1,41,0,0,5,1,40,1
1,57,0,0,11,0,355,1
1,30,0,1,1,1,18,0
0,33,0,0,3,0,292,1
1,24,0,0,2,1,132,0
0,29,0,0,0,1,40,0
0,42,0,0,0,0,241,1
0,30,0,0,1,0,133,0
1,33,0,0,0,0,398,0
1,21,0,0,2,0,301,1
0,41,0,0,9,1,232,1
0,28,0,0,5,1,408,0
0,52,0,0,3,0,151,0
1,25,0,0,0,0,79,1
0,27,0,0,0,1,40,0
1,35,0,0,0,0,268,0
1,40,0,0,2,1,40,0
1,24,0,0,2,1,40,1
1,24,5,1,10,0,301,1
1,54,0,0,13,0,408,0
1,50,0,0,1,0,162,0
1,21,0,0,1,0,183,1
1,24,0,0,2,0,183,1
1,33,0,2,11,0,408,1
1,29,0,0,3,1,271,0
0,25,0,0,0,1,40,0
1,38,0,0,0,0,376,1
1,46,0,0,1,0,408,0
1,33,0,0,9,1,40,1
0,39,0,0,3,0,398,1
1,23,0,0,1,0,408,0
0,23,0,0,3,1,40,1
1,35,0,0,4,0,408,0
1,49,0,0,12,0,280,1
1,27,0,0,0,1,40,0
1,22,0,1,2,0,133,0
0,29,0,0,0,0,16,1
1,31,0,0,0,1,301,0
0,65,0,0,0,0,175,0
1,24,0,0,6,0,54,0
1,46,0,0,0,1,100,0
1,20,0,0,0,0,234,1
1,29,0,0,16,0,178,1
1,29,0,0,7,0,57,0
0,56,0,0,3,0,391,0
1,21,0,0,0,0,115,0
1,40,0,0,0,0,301,1
1,22,0,0,2,1,400,1
1,39,0,0,0,1,132,0
1,22,0,1,1,0,46,1
1,36,0,0,1,0,60,0
1,30,0,0,0,0,73,0
1,56,0,0,17,0,79,1
1,36,0,0,0,1,40,0
1,38,0,0,5,1,388,0
1,32,0,0,0,0,330,0
0,34,0,0,5,0,3,1
1,52,0,0,0,1,40,0
1,20,0,1,1,0,255,1
1,38,0,0,5,1,40,0
1,46,0,0,0,1,131,0
1,27,0,0,0,0,398,1
1,20,0,0,2,0,11,1
0,51,0,0,1,1,101,0
0,29,0,0,1,0,54,1
0,35,0,0,7,0,133,1
1,37,0,0,1,1,40,1
1,63,0,0,0,0,87,0
1,27,0,0,2,0,330,0
1,27,0,0,1,0,18,1
1,27,0,0,0,0,61,0
1,24,0,0,2,1,271,1
1,32,0,1,13,1,89,1
1,25,0,0,4,0,183,1
1,24,2,1,10,1,356,0
1,27,0,0,0,1,40,0
0,48,0,0,0,1,40,0
0,26,0,0,1,1,40,0
1,23,0,0,1,0,54,1
1,22,0,1,3,1,40,1
0,51,0,0,4,0,408,0
1,41,0,0,0,0,408,0
1,21,0,0,0,0,61,0
1,32,0,0,1,1,89,0
0,39,0,0,3,1,356,0
1,46,0,0,0,1,40,0
1,22,0,0,1,1,248,1
1,36,0,0,2,0,408,1
1,32,0,0,0,1,40,0
1,38,0,0,17,1,40,1
1,22,0,0,1,0,54,1
1,69,0,0,0,1,132,1
1,26,0,0,2,0,3,0
0,27,0,0,1,1,40,1
0,30,0,0,1,1,324,0
1,22,0,0,2,0,331,0
0,43,0,0,0,0,18,0
1,22,0,0,2,1,324,1
0,55,0,0,0,1,100,0
1,20,0,0,1,0,408,0
1,22,0,0,1,1,324,1
1,29,0,4,15,0,163,1
1,33,0,0,9,0,167,1
1,55,0,0,7,0,165,0
1,22,0,0,1,0,172,0
1,55,0,0,1,0,408,0
0,43,0,0,0,0,183,1
1,21,0,0,0,0,234,1
1,38,1,0,6,0,408,0
1,23,0,0,0,0,408,0
0,28,0,0,1,1,183,0
1,39,0,0,1,0,3,0
1,79,0,0,1,1,127,0
1,48,0,0,1,0,125,0
1,31,1,0,5,1,408,0
1,30,0,1,4,1,233,1
1,32,0,0,5,0,133,1
1,56,0,0,1,1,40,0
0,28,0,0,0,1,409,1
1,43,0,0,2,1,40,0
1,27,0,0,21,0,252,1
1,41,0,0,0,1,40,0
1,43,0,0,3,1,228,1
0,33,0,0,1,0,408,0
1,22,0,0,0,0,162,0
1,34,0,0,3,0,18,0
1,36,0,0,0,1,132,0
1,69,0,0,0,0,133,0
1,32,0,0,5,0,408,1
1,22,0,0,1,0,112,1
1,46,0,0,0,0,183,0
1,34,0,0,1,1,40,0
1,39,0,0,0,1,132,0
1,25,0,0,6,1,40,1
1,63,0,0,9,0,60,1
1,24,0,0,8,0,162,1
1,29,0,0,2,1,169,0
1,20,0,3,3,0,301,1
0,40,0,0,0,1,40,0
1,30,0,0,7,0,408,1
1,36,0,0,10,1,20,1
1,50,0,0,5,0,408,0
1,37,0,0,4,1,89,1
1,34,0,0,1,0,301,0
0,31,0,0,1,1,40,1
1,23,0,0,10,0,408,0
1,37,0,0,2,0,408,1
1,54,0,0,22,0,11,1
1,26,0,0,2,0,294,0
1,34,0,0,12,0,252,1
1,59,0,0,2,1,99,1
1,45,0,0,2,0,301,0
1,37,0,0,2,1,132,0
1,45,0,0,1,0,162,1
1,22,0,0,1,0,280,0
1,24,0,0,3,0,234,1
1,25,0,0,5,0,18,0
1,24,0,0,6,0,398,1
0,52,0,0,3,1,408,0
1,20,0,0,1,1,40,1
1,32,0,0,6,0,301,0
0,32,0,0,2,0,340,1
1,39,0,0,8,0,408,0
1,49,0,0,3,0,301,1
1,20,1,0,1,0,37,1
1,31,0,0,11,0,408,1
1,58,0,0,7,0,301,1
1,26,0,1,11,0,360,1
1,20,1,0,1,0,408,0
1,39,0,0,1,0,162,0
1,51,0,0,1,1,40,1
1,30,0,0,2,1,40,0
1,26,1,0,9,0,408,1
1,26,0,0,2,0,15,0
1,35,1,0,13,0,61,1
0,51,0,0,7,0,84,0
0,26,0,0,0,0,301,0
1,26,0,0,5,0,56,0
1,20,0,0,0,0,11,0
1,28,0,0,0,0,87,1
1,23,0,1,1,1,131,1
0,21,0,0,0,1,314,0
1,30,0,0,0,0,56,0
1,21,0,2,2,0,306,1
1,20,1,0,1,0,408,1
1,24,0,0,5,0,408,1
1,35,0,0,22,0,268,1
1,50,0,0,2,0,408,1
1,25,0,0,5,1,408,0
0,48,0,0,1,0,408,0
1,31,1,1,12,1,324,1
1,26,0,0,0,0,183,0
1,22,0,0,0,0,318,0
1,29,0,0,0,0,268,0
1,52,0,0,1,0,52,0
1,21,0,0,0,0,301,0
1,21,0,0,1,0,300,0
0,20,0,0,0,0,175,1
1,30,0,0,1,0,183,1
0,33,0,0,3,1,379,1
1,24,0,0,3,0,9,0
0,30,0,0,11,0,85,1
0,30,0,0,0,1,40,0
1,47,0,0,13,0,133,1
1,41,0,1,9,1,230,0
1,48,0,0,6,0,158,0
1,52,0,0,2,0,301,1
0,34,0,0,1,1,40,0
1,35,0,0,0,0,294,1
1,24,0,0,1,0,234,1
0,48,0,0,17,0,408,0
1,43,0,0,3,0,301,1
1,25,0,0,1,1,40,0
1,34,0,1,20,0,301,1
1,25,0,0,2,0,180,1
1,56,0,0,6,0,240,0
1,23,0,0,0,0,162,0
1,21,0,0,0,1,61,0
1,66,0,0,0,1,40,0
1,28,0,0,7,1,324,0
1,29,0,0,0,1,132,0
1,22,0,0,3,0,301,1
1,39,0,0,0,0,18,0
1,33,0,0,9,1,40,1
1,29,0,0,2,0,408,1
1,31,0,0,1,0,408,0
1,22,0,0,0,1,40,0
0,22,0,0,0,1,40,0
1,35,0,0,3,0,301,0
1,29,0,0,3,0,152,1
0,37,0,0,0,0,301,0
0,30,0,0,0,0,12,0
1,56,0,0,1,0,168,0
0,34,0,0,0,0,241,0
1,23,0,0,1,0,183,1
1,27,1,0,1,0,183,1
1,43,0,0,2,0,408,0
1,38,0,0,0,0,284,0
1,39,0,0,3,0,259,0
1,24,0,0,1,0,234,1
1,26,0,0,2,1,127,0
0,55,0,0,0,1,40,0
1,35,0,0,1,0,183,1
1,61,0,0,25,0,61,0
1,40,0,0,4,0,323,0
1,33,0,0,3,0,133,0
1,26,0,0,0,0,359,1
1,32,0,1,15,0,408,1
1,28,0,0,0,0,398,0
1,45,0,0,0,1,40,0
1,30,0,0,0,0,183,1
0,57,0,0,4,0,408,0
1,26,0,0,3,0,18,1
1,35,0,0,1,0,152,0
0,29,0,0,0,0,301,0
0,40,0,0,0,1,131,0
1,28,0,0,1,0,156,1
0,25,0,0,0,1,40,0
1,44,0,0,3,1,131,0
1,48,0,0,1,1,89,0
0,59,0,0,1,0,6,0
1,23,0,0,4,0,254,1
1,29,0,0,0,0,57,0
1,56,0,0,0,1,132,0
0,27,0,0,0,1,40,0
0,29,0,0,0,1,400,0
0,34,0,0,4,1,40,0
0,22,0,0,0,0,183,0
1,40,0,0,5,0,305,1
1,31,0,0,0,0,183,0
1,47,0,0,3,0,11,0
1,24,0,0,8,0,301,1
0,20,0,0,1,0,323,0
1,39,0,0,4,0,167,0
1,29,0,0,10,0,133,1
0,26,0,0,4,0,178,1
1,61,0,0,2,1,40,0
1,24,0,0,2,0,408,1
1,30,0,0,0,1,131,0
1,20,0,0,0,1,26,1
1,56,0,0,22,0,301,1
0,50,0,0,3,0,301,1
1,56,0,0,5,0,301,0
1,30,0,0,10,0,408,1
1,28,0,0,12,1,408,1
1,59,0,0,1,1,40,0
1,20,1,0,1,0,268,1
1,23,0,1,4,1,26,1
0,28,0,0,2,0,301,1
1,35,0,0,3,1,40,1
1,22,0,0,1,0,234,1
1,22,0,0,0,0,317,0
1,46,0,0,3,1,40,1
1,61,0,0,8,0,301,1
1,26,0,0,5,0,133,0
1,44,0,0,1,0,57,0
0,34,0,0,0,1,40,1
1,29,0,0,1,0,183,1
1,29,0,0,8,1,356,0
1,48,0,0,5,0,301,1
0,31,0,0,0,1,199,0
1,21,0,0,2,0,408,0
1,34,0,0,4,0,133,0
1,54,0,0,21,0,301,0
1,20,0,4,4,0,178,0
1,31,0,0,1,0,354,1
1,22,0,0,0,1,96,0
1,36,0,0,6,1,40,0
1,34,3,1,9,0,152,1
1,36,0,0,3,1,356,0
1,32,0,0,3,0,300,1
1,50,0,0,15,1,40,0
0,25,0,0,7,0,163,1
1,31,0,0,1,1,131,0
1,49,0,0,10,0,183,1
1,21,1,0,2,0,408,0
0,26,0,0,5,0,398,1
0,25,0,0,2,0,84,1
1,38,0,0,5,0,133,0
1,35,0,0,2,1,40,0
1,50,0,0,10,0,408,0
1,32,0,0,4,0,163,1
1,29,0,0,1,0,408,0
1,46,0,0,0,0,294,0
1,53,0,0,1,1,40,0
0,27,0,0,1,0,408,1
1,29,0,0,4,0,301,0
1,23,0,0,3,1,40,1
1,24,0,0,1,1,40,0
1,33,0,0,18,0,178,1
1,32,0,0,1,1,26,1
0,38,0,0,7,0,183,1
1,40,0,0,20,0,133,0
0,36,0,0,1,1,40,0
1,34,0,0,16,0,300,1
1,41,0,0,1,1,208,1
1,57,0,0,7,0,408,0
1,26,0,0,1,0,408,0
1,39,0,0,2,0,408,1
1,45,0,0,0,0,301,1
1,26,0,0,2,0,133,0
0,48,0,0,0,0,183,0
1,52,0,0,7,1,40,0
0,43,0,0,0,1,40,0
1,35,0,0,2,0,60,0
1,24,0,0,3,0,301,0
1,27,0,0,11,0,133,1
1,56,0,0,28,0,12,0
1,28,0,0,2,0,240,1
1,21,0,0,0,0,183,0
1,33,0,0,5,1,40,1
1,25,0,0,1,0,234,1
1,36,0,2,17,0,408,1
0,25,0,0,0,0,284,0
1,46,0,0,0,1,95,0
0,24,0,0,0,0,408,0
1,28,0,0,4,0,47,1
1,28,0,0,12,1,88,1
1,23,0,0,0,1,127,1
1,50,0,0,1,1,316,1
1,24,0,0,0,1,40,0
0,55,0,0,2,0,6,0
1,22,0,0,0,0,268,1
1,38,0,0,14,0,183,0
1,31,0,0,1,0,133,0
0,30,0,0,3,0,166,0
1,52,0,0,1,0,408,0
1,37,0,0,16,0,408,1
0,41,0,0,1,1,40,0
1,20,0,0,0,0,118,1
1,21,0,0,0,1,40,1
1,22,0,0,1,1,40,0
1,38,0,0,7,1,40,0
1,31,0,0,0,0,173,0
1,28,0,0,0,0,294,0
1,39,0,0,1,0,389,0
1,34,0,0,22,0,133,1
1,32,0,1,2,0,408,0
1,36,0,0,7,1,408,0
1,24,0,0,0,1,40,1
1,27,0,0,9,0,241,1
1,61,0,0,8,1,408,0
1,43,0,0,2,0,408,0
1,26,0,0,1,0,119,0
1,32,0,3,7,0,408,0
0,57,0,0,2,0,301,0
0,40,0,0,0,1,99,0
1,33,0,0,6,0,183,1
1,30,0,0,2,0,301,1
1,29,0,0,1,1,197,0
0,21,0,0,1,0,408,0
1,36,0,0,2,1,99,0
1,59,0,0,17,0,142,0
1,35,0,0,6,0,408,1
1,21,0,1,2,0,14,1
1,49,0,0,29,0,166,1
0,37,0,0,23,1,40,1
1,20,1,0,1,0,408,1
1,28,0,0,1,0,408,0
1,29,0,0,3,0,234,1
1,25,0,0,1,0,236,1
1,20,0,0,2,0,408,1
1,30,0,0,3,1,40,1
1,55,0,0,5,0,301,0
1,26,0,0,0,1,100,0
0,52,0,0,6,0,408,0
1,52,0,0,16,0,408,1
1,60,0,0,2,1,100,0
1,44,0,0,0,1,400,0
0,25,0,0,2,1,40,0
0,20,0,0,4,0,408,1
1,28,0,0,3,0,309,1
1,39,0,0,3,1,40,0
1,22,0,0,1,0,351,0
1,24,0,0,1,0,300,1
0,28,0,0,0,0,25,0
1,35,0,0,10,0,408,1
1,30,0,0,0,1,40,0
1,22,0,0,0,0,54,1
1,39,0,0,9,0,268,0
1,26,0,0,5,1,15,0
1,33,0,0,3,0,408,0
0,23,0,0,0,0,54,0
0,52,0,0,0,0,166,1
0,22,0,0,0,1,40,1
1,54,0,0,0,0,79,0
1,50,0,0,2,1,128,0
1,20,0,0,2,0,183,1
1,25,0,0,1,0,268,0
0,46,0,0,0,0,91,0
1,26,0,0,1,0,408,1
1,22,0,0,0,1,40,0
1,38,1,0,10,0,60,1
0,34,0,0,5,0,133,1
1,18,5,0,4,0,408,1
0,26,0,0,3,0,284,1
0,23,0,0,0,0,294,0
1,44,0,0,1,1,132,1
1,53,0,0,9,0,183,1
1,27,0,0,6,0,181,0
1,27,0,0,4,0,252,1
1,25,0,0,2,0,301,0
1,48,0,0,18,0,167,1
1,19,0,1,1,0,301,1
1,53,0,0,0,0,12,0
1,39,0,0,0,1,324,0
1,27,1,0,6,0,301,1
0,29,0,0,1,0,305,1
0,21,0,0,2,0,183,1
0,24,0,0,7,0,183,0
1,33,0,0,0,1,40,0
0,24,0,0,1,1,99,0
1,46,0,0,1,0,309,0
0,38,0,0,0,0,50,0
1,30,0,2,13,0,178,1
1,26,0,2,27,1,40,1
1,57,0,0,2,0,204,0
1,43,0,0,0,0,408,0
1,22,0,0,0,1,271,0
1,26,0,0,1,1,408,0
0,28,0,0,9,1,408,1
1,51,0,0,3,0,165,0
1,24,0,0,1,0,112,0
1,48,0,0,3,0,70,1
1,26,0,0,0,1,131,1
1,31,0,0,6,0,166,1
1,27,1,2,6,1,408,0
1,25,0,0,0,1,26,0
1,56,0,0,3,1,40,0
0,29,0,0,1,1,40,0
0,30,0,0,3,0,408,1
1,21,0,0,0,0,37,0
1,22,0,0,1,0,54,1
0,28,0,0,0,1,40,0
1,35,0,0,2,0,339,0
1,23,0,0,0,0,172,0
1,48,0,0,4,0,408,0
1,22,0,1,4,1,40,1
1,37,0,0,2,0,408,0
1,33,0,0,0,0,11,0
1,23,0,0,5,0,152,1
1,22,0,0,0,1,40,1
1,24,0,0,0,0,268,0
1,44,0,0,2,1,408,0
1,26,0,0,4,1,143,0
0,26,0,0,0,1,138,0
1,29,0,0,2,0,408,0
1,30,0,0,1,1,132,0
1,23,0,0,1,0,61,1
0,28,0,0,0,0,56,1
1,20,0,0,0,0,183,0
0,24,0,2,7,1,18,0
1,37,0,0,6,0,166,1
0,21,0,0,1,0,183,0
1,27,0,0,8,0,163,1
1,26,0,0,2,0,171,1
1,42,0,0,0,1,40,0
1,23,0,0,8,0,183,1
1,43,0,0,1,0,408,0
0,55,0,0,0,1,40,0
1,38,0,0,0,0,284,1
1,24,0,0,1,0,408,1
1,23,0,0,0,1,40,0
0,64,0,0,0,0,348,0
1,32,0,1,11,0,133,1
0,39,0,0,0,0,178,1
1,30,0,0,0,1,100,0
0,22,0,0,1,1,40,0
1,20,0,0,2,0,408,1
1,21,0,0,0,0,183,1
1,24,0,0,0,0,246,0
1,50,0,0,2,0,294,0
1,30,0,0,3,1,40,0
1,51,0,0,12,0,301,1
1,21,0,2,2,1,106,1
1,21,1,0,1,0,408,1
1,31,0,0,1,0,257,0
1,23,0,0,2,1,371,1
1,32,0,0,4,0,61,1
1,28,0,0,11,0,218,1
1,50,1,0,16,0,408,1
1,24,0,0,0,0,61,0
0,19,0,0,1,0,408,1
1,29,0,0,3,0,408,1
1,41,0,0,6,0,183,1
1,28,0,0,4,1,40,1
1,29,0,0,6,0,398,1
1,49,0,0,0,0,224,0
1,42,0,0,0,1,40,0
1,38,0,0,4,1,40,0
1,22,0,0,3,0,57,1
1,46,0,0,0,1,40,1
1,63,0,0,1,0,408,0
1,38,0,0,0,0,91,1
1,36,0,0,0,0,300,0
0,27,0,1,10,1,131,1
1,22,0,0,6,0,85,1
1,29,0,0,11,1,228,0
1,23,0,0,6,0,183,1
1,39,0,0,2,1,132,0
1,47,0,0,0,1,40,0
1,26,0,0,7,0,183,1
0,21,0,0,0,0,56,1
1,55,0,0,12,0,408,0
1,63,0,0,2,1,400,0
1,27,0,0,2,0,301,1
1,55,0,0,27,1,40,0
1,57,0,0,21,1,408,1
1,30,0,0,2,0,301,1
1,26,0,1,3,1,232,0
1,26,0,0,0,0,186,1
1,37,0,0,1,1,40,0
1,25,0,0,4,1,228,0
1,34,0,0,0,0,183,0
1,25,1,1,2,0,294,1
1,46,0,0,2,0,236,0
1,32,0,0,8,0,398,0
0,25,0,0,5,0,3,1
1,35,0,0,4,0,301,1
0,33,0,0,2,0,178,1
1,26,0,0,2,0,183,1
1,49,0,0,10,0,183,1
1,29,0,0,2,1,232,0
1,28,0,0,6,1,408,1
1,53,0,0,20,0,408,0
1,29,0,1,3,0,408,1
1,27,0,0,0,0,55,0
1,48,0,0,0,0,301,0
1,25,0,0,1,1,40,1
1,67,0,0,0,0,91,0
1,29,0,0,2,1,4,0
0,53,0,0,3,0,183,0
1,23,0,0,1,0,268,0
1,49,0,0,0,0,301,0
0,44,0,0,0,1,132,0
1,26,1,0,10,0,323,1
1,51,0,0,2,0,183,1
1,46,0,0,0,1,40,0
1,30,0,0,1,0,301,1
0,48,0,0,0,0,360,1
1,77,0,0,1,1,131,1
1,21,0,2,2,0,183,1
1,46,0,0,11,0,408,1
1,54,0,0,4,0,341,1
1,54,0,0,3,0,211,0
1,26,0,0,15,0,408,0
1,23,0,1,8,0,60,1
1,39,0,0,2,0,408,0
1,29,0,0,1,1,40,1
1,30,1,0,9,1,403,1
1,41,0,0,6,0,240,0
1,32,0,0,1,1,40,0
1,48,0,0,12,1,408,0
1,39,0,0,2,0,408,0
1,52,0,0,0,1,40,1
1,31,0,1,3,0,183,1
1,22,0,0,1,0,284,1
1,56,0,0,4,1,40,1
0,46,0,0,0,1,99,0
0,52,0,0,23,0,408,1
1,29,0,0,7,0,255,1
0,22,0,0,0,0,183,0
1,39,0,0,8,0,202,0
1,35,0,0,9,0,300,0
1,26,0,0,1,1,40,0
1,27,0,0,1,0,84,0
1,27,0,0,5,0,408,1
0,34,0,0,10,0,301,1
1,47,0,0,21,0,408,1
1,27,0,0,2,1,269,0
0,32,0,0,0,1,40,1
1,25,0,0,5,0,408,1
1,22,0,0,2,1,40,1
1,43,0,0,4,1,356,0
1,52,0,0,7,0,301,1
1,21,0,0,2,0,360,1
1,28,0,1,11,0,54,1
1,21,0,0,1,0,67,1
1,23,0,1,4,1,40,1
1,31,0,0,1,1,40,0
1,34,0,0,1,1,40,0
1,32,0,0,0,1,300,0
0,50,0,0,0,1,132,1
1,27,0,0,1,1,61,0
0,26,0,1,4,0,408,0
1,27,1,0,4,0,11,1
1,29,0,0,0,0,12,1
1,30,0,0,11,1,320,1
1,58,0,0,0,1,99,0
1,27,2,0,14,0,152,1
1,28,0,0,5,0,133,1
1,24,0,5,15,0,119,1
1,45,0,0,1,0,408,1
1,50,0,0,0,1,96,0
0,30,0,0,15,0,301,1
1,43,0,0,0,0,183,1
1,24,0,0,0,0,408,1
1,34,0,0,10,0,12,0
1,26,0,0,2,0,280,0
1,31,0,0,0,0,294,0
1,23,0,0,1,0,183,1
1,39,0,0,0,0,195,0
1,50,0,0,4,0,133,1
0,22,0,0,0,1,40,0
0,25,0,0,0,1,40,0
0,21,0,1,2,0,85,0
1,20,0,0,1,0,300,0
1,54,0,0,12,1,40,1
0,27,0,0,2,0,167,1
1,45,0,0,5,0,307,1
1,34,3,1,13,0,408,1
0,55,0,0,0,0,47,0
1,24,0,0,0,1,40,0
1,20,0,0,0,0,301,1
1,37,0,0,5,1,40,1
0,34,0,0,1,1,40,0
0,41,0,0,2,0,12,1
1,21,0,0,1,0,408,1
1,22,0,0,3,0,61,1
1,24,0,0,0,0,183,0
1,42,0,0,8,0,4,0
0,23,0,0,0,1,40,1
0,40,0,0,1,0,12,0
1,19,3,0,2,0,408,1
1,20,0,0,0,1,40,0
0,44,0,0,0,0,183,1
1,20,0,0,0,1,26,0
1,27,0,0,5,1,131,0
1,20,0,0,0,1,40,1
1,20,0,0,0,0,300,0
1,28,0,0,1,0,252,1
1,29,0,0,9,0,408,1
1,21,0,0,0,0,161,1
1,45,0,0,4,1,131,1
0,24,0,0,2,0,183,1
1,60,0,0,15,0,162,1
1,43,1,0,8,0,408,1
0,24,0,0,0,0,323,0
1,23,0,1,3,0,289,1
1,27,0,0,0,0,183,0
1,24,0,0,0,0,234,0
1,31,0,1,6,1,40,1
1,22,0,0,0,0,107,1
0,46,0,0,4,0,408,0
1,53,0,0,3,1,408,0
1,54,0,0,0,0,46,0
0,37,0,0,5,0,183,1
0,35,0,0,7,0,408,1
0,53,0,0,0,0,107,0
1,26,0,0,9,1,232,1
1,48,0,0,7,1,356,1
1,63,0,0,22,1,374,1
0,56,0,0,2,1,132,1
1,25,0,0,6,0,236,1
0,49,0,0,0,0,323,0
1,34,0,0,0,1,356,1
1,21,0,0,0,1,40,1
1,23,0,0,0,0,378,1
1,57,0,0,0,0,408,0
1,29,0,1,8,0,408,1
1,25,0,0,5,0,309,1
0,42,0,0,1,0,166,0
1,51,0,0,1,0,301,0
1,26,0,0,7,0,337,0
1,34,0,1,9,0,408,0
1,53,0,0,13,1,408,0
0,43,0,0,6,0,183,0
1,34,0,0,0,0,67,0
0,27,0,0,2,0,183,1
1,51,0,0,0,1,228,0
1,26,0,0,1,1,228,0
1,47,0,0,5,0,301,0
1,22,0,0,0,0,183,0
0,36,0,0,0,0,301,0
1,41,0,0,4,0,292,1
1,37,0,0,2,1,71,0
1,21,0,0,2,0,183,0
1,25,0,3,6,1,403,0
1,24,0,0,7,1,316,1
1,33,0,0,0,1,40,0
1,46,0,0,5,0,408,0
0,44,0,0,3,0,252,1
1,46,0,0,0,0,12,1
0,28,0,0,1,0,178,0
1,28,1,0,5,0,408,1
1,66,0,0,5,0,301,1
1,20,0,0,0,1,271,0
1,27,0,0,2,0,133,0
1,25,0,0,3,0,18,1
1,31,0,0,8,1,40,0
0,39,0,0,1,0,408,0
0,41,0,0,7,0,300,1
1,26,0,0,0,0,84,0
1,25,0,0,2,1,228,1
1,35,0,0,5,0,67,0
1,22,0,0,2,0,179,1
1,25,0,0,7,0,54,1
1,50,0,0,18,1,233,1
0,27,0,0,2,1,131,0
0,20,0,0,0,1,40,1
1,56,0,0,5,1,408,0
1,25,0,0,5,0,234,1
0,48,0,0,1,0,272,0
1,21,0,0,1,0,61,0
1,31,0,0,2,1,40,1
1,35,0,0,0,1,136,0
1,34,0,0,2,0,67,1
1,32,0,0,0,0,18,0
0,31,0,0,1,0,162,1
1,29,0,0,6,0,408,1
1,25,0,0,2,0,408,0
1,26,0,0,13,1,390,0
1,31,0,0,11,1,40,1
1,28,0,0,3,1,232,1
0,27,0,1,10,0,408,1
1,24,0,0,0,0,119,1
1,49,0,0,0,0,166,0
0,40,0,0,0,0,301,0
1,22,0,0,4,1,131,0
1,28,0,0,5,0,408,1
0,51,0,0,1,0,304,0
1,24,0,0,2,0,305,1
1,49,0,0,1,1,40,0
1,33,0,0,0,1,271,1
1,34,0,0,6,0,119,1
1,30,0,0,8,1,40,1
1,44,0,0,0,0,54,1
1,41,0,0,12,0,284,1
1,46,0,0,0,0,211,0
1,57,0,0,2,1,408,0
0,44,0,0,1,1,40,0
1,32,0,0,0,0,300,0
1,36,0,0,1,1,40,0
1,30,0,0,1,1,40,0
1,28,0,0,0,1,209,0
1,31,0,0,3,1,40,1
1,29,1,0,8,0,301,1
1,21,0,0,1,1,61,0
1,23,1,0,5,0,280,1
1,25,0,0,4,0,284,0
0,49,0,0,25,0,167,1
0,25,0,0,1,1,40,1
1,35,0,0,9,0,360,0
1,33,0,0,4,1,132,0
1,38,0,0,8,0,408,0
1,32,0,0,0,1,228,0
0,23,0,0,0,1,127,0
1,67,0,0,3,0,6,0
1,23,1,1,4,0,61,0
0,26,0,0,0,1,230,0
1,31,0,0,9,0,301,1
1,22,0,0,0,1,40,1
0,20,0,0,0,0,252,1
1,24,0,0,1,0,234,0
1,37,0,0,0,1,356,0
1,29,0,0,0,0,294,0
1,29,0,0,9,0,122,1
1,49,0,0,3,0,3,0
1,31,0,0,2,0,408,0
1,59,0,0,0,1,40,0
1,39,0,0,2,1,324,1
1,23,0,0,1,0,280,0
1,27,0,0,3,0,408,1
1,22,0,0,1,0,398,0
1,21,0,0,0,0,54,1
1,36,0,0,0,0,15,0
1,30,0,0,10,0,408,1
1,31,0,0,3,1,132,0
1,25,0,0,7,0,183,0
1,26,0,0,0,0,11,0
1,24,0,0,0,1,40,0
1,27,1,2,11,0,119,0
1,28,0,0,4,0,408,0
1,54,0,0,3,0,183,1
1,57,0,0,0,1,40,0
1,54,0,0,11,0,301,1
1,30,0,0,2,0,61,0
0,31,0,0,4,0,6,0
1,29,0,0,0,0,301,0
1,22,0,0,0,1,40,0
1,28,0,0,2,0,408,0
1,35,0,0,0,1,40,1
1,29,0,0,2,0,323,1
1,30,0,1,14,0,133,0
0,44,0,0,1,1,7,0
1,27,0,0,2,0,360,1
0,63,0,0,0,1,40,0
1,27,0,0,6,0,301,1
1,36,0,0,0,0,301,1
1,31,0,0,5,0,408,1
1,21,0,0,0,0,67,0
1,23,0,0,1,0,183,0
1,55,0,0,1,0,408,0
1,40,0,0,1,0,408,0
1,30,0,0,3,1,40,1
1,41,0,0,1,1,40,0
1,56,0,0,0,1,132,0
1,23,0,0,1,0,302,1
1,61,0,0,14,1,248,0
1,20,0,0,0,0,234,1
1,49,0,0,2,0,168,1
1,31,2,0,6,0,162,0
1,50,0,0,7,0,408,1
0,31,0,0,3,1,40,1
1,32,1,0,4,0,240,0
0,26,0,0,7,0,309,1
1,44,0,0,0,0,162,1
1,62,0,0,0,1,99,0
1,43,0,0,3,0,166,1
0,24,0,0,1,1,40,1
1,41,0,0,13,0,288,1
1,23,0,0,0,1,40,0
1,25,0,0,1,0,202,0
1,67,0,0,0,1,40,0
1,20,0,0,0,0,364,1
1,29,1,0,3,1,40,1
0,34,0,0,0,0,301,1
1,23,0,0,1,1,316,1
1,29,0,0,0,0,163,0
1,46,0,0,4,0,408,0
1,31,0,0,9,1,40,1
1,24,0,0,1,1,40,0
1,28,0,0,1,0,408,1
0,25,0,0,0,1,40,1
0,24,0,0,0,1,40,0
1,36,0,0,1,0,183,0
1,25,0,0,2,1,380,0
1,29,0,0,0,0,161,0
0,26,0,0,1,0,3,0
1,23,1,0,3,0,234,1
1,32,0,0,4,0,133,1
0,26,0,0,0,0,11,0
1,35,0,0,0,1,132,1
1,23,0,0,0,1,274,1
0,46,0,0,0,1,100,0
1,41,0,0,0,0,6,0
1,22,0,0,0,1,271,1
1,27,0,0,7,1,329,1
0,24,0,0,1,0,334,1
1,27,0,0,10,0,133,1
1,22,0,0,1,1,40,0
0,43,0,0,3,0,408,1
1,26,0,1,3,1,408,1
1,26,0,0,7,1,356,0
1,29,0,0,3,0,301,1
0,42,3,0,17,0,301,1
1,30,0,0,0,1,40,0
1,34,0,0,1,0,61,0
1,23,0,0,3,1,40,0
0,47,0,0,0,1,40,0
1,55,0,0,2,1,408,0
0,30,0,0,5,0,336,1
1,43,0,0,2,0,301,0
1,45,0,0,38,0,163,1
0,61,0,0,15,0,167,0
1,63,0,0,16,1,40,0
1,49,0,0,0,0,183,0
1,49,0,0,1,1,40,0
1,42,0,0,1,0,285,0
1,24,0,0,1,1,40,0
1,51,0,0,0,0,300,0
1,28,0,0,4,0,408,1
1,26,0,0,2,0,56,1
1,28,0,0,2,0,359,1
1,49,0,0,2,0,218,0
0,33,0,0,6,1,408,1
1,47,0,0,1,0,408,0
1,56,0,0,1,0,304,0
1,53,0,0,8,1,400,0
1,41,0,0,3,1,132,0
1,45,0,0,6,0,284,0
1,47,0,0,2,1,40,0
0,21,0,0,0,0,56,0
1,27,0,0,2,1,40,1
1,21,0,0,0,0,51,0
1,31,0,0,0,0,309,0
1,30,2,0,8,0,408,0
1,23,0,0,0,0,268,0
1,52,0,0,1,0,301,0
1,48,0,0,11,1,324,1
0,51,0,0,3,1,360,0
1,30,0,0,1,1,408,1
0,29,0,0,5,0,408,1
0,44,0,0,0,0,360,0
1,34,0,0,12,0,200,1
1,28,1,2,5,0,6,1
1,28,0,0,9,0,408,1
0,34,0,0,0,0,178,0
1,23,0,2,3,1,143,1
1,71,0,0,3,1,132,0
1,45,0,0,2,1,100,0
1,29,0,0,0,1,132,0
1,52,0,0,23,0,408,1
1,26,0,0,1,0,408,0
1,52,0,0,17,0,301,1
1,21,0,0,0,1,40,0
1,29,0,0,2,1,172,0
1,54,0,0,0,1,132,0
1,58,0,0,12,0,167,1
0,22,0,0,1,1,40,0
1,27,0,0,0,0,301,1
1,29,0,0,1,1,40,0
0,23,0,0,2,1,408,1
0,65,0,0,1,0,11,0
0,28,0,0,5,0,301,1
1,31,0,3,15,0,91,1
1,31,0,0,0,0,162,0
1,21,0,0,0,0,15,0
1,27,0,2,17,0,133,1
1,33,0,0,1,0,12,0
1,25,0,1,3,0,234,0
1,39,0,0,1,0,286,0
1,29,0,0,8,1,271,1
1,27,0,0,15,0,46,1
0,42,0,0,0,0,70,0
1,21,0,0,0,0,360,0
1,27,0,0,5,1,356,1
1,36,0,0,2,1,40,1
0,24,0,0,0,0,398,1
0,67,0,0,0,1,100,0
0,27,0,0,2,0,15,0
1,39,0,0,3,0,408,1
1,42,0,0,5,0,408,0
0,25,0,0,1,0,408,0
1,40,0,0,8,0,309,1
1,37,0,0,4,1,40,1
0,42,0,0,8,0,408,1
0,27,0,0,12,1,232,1
1,26,0,0,8,0,268,1
1,23,0,0,1,1,387,0
1,32,0,0,8,1,40,1
0,31,0,0,1,1,40,1
1,20,0,0,1,0,54,1
1,26,0,0,4,0,115,1
1,51,0,0,2,1,400,1
1,67,0,0,0,1,40,0
1,27,0,0,10,0,133,0
0,26,0,0,1,1,40,0
1,55,0,0,3,1,408,1
1,51,0,0,1,0,183,0
1,28,0,0,0,1,132,0
0,51,0,0,0,1,387,0
1,28,0,0,13,0,408,1
1,22,0,0,0,0,135,1
1,26,0,0,2,0,234,1
0,27,0,1,1,0,398,0
1,32,0,0,5,1,408,0
1,36,0,0,11,0,301,1
1,27,0,0,4,1,40,0
1,41,0,0,1,0,6,1
1,24,0,3,12,1,40,0
1,61,0,0,11,0,301,0
0,29,0,0,3,0,408,0
1,34,0,0,11,0,133,0
1,45,0,0,0,0,292,0
1,21,0,2,3,0,241,1
1,28,0,0,20,0,133,1
1,23,2,0,3,0,67,0
1,31,0,0,6,0,408,0
1,59,0,0,0,1,400,1
1,40,0,0,8,1,40,1
0,22,0,0,1,1,402,0
1,21,0,1,1,1,61,1
1,24,1,0,1,0,408,1
1,25,0,0,2,0,301,1
0,25,0,0,1,0,6,0
1,47,0,0,3,1,136,1
1,21,0,0,5,1,40,1
1,29,0,0,1,0,408,1
1,40,0,0,4,0,183,1
1,39,0,0,0,1,40,0
0,30,0,0,0,1,40,1
0,22,0,0,2,0,408,1
1,25,0,0,0,1,128,0
0,21,0,0,0,1,40,1
1,25,0,0,0,1,40,1
1,54,0,0,1,0,409,1
1,27,0,0,5,1,271,1
1,45,0,0,4,1,408,1
1,32,0,0,4,0,408,1
1,22,0,0,0,1,40,1
0,44,0,0,6,0,301,0
1,28,0,0,0,1,409,1
1,23,0,0,0,0,382,0
1,46,0,0,0,0,10,0
1,33,0,0,2,0,309,0
0,40,0,0,3,0,301,1
1,54,0,0,7,0,300,0
1,21,0,0,0,1,40,0
1,43,0,0,6,1,26,1
1,22,0,0,3,0,398,1
1,22,0,0,0,1,324,0
1,31,0,0,0,0,133,0
1,32,0,0,6,0,301,1
0,50,0,0,3,0,408,0
1,21,0,0,1,1,40,0
1,23,0,0,0,1,40,0
1,33,0,0,3,1,323,1
1,64,0,0,0,1,40,0
1,20,0,0,0,0,61,0
1,26,0,0,1,1,40,0
1,30,0,1,18,0,54,1
1,23,0,0,10,0,408,1
1,60,0,0,13,0,167,1
1,46,0,0,2,0,408,1
0,29,0,0,0,0,46,0
1,56,0,0,0,1,132,1
0,45,0,0,0,0,183,0
1,26,0,0,4,0,171,1
0,47,0,0,4,1,40,0
0,29,0,1,7,0,12,1
1,32,2,1,9,0,268,0
1,27,0,0,2,0,160,1
1,29,0,0,10,0,162,1
1,22,0,0,1,0,331,1
0,28,0,0,1,0,46,0
1,36,0,0,0,0,382,0
1,24,0,0,0,0,323,0
1,33,2,0,9,1,26,1
1,46,0,0,2,1,408,0
1,31,0,0,9,1,40,1
1,49,0,0,3,0,301,1
1,24,0,0,0,0,241,1
1,57,0,0,28,0,301,1
1,36,1,2,14,0,301,1
1,43,0,1,23,0,121,0
1,42,0,0,0,1,271,0
1,32,0,0,4,0,115,1
1,26,0,0,1,0,408,0
1,74,0,0,0,1,208,0
1,24,0,0,3,0,280,1
1,33,0,0,2,1,131,0
1,22,0,0,1,1,40,1
1,50,0,0,4,1,128,0
0,28,0,0,7,0,408,1
0,35,0,0,5,0,6,1
1,33,0,0,0,0,150,1
0,36,0,0,1,1,40,0
1,28,0,0,2,0,408,1
1,63,0,0,1,0,408,0
1,24,0,0,11,0,408,1
0,69,0,0,5,0,409,0
1,41,1,0,18,0,408,1
1,44,0,0,1,1,40,0
0,29,0,0,0,0,329,0
0,52,0,0,0,1,40,0
1,23,0,0,1,0,301,1
1,26,0,0,0,0,360,0
1,24,0,0,0,1,400,1
1,45,0,0,4,1,132,0
1,24,0,0,4,0,61,1
1,47,0,0,0,1,40,0
1,20,1,0,2,0,160,1
1,26,0,0,0,0,396,0
1,36,0,0,9,0,301,1
1,33,0,0,2,1,100,1
1,52,0,0,1,1,40,0
1,51,0,0,0,0,408,0
1,20,0,0,1,0,54,1
1,47,0,0,7,0,3,1
1,38,0,0,1,1,320,1
1,67,0,0,1,0,183,0
1,47,0,0,1,0,46,0
1,66,0,0,0,1,40,0
1,39,0,0,0,0,178,0
0,49,0,0,2,1,400,0
0,45,0,0,9,1,40,0
0,46,0,0,7,0,360,1
1,29,0,0,15,0,133,1
1,28,0,0,2,1,271,1
0,22,0,0,0,0,183,1
1,20,1,0,1,0,408,1
1,34,0,0,5,0,408,0
1,34,0,0,13,0,60,0
1,22,0,1,8,0,61,1
1,25,0,0,3,1,131,1
1,27,0,2,13,0,408,1
1,34,0,0,1,0,408,0
1,34,0,0,1,0,301,0
1,54,0,0,10,0,301,1
0,36,0,0,5,0,408,1
1,30,1,0,8,0,301,1
0,23,0,0,1,0,54,1
1,40,0,0,0,0,162,0
0,22,0,0,1,0,61,0
0,27,0,0,0,1,40,1
1,25,0,0,3,0,133,1
1,47,0,0,14,1,40,0
0,27,0,0,3,0,183,1
1,38,2,3,16,1,40,1
1,27,0,0,0,1,40,1
1,30,0,0,4,0,292,1
1,31,0,0,1,0,408,0
1,33,0,0,4,1,138,1
0,29,0,0,2,0,323,1
1,56,0,0,31,0,301,1
1,26,0,0,0,0,52,0
0,28,0,0,5,0,238,0
1,43,0,0,5,1,408,0
1,29,0,0,2,0,300,1
1,22,0,0,1,0,178,1
1,74,0,0,2,0,408,0
1,47,0,0,4,0,301,1
0,42,0,0,4,0,41,1
0,43,0,0,0,1,132,0
0,28,0,0,6,1,387,1
0,24,0,0,0,0,79,0
1,56,0,0,0,1,40,0
1,49,0,0,0,0,183,0
0,24,0,0,1,0,59,0
1,30,0,0,3,0,323,1
1,28,0,0,11,0,408,0
0,39,0,0,1,0,408,1
0,26,0,0,4,0,161,1
1,56,0,0,4,0,260,0
1,58,0,0,8,1,87,0
1,33,0,0,3,0,67,0
0,31,0,0,9,0,183,1
1,35,0,0,18,0,408,1
1,25,4,0,5,1,324,0
1,25,0,0,7,1,375,1
1,23,0,0,0,0,162,0
1,20,0,0,1,0,61,1
0,30,0,0,3,0,133,0
1,29,0,0,14,0,178,1
1,39,0,0,5,1,40,0
1,21,0,0,0,0,244,1
1,46,0,0,13,0,408,1
1,44,0,0,11,0,408,1
1,30,0,0,2,0,408,0
1,35,0,0,12,1,40,1
1,34,0,0,4,0,234,0
1,26,0,0,2,1,387,0
1,51,0,0,4,1,40,0
1,36,0,0,0,1,96,0
1,26,0,0,3,1,356,1
1,21,0,0,1,0,331,0
1,59,0,0,5,1,23,0
1,29,0,2,7,0,36,1
1,37,0,0,4,0,171,0
1,41,0,0,0,1,132,0
1,23,0,0,0,0,54,1
0,54,0,0,1,1,40,0
1,30,0,0,2,1,40,0
1,28,0,0,0,1,40,1
1,22,0,0,0,1,40,0
1,21,0,0,0,0,183,1
1,27,0,0,1,1,100,0
1,61,0,0,4,1,23,1
1,51,0,0,7,0,358,0
1,19,1,0,1,0,183,1
1,60,0,0,0,1,233,1
1,34,0,0,1,0,382,0
0,22,0,0,1,0,268,0
0,49,0,0,3,0,183,0
0,61,0,0,1,1,99,0
1,51,0,0,7,1,132,1
0,49,0,0,2,0,178,0
0,24,0,0,0,0,310,1
0,36,0,0,4,1,40,1
1,42,0,0,5,0,408,0
1,36,0,0,9,0,133,0
1,57,0,0,14,0,408,1
1,36,0,0,0,1,40,0
1,34,0,0,3,1,127,1
1,24,0,0,2,1,408,1
1,67,0,0,2,0,408,0
1,32,0,0,0,0,234,0
1,25,0,0,1,0,160,0
0,30,0,0,2,1,40,1
1,35,0,0,8,1,40,1
1,43,0,0,0,1,40,0
1,28,0,0,1,0,408,0
1,32,0,0,4,0,166,0
1,23,0,0,0,0,294,0
0,20,0,0,0,1,40,1
1,30,0,1,19,0,301,1
1,30,0,0,2,1,40,0
1,23,0,2,5,1,408,1
1,21,0,0,0,1,178,1
1,30,0,0,0,1,271,1
1,20,0,0,0,0,301,0
1,23,0,0,0,0,117,0
1,23,0,0,0,0,200,0
0,33,0,0,3,1,46,0
