entity_id,model_id,feature_set,fold,race,sex,age_cat,label_value,score
3,LR_8_features,8,1,African-American,Male,25 - 45,1,0
14,LR_8_features,8,1,Caucasian,Male,25 - 45,0,0
42,LR_8_features,8,1,African-American,Male,25 - 45,1,1
45,LR_8_features,8,1,Caucasian,Male,Greater than 45,0,0
70,LR_8_features,8,1,African-American,Male,25 - 45,0,0
71,LR_8_features,8,1,Caucasian,Male,25 - 45,1,0
85,LR_8_features,8,1,Caucasian,Male,Greater than 45,0,0
100,LR_8_features,8,1,African-American,Female,Greater than 45,0,0
102,LR_8_features,8,1,Hispanic,Male,Less than 25,0,1
114,LR_8_features,8,1,Caucasian,Male,Less than 25,0,0
146,LR_8_features,8,1,Caucasian,Male,25 - 45,1,0
159,LR_8_features,8,1,Caucasian,Female,25 - 45,0,0
175,LR_8_features,8,1,Caucasian,Male,25 - 45,1,0
203,LR_8_features,8,1,African-American,Female,Less than 25,0,0
215,LR_8_features,8,1,African-American,Male,25 - 45,0,0
249,LR_8_features,8,1,Caucasian,Male,Greater than 45,1,0
252,LR_8_features,8,1,Caucasian,Male,25 - 45,0,0
258,LR_8_features,8,1,African-American,Female,25 - 45,0,1
259,LR_8_features,8,1,Hispanic,Male,Greater than 45,0,0
297,LR_8_features,8,1,African-American,Female,Less than 25,0,0
313,LR_8_features,8,1,Caucasian,Female,25 - 45,1,1
334,LR_8_features,8,1,African-American,Male,25 - 45,1,1
351,LR_8_features,8,1,Caucasian,Male,25 - 45,0,0
363,LR_8_features,8,1,Caucasian,Male,25 - 45,1,1
364,LR_8_features,8,1,African-American,Male,25 - 45,0,0
405,LR_8_features,8,1,Caucasian,Male,25 - 45,1,0
408,LR_8_features,8,1,Caucasian,Female,Less than 25,0,0
416,LR_8_features,8,1,African-American,Male,Greater than 45,1,0
417,LR_8_features,8,1,African-American,Male,25 - 45,0,0
428,LR_8_features,8,1,Caucasian,Male,Greater than 45,0,0
456,LR_8_features,8,1,Caucasian,Male,25 - 45,0,1
474,LR_8_features,8,1,Caucasian,Female,Greater than 45,0,0
478,LR_8_features,8,1,African-American,Male,25 - 45,0,1
484,LR_8_features,8,1,Caucasian,Male,25 - 45,0,1
495,LR_8_features,8,1,African-American,Female,25 - 45,0,0
517,LR_8_features,8,1,African-American,Male,Less than 25,0,1
540,LR_8_features,8,1,Caucasian,Female,Greater than 45,0,0
588,LR_8_features,8,1,African-American,Male,25 - 45,0,1
594,LR_8_features,8,1,Caucasian,Female,Greater than 45,0,0
604,LR_8_features,8,1,African-American,Male,Less than 25,1,0
611,LR_8_features,8,1,African-American,Male,Greater than 45,0,0
612,LR_8_features,8,1,African-American,Male,25 - 45,1,1
613,LR_8_features,8,1,Caucasian,Male,Greater than 45,1,0
627,LR_8_features,8,1,African-American,Male,Greater than 45,0,1
630,LR_8_features,8,1,Caucasian,Male,Less than 25,0,0
638,LR_8_features,8,1,African-American,Male,25 - 45,1,1
647,LR_8_features,8,1,Caucasian,Male,25 - 45,0,0
659,LR_8_features,8,1,Caucasian,Male,Less than 25,1,1
662,LR_8_features,8,1,Caucasian,Female,Less than 25,0,0
675,LR_8_features,8,1,Caucasian,Male,Greater than 45,0,0
679,LR_8_features,8,1,African-American,Male,25 - 45,0,0
680,LR_8_features,8,1,African-American,Male,25 - 45,0,1
692,LR_8_features,8,1,African-American,Male,25 - 45,1,1
708,LR_8_features,8,1,African-American,Male,Greater than 45,1,1
720,LR_8_features,8,1,Caucasian,Male,Greater than 45,0,0
721,LR_8_features,8,1,Hispanic,Male,Less than 25,0,0
726,LR_8_features,8,1,Caucasian,Male,25 - 45,1,1
765,LR_8_features,8,1,African-American,Male,Greater than 45,1,1
794,LR_8_features,8,1,African-American,Male,25 - 45,1,1
812,LR_8_features,8,1,African-American,Male,25 - 45,0,0
851,LR_8_features,8,1,Caucasian,Male,Greater than 45,0,0
869,LR_8_features,8,1,Caucasian,Male,25 - 45,0,1
870,LR_8_features,8,1,African-American,Female,25 - 45,1,1
880,LR_8_features,8,1,Hispanic,Male,Greater than 45,0,0
893,LR_8_features,8,1,Hispanic,Male,25 - 45,0,0
901,LR_8_features,8,1,African-American,Male,25 - 45,0,0
927,LR_8_features,8,1,Caucasian,Male,25 - 45,0,0
944,LR_8_features,8,1,African-American,Male,25 - 45,0,1
955,LR_8_features,8,1,African-American,Male,Greater than 45,1,1
975,LR_8_features,8,1,African-American,Male,Less than 25,0,1
978,LR_8_features,8,1,African-American,Male,25 - 45,0,0
988,LR_8_features,8,1,African-American,Female,25 - 45,0,1
1009,LR_8_features,8,1,Hispanic,Male,Greater than 45,0,0
1023,LR_8_features,8,1,Caucasian,Female,Greater than 45,0,0
1027,LR_8_features,8,1,African-American,Male,Less than 25,0,1
1031,LR_8_features,8,1,Caucasian,Female,25 - 45,1,1
1061,LR_8_features,8,1,African-American,Male,Greater than 45,0,0
1068,LR_8_features,8,1,Caucasian,Female,Greater than 45,1,0
1092,LR_8_features,8,1,Hispanic,Male,Less than 25,0,0
1109,LR_8_features,8,1,African-American,Male,Greater than 45,1,0
1123,LR_8_features,8,1,African-American,Male,Greater than 45,0,1
1129,LR_8_features,8,1,Other,Male,25 - 45,0,0
1146,LR_8_features,8,1,African-American,Male,25 - 45,1,1
1172,LR_8_features,8,1,African-American,Male,25 - 45,0,0
1179,LR_8_features,8,1,African-American,Male,25 - 45,0,1
1186,LR_8_features,8,1,Caucasian,Male,Less than 25,1,0
1187,LR_8_features,8,1,Caucasian,Male,Less than 25,1,1
1198,LR_8_features,8,1,Caucasian,Male,25 - 45,0,0
1200,LR_8_features,8,1,African-American,Male,Less than 25,1,0
1204,LR_8_features,8,1,Other,Female,Less than 25,0,0
1242,LR_8_features,8,1,Other,Female,25 - 45,1,0
1252,LR_8_features,8,1,Other,Male,25 - 45,0,0
1256,LR_8_features,8,1,African-American,Male,Greater than 45,1,1
1258,LR_8_features,8,1,African-American,Male,Greater than 45,1,1
1296,LR_8_features,8,1,Caucasian,Male,Greater than 45,0,0
1305,LR_8_features,8,1,African-American,Male,25 - 45,0,1
1313,LR_8_features,8,1,African-American,Male,25 - 45,1,0
1325,LR_8_features,8,1,African-American,Female,Greater than 45,0,0
1330,LR_8_features,8,1,Caucasian,Male,25 - 45,0,0
1332,LR_8_features,8,1,Other,Male,25 - 45,1,0
1348,LR_8_features,8,1,African-American,Female,25 - 45,0,0
1349,LR_8_features,8,1,Hispanic,Male,25 - 45,0,0
1370,LR_8_features,8,1,Caucasian,Female,Greater than 45,0,0
1379,LR_8_features,8,1,African-American,Male,Less than 25,1,1
1388,LR_8_features,8,1,Caucasian,Female,Greater than 45,1,0
1395,LR_8_features,8,1,African-American,Male,Less than 25,1,1
1422,LR_8_features,8,1,Hispanic,Female,25 - 45,1,0
1435,LR_8_features,8,1,African-American,Male,25 - 45,1,1
1447,LR_8_features,8,1,Caucasian,Male,25 - 45,0,0
1490,LR_8_features,8,1,African-American,Male,25 - 45,1,1
1501,LR_8_features,8,1,Caucasian,Male,25 - 45,0,0
1511,LR_8_features,8,1,African-American,Male,25 - 45,0,0
1515,LR_8_features,8,1,African-American,Male,Greater than 45,0,1
1534,LR_8_features,8,1,African-American,Male,25 - 45,0,1
1548,LR_8_features,8,1,African-American,Male,25 - 45,1,1
1568,LR_8_features,8,1,Other,Male,25 - 45,1,0
1569,LR_8_features,8,1,African-American,Female,25 - 45,1,1
1577,LR_8_features,8,1,African-American,Male,Greater than 45,0,0
1590,LR_8_features,8,1,African-American,Male,25 - 45,1,0
1599,LR_8_features,8,1,Caucasian,Female,25 - 45,0,0
1626,LR_8_features,8,1,African-American,Male,25 - 45,1,0
1667,LR_8_features,8,1,Caucasian,Male,Less than 25,1,0
1672,LR_8_features,8,1,African-American,Female,Less than 25,0,0
1709,LR_8_features,8,1,African-American,Male,25 - 45,1,1
1736,LR_8_features,8,1,African-American,Female,Less than 25,0,0
1760,LR_8_features,8,1,Caucasian,Male,25 - 45,1,1
1764,LR_8_features,8,1,Caucasian,Female,25 - 45,0,0
1786,LR_8_features,8,1,African-American,Male,25 - 45,0,1
1817,LR_8_features,8,1,African-American,Female,25 - 45,1,1
1841,LR_8_features,8,1,Caucasian,Female,25 - 45,0,0
1860,LR_8_features,8,1,Caucasian,Male,Less than 25,1,1
1862,LR_8_features,8,1,African-American,Male,25 - 45,1,0
1863,LR_8_features,8,1,African-American,Male,25 - 45,1,0
1865,LR_8_features,8,1,Caucasian,Male,25 - 45,0,0
1869,LR_8_features,8,1,Caucasian,Male,Greater than 45,0,0
1897,LR_8_features,8,1,Caucasian,Male,Less than 25,1,1
1909,LR_8_features,8,1,Caucasian,Male,Greater than 45,0,0
1919,LR_8_features,8,1,Caucasian,Female,25 - 45,1,0
1924,LR_8_features,8,1,African-American,Male,Less than 25,1,1
1927,LR_8_features,8,1,African-American,Male,25 - 45,1,1
1941,LR_8_features,8,1,African-American,Male,25 - 45,0,0
1972,LR_8_features,8,1,Caucasian,Male,Greater than 45,0,0
2048,LR_8_features,8,1,African-American,Male,Less than 25,1,1
2052,LR_8_features,8,1,Caucasian,Male,25 - 45,0,0
2053,LR_8_features,8,1,African-American,Male,Less than 25,0,0
2103,LR_8_features,8,1,African-American,Male,25 - 45,1,1
2110,LR_8_features,8,1,African-American,Male,Less than 25,0,1
2128,LR_8_features,8,1,African-American,Male,25 - 45,1,1
2148,LR_8_features,8,1,African-American,Female,25 - 45,1,1
2153,LR_8_features,8,1,African-American,Male,Less than 25,1,1
2176,LR_8_features,8,1,Caucasian,Male,25 - 45,1,0
2179,LR_8_features,8,1,African-American,Male,Greater than 45,0,0
2198,LR_8_features,8,1,Caucasian,Male,Greater than 45,0,0
2201,LR_8_features,8,1,Caucasian,Female,Greater than 45,0,0
2207,LR_8_features,8,1,African-American,Male,Greater than 45,1,1
2208,LR_8_features,8,1,African-American,Male,25 - 45,1,0
2231,LR_8_features,8,1,African-American,Male,Less than 25,1,1
2236,LR_8_features,8,1,African-American,Male,25 - 45,1,0
2245,LR_8_features,8,1,Caucasian,Female,Greater than 45,0,0
2261,LR_8_features,8,1,African-American,Female,Greater than 45,0,0
2322,LR_8_features,8,1,African-American,Male,25 - 45,0,1
2352,LR_8_features,8,1,African-American,Male,Greater than 45,0,0
2365,LR_8_features,8,1,Caucasian,Male,Greater than 45,0,0
2370,LR_8_features,8,1,African-American,Female,25 - 45,0,0
2387,LR_8_features,8,1,Caucasian,Male,Less than 25,1,0
2388,LR_8_features,8,1,Other,Male,25 - 45,0,0
2441,LR_8_features,8,1,Other,Male,25 - 45,0,0
2459,LR_8_features,8,1,African-American,Male,25 - 45,0,0
2465,LR_8_features,8,1,African-American,Male,25 - 45,0,0
2498,LR_8_features,8,1,Caucasian,Male,Greater than 45,0,0
2499,LR_8_features,8,1,Caucasian,Male,Greater than 45,1,0
2501,LR_8_features,8,1,African-American,Male,Less than 25,0,1
2516,LR_8_features,8,1,African-American,Male,Less than 25,0,1
2561,LR_8_features,8,1,Caucasian,Female,25 - 45,1,0
2606,LR_8_features,8,1,African-American,Male,25 - 45,0,1
2649,LR_8_features,8,1,Caucasian,Male,Greater than 45,0,0
2671,LR_8_features,8,1,African-American,Male,25 - 45,1,1
2708,LR_8_features,8,1,African-American,Male,25 - 45,0,1
2724,LR_8_features,8,1,Caucasian,Male,Greater than 45,1,0
2754,LR_8_features,8,1,Caucasian,Female,25 - 45,0,0
2802,LR_8_features,8,1,Caucasian,Male,25 - 45,0,0
2821,LR_8_features,8,1,Caucasian,Female,25 - 45,0,0
2841,LR_8_features,8,1,Caucasian,Male,Less than 25,0,1
2862,LR_8_features,8,1,African-American,Male,25 - 45,1,1
2863,LR_8_features,8,1,Other,Male,Less than 25,1,1
2870,LR_8_features,8,1,African-American,Male,Less than 25,1,1
2900,LR_8_features,8,1,African-American,Male,Less than 25,0,1
2931,LR_8_features,8,1,African-American,Male,25 - 45,0,0
2943,LR_8_features,8,1,Caucasian,Male,25 - 45,0,0
2951,LR_8_features,8,1,African-American,Male,25 - 45,0,0
2956,LR_8_features,8,1,Caucasian,Male,Greater than 45,0,1
2988,LR_8_features,8,1,Caucasian,Male,Greater than 45,0,0
3015,LR_8_features,8,1,Caucasian,Male,Greater than 45,1,0
3019,LR_8_features,8,1,Caucasian,Male,Greater than 45,1,0
3032,LR_8_features,8,1,African-American,Male,25 - 45,0,1
3107,LR_8_features,8,1,Caucasian,Male,Greater than 45,0,0
3110,LR_8_features,8,1,Caucasian,Male,Less than 25,1,0
3112,LR_8_features,8,1,African-American,Male,25 - 45,0,0
3114,LR_8_features,8,1,Asian,Male,25 - 45,1,0
3160,LR_8_features,8,1,African-American,Male,Less than 25,1,1
3170,LR_8_features,8,1,African-American,Female,25 - 45,1,0
3181,LR_8_features,8,1,Caucasian,Male,Less than 25,1,0
3183,LR_8_features,8,1,African-American,Male,25 - 45,1,0
3215,LR_8_features,8,1,Caucasian,Male,Greater than 45,0,0
3229,LR_8_features,8,1,Caucasian,Male,25 - 45,0,1
3285,LR_8_features,8,1,African-American,Male,Greater than 45,1,0
3291,LR_8_features,8,1,African-American,Male,25 - 45,1,1
3362,LR_8_features,8,1,African-American,Male,Less than 25,1,1
3376,LR_8_features,8,1,Other,Female,25 - 45,0,0
3383,LR_8_features,8,1,African-American,Male,Greater than 45,1,1
3395,LR_8_features,8,1,Other,Male,25 - 45,1,0
3396,LR_8_features,8,1,African-American,Male,Greater than 45,0,0
3404,LR_8_features,8,1,African-American,Male,Greater than 45,0,0
3408,LR_8_features,8,1,Caucasian,Female,Less than 25,1,0
3452,LR_8_features,8,1,African-American,Male,25 - 45,0,0
3458,LR_8_features,8,1,Caucasian,Male,25 - 45,0,0
3470,LR_8_features,8,1,African-American,Male,Less than 25,1,1
3480,LR_8_features,8,1,African-American,Male,Greater than 45,0,0
3481,LR_8_features,8,1,African-American,Female,25 - 45,1,0
3499,LR_8_features,8,1,African-American,Female,25 - 45,1,1
3597,LR_8_features,8,1,Caucasian,Male,Less than 25,1,1
3655,LR_8_features,8,1,African-American,Male,Greater than 45,0,0
3697,LR_8_features,8,1,Caucasian,Male,Greater than 45,0,0
3757,LR_8_features,8,1,Caucasian,Male,25 - 45,1,0
3782,LR_8_features,8,1,African-American,Male,25 - 45,1,1
3809,LR_8_features,8,1,Caucasian,Male,25 - 45,1,1
3830,LR_8_features,8,1,African-American,Female,25 - 45,0,0
3839,LR_8_features,8,1,African-American,Male,Greater than 45,1,0
3843,LR_8_features,8,1,Hispanic,Female,Greater than 45,1,0
3897,LR_8_features,8,1,Caucasian,Male,25 - 45,1,0
3907,LR_8_features,8,1,Hispanic,Male,Greater than 45,0,0
3918,LR_8_features,8,1,African-American,Male,25 - 45,1,1
3939,LR_8_features,8,1,African-American,Male,25 - 45,1,1
3994,LR_8_features,8,1,Hispanic,Male,25 - 45,0,0
3995,LR_8_features,8,1,African-American,Male,Less than 25,1,1
4020,LR_8_features,8,1,Other,Male,25 - 45,1,0
4049,LR_8_features,8,1,Caucasian,Male,Less than 25,1,1
4062,LR_8_features,8,1,Caucasian,Male,25 - 45,0,0
4084,LR_8_features,8,1,African-American,Male,25 - 45,0,1
4125,LR_8_features,8,1,African-American,Female,25 - 45,0,0
4137,LR_8_features,8,1,Caucasian,Male,Less than 25,1,1
4159,LR_8_features,8,1,Caucasian,Male,25 - 45,1,0
4195,LR_8_features,8,1,African-American,Female,25 - 45,1,0
4196,LR_8_features,8,1,African-American,Female,25 - 45,0,0
4226,LR_8_features,8,1,Caucasian,Male,25 - 45,1,1
4319,LR_8_features,8,1,Caucasian,Male,Greater than 45,0,0
4323,LR_8_features,8,1,African-American,Male,Less than 25,1,0
4337,LR_8_features,8,1,Caucasian,Male,25 - 45,0,0
4360,LR_8_features,8,1,Caucasian,Male,Greater than 45,0,0
4377,LR_8_features,8,1,African-American,Male,Less than 25,1,1
4378,LR_8_features,8,1,Caucasian,Male,25 - 45,1,1
4391,LR_8_features,8,1,African-American,Male,25 - 45,0,1
4400,LR_8_features,8,1,Caucasian,Male,Greater than 45,0,0
4421,LR_8_features,8,1,African-American,Female,Greater than 45,1,0
4434,LR_8_features,8,1,Caucasian,Male,25 - 45,1,1
4437,LR_8_features,8,1,Caucasian,Male,Greater than 45,0,0
4464,LR_8_features,8,1,African-American,Male,25 - 45,0,0
4471,LR_8_features,8,1,Caucasian,Male,25 - 45,0,0
4483,LR_8_features,8,1,African-American,Male,25 - 45,1,1
4491,LR_8_features,8,1,African-American,Male,25 - 45,1,1
4508,LR_8_features,8,1,African-American,Female,25 - 45,0,1
4510,LR_8_features,8,1,Caucasian,Male,Greater than 45,0,0
4568,LR_8_features,8,1,Caucasian,Male,Less than 25,1,0
4579,LR_8_features,8,1,African-American,Male,Greater than 45,1,0
4582,LR_8_features,8,1,African-American,Female,Greater than 45,0,0
4598,LR_8_features,8,1,African-American,Male,25 - 45,0,1
4609,LR_8_features,8,1,Caucasian,Male,Greater than 45,0,0
4617,LR_8_features,8,1,Caucasian,Male,25 - 45,1,0
4628,LR_8_features,8,1,Caucasian,Male,25 - 45,0,0
4658,LR_8_features,8,1,African-American,Male,25 - 45,0,1
4696,LR_8_features,8,1,Hispanic,Male,Greater than 45,0,0
4715,LR_8_features,8,1,African-American,Male,25 - 45,1,1
4730,LR_8_features,8,1,Caucasian,Male,Less than 25,1,1
4735,LR_8_features,8,1,African-American,Male,Less than 25,0,0
4775,LR_8_features,8,1,Caucasian,Male,25 - 45,1,0
4776,LR_8_features,8,1,African-American,Male,25 - 45,1,0
4780,LR_8_features,8,1,Caucasian,Male,Less than 25,0,1
4815,LR_8_features,8,1,African-American,Female,25 - 45,0,0
4828,LR_8_features,8,1,Caucasian,Male,25 - 45,0,1
4872,LR_8_features,8,1,African-American,Female,25 - 45,0,0
4893,LR_8_features,8,1,African-American,Male,25 - 45,0,0
4894,LR_8_features,8,1,Other,Female,25 - 45,0,0
4897,LR_8_features,8,1,Caucasian,Male,25 - 45,1,1
4904,LR_8_features,8,1,Other,Male,Greater than 45,0,0
4932,LR_8_features,8,1,African-American,Male,Greater than 45,1,0
4934,LR_8_features,8,1,Caucasian,Male,25 - 45,0,0
4949,LR_8_features,8,1,Caucasian,Male,Greater than 45,0,0
4990,LR_8_features,8,1,Caucasian,Male,Less than 25,1,1
5052,LR_8_features,8,1,Caucasian,Male,25 - 45,0,0
5071,LR_8_features,8,1,African-American,Male,25 - 45,0,1
5086,LR_8_features,8,1,Caucasian,Male,Greater than 45,0,0
5103,LR_8_features,8,1,Hispanic,Male,25 - 45,0,1
5120,LR_8_features,8,1,African-American,Female,Greater than 45,0,0
5121,LR_8_features,8,1,African-American,Male,25 - 45,0,0
5143,LR_8_features,8,1,Caucasian,Female,Less than 25,0,0
5153,LR_8_features,8,1,African-American,Male,25 - 45,1,1
5155,LR_8_features,8,1,African-American,Male,25 - 45,1,1
5194,LR_8_features,8,1,African-American,Male,Greater than 45,0,0
5207,LR_8_features,8,1,Caucasian,Female,25 - 45,1,0
5231,LR_8_features,8,1,Hispanic,Male,25 - 45,1,0
5266,LR_8_features,8,1,Caucasian,Male,Greater than 45,0,0
5270,LR_8_features,8,1,African-American,Male,25 - 45,0,0
5271,LR_8_features,8,1,Caucasian,Female,25 - 45,1,0
5282,LR_8_features,8,1,Caucasian,Male,25 - 45,1,0
5335,LR_8_features,8,1,Caucasian,Male,Greater than 45,0,0
5379,LR_8_features,8,1,African-American,Male,25 - 45,0,1
5383,LR_8_features,8,1,African-American,Female,Less than 25,1,0
5387,LR_8_features,8,1,African-American,Male,25 - 45,1,0
5390,LR_8_features,8,1,African-American,Male,Less than 25,1,1
5405,LR_8_features,8,1,African-American,Male,25 - 45,0,0
5430,LR_8_features,8,1,African-American,Male,Less than 25,1,1
5447,LR_8_features,8,1,African-American,Male,25 - 45,1,1
5453,LR_8_features,8,1,African-American,Female,Less than 25,1,1
5473,LR_8_features,8,1,African-American,Male,Less than 25,0,1
5476,LR_8_features,8,1,Other,Male,Less than 25,1,0
5477,LR_8_features,8,1,Caucasian,Male,25 - 45,0,0
5482,LR_8_features,8,1,Other,Male,25 - 45,1,1
5501,LR_8_features,8,1,African-American,Male,25 - 45,1,1
5517,LR_8_features,8,1,Other,Male,25 - 45,0,0
5539,LR_8_features,8,1,African-American,Male,25 - 45,1,1
5550,LR_8_features,8,1,African-American,Male,Less than 25,1,1
5567,LR_8_features,8,1,African-American,Female,25 - 45,0,0
5634,LR_8_features,8,1,Caucasian,Male,25 - 45,0,0
5635,LR_8_features,8,1,Caucasian,Female,Greater than 45,0,0
5652,LR_8_features,8,1,African-American,Female,25 - 45,1,0
5665,LR_8_features,8,1,Caucasian,Female,Greater than 45,0,0
5686,LR_8_features,8,1,Caucasian,Female,Greater than 45,0,0
5687,LR_8_features,8,1,Caucasian,Male,25 - 45,1,0
5717,LR_8_features,8,1,African-American,Male,25 - 45,1,0
5773,LR_8_features,8,1,African-American,Male,25 - 45,0,0
5820,LR_8_features,8,1,Caucasian,Male,Less than 25,1,1
5827,LR_8_features,8,1,African-American,Male,Less than 25,1,1
5852,LR_8_features,8,1,African-American,Female,Greater than 45,0,0
5854,LR_8_features,8,1,African-American,Male,25 - 45,0,0
5923,LR_8_features,8,1,Caucasian,Male,25 - 45,0,0
5994,LR_8_features,8,1,African-American,Female,Less than 25,1,0
6019,LR_8_features,8,1,Caucasian,Male,25 - 45,1,1
6030,LR_8_features,8,1,African-American,Male,Greater than 45,0,1
6051,LR_8_features,8,1,African-American,Male,Less than 25,0,0
6065,LR_8_features,8,1,African-American,Male,Greater than 45,0,1
6067,LR_8_features,8,1,African-American,Male,25 - 45,1,1
6094,LR_8_features,8,1,Caucasian,Male,25 - 45,1,1
6108,LR_8_features,8,1,African-American,Male,25 - 45,1,0
6114,LR_8_features,8,1,Caucasian,Female,25 - 45,0,0
6116,LR_8_features,8,1,African-American,Male,25 - 45,1,1
6137,LR_8_features,8,1,Caucasian,Male,Greater than 45,0,0
6150,LR_8_features,8,1,Caucasian,Male,25 - 45,0,0
6166,LR_8_features,8,1,Caucasian,Male,Less than 25,1,0
6179,LR_8_features,8,1,Caucasian,Male,25 - 45,1,0
6182,LR_8_features,8,1,African-American,Male,25 - 45,0,0
6193,LR_8_features,8,1,African-American,Male,25 - 45,0,0
6202,LR_8_features,8,1,Hispanic,Male,25 - 45,1,0
6203,LR_8_features,8,1,African-American,Male,25 - 45,0,0
6260,LR_8_features,8,1,Caucasian,Male,25 - 45,1,0
6319,LR_8_features,8,1,African-American,Male,Less than 25,1,1
6339,LR_8_features,8,1,African-American,Male,Greater than 45,1,1
6347,LR_8_features,8,1,African-American,Male,Less than 25,1,1
6361,LR_8_features,8,1,African-American,Male,Less than 25,0,1
6365,LR_8_features,8,1,African-American,Male,Greater than 45,1,1
6376,LR_8_features,8,1,African-American,Male,Greater than 45,0,0
6379,LR_8_features,8,1,Caucasian,Male,Less than 25,0,1
6396,LR_8_features,8,1,Caucasian,Male,Greater than 45,0,0
6400,LR_8_features,8,1,African-American,Male,25 - 45,1,0
6409,LR_8_features,8,1,African-American,Male,25 - 45,1,0
6424,LR_8_features,8,1,Hispanic,Male,Greater than 45,0,0
6441,LR_8_features,8,1,African-American,Male,25 - 45,0,1
6450,LR_8_features,8,1,African-American,Male,25 - 45,0,0
6470,LR_8_features,8,1,African-American,Female,Less than 25,1,0
6497,LR_8_features,8,1,African-American,Male,25 - 45,1,1
6500,LR_8_features,8,1,Caucasian,Female,Less than 25,0,0
6514,LR_8_features,8,1,Caucasian,Male,25 - 45,0,1
6534,LR_8_features,8,1,African-American,Female,25 - 45,0,1
6588,LR_8_features,8,1,African-American,Male,Less than 25,0,1
6600,LR_8_features,8,1,Hispanic,Male,25 - 45,1,0
6606,LR_8_features,8,1,African-American,Male,25 - 45,0,0
6667,LR_8_features,8,1,African-American,Female,Less than 25,0,0
6671,LR_8_features,8,1,Caucasian,Female,Less than 25,1,0
6688,LR_8_features,8,1,Caucasian,Male,25 - 45,0,0
6690,LR_8_features,8,1,African-American,Male,25 - 45,1,1
6730,LR_8_features,8,1,African-American,Female,25 - 45,0,0
6754,LR_8_features,8,1,Hispanic,Female,Less than 25,0,0
6755,LR_8_features,8,1,African-American,Female,Less than 25,1,0
6763,LR_8_features,8,1,Caucasian,Female,25 - 45,0,0
6769,LR_8_features,8,1,Caucasian,Female,25 - 45,0,0
6820,LR_8_features,8,1,African-American,Male,25 - 45,0,1
6836,LR_8_features,8,1,Caucasian,Male,Less than 25,1,0
6862,LR_8_features,8,1,African-American,Male,25 - 45,0,1
6863,LR_8_features,8,1,African-American,Male,25 - 45,0,0
6878,LR_8_features,8,1,Caucasian,Male,Greater than 45,1,0
6889,LR_8_features,8,1,Caucasian,Male,25 - 45,1,0
6906,LR_8_features,8,1,Hispanic,Female,25 - 45,0,0
6947,LR_8_features,8,1,African-American,Female,25 - 45,1,1
6971,LR_8_features,8,1,African-American,Male,25 - 45,1,1
6983,LR_8_features,8,1,African-American,Male,Greater than 45,0,0
7006,LR_8_features,8,1,Caucasian,Female,25 - 45,1,0
7084,LR_8_features,8,1,Caucasian,Female,Less than 25,0,0
7109,LR_8_features,8,1,Caucasian,Male,Greater than 45,0,0
7126,LR_8_features,8,1,Caucasian,Female,Greater than 45,0,0
7127,LR_8_features,8,1,Other,Male,25 - 45,0,0
7131,LR_8_features,8,1,African-American,Male,25 - 45,1,1
7149,LR_8_features,8,1,Caucasian,Male,Less than 25,0,1
7159,LR_8_features,8,1,Hispanic,Male,25 - 45,0,0
7162,LR_8_features,8,1,African-American,Male,Greater than 45,1,0
7186,LR_8_features,8,1,Caucasian,Female,25 - 45,0,0
7211,LR_8_features,8,1,African-American,Male,25 - 45,1,1
7214,LR_8_features,8,1,African-American,Female,25 - 45,1,1
7231,LR_8_features,8,1,African-American,Male,25 - 45,0,0
7252,LR_8_features,8,1,African-American,Female,25 - 45,1,1
7254,LR_8_features,8,1,Caucasian,Male,Less than 25,1,1
7255,LR_8_features,8,1,African-American,Male,25 - 45,1,1
7265,LR_8_features,8,1,African-American,Male,Greater than 45,0,1
7275,LR_8_features,8,1,Caucasian,Female,25 - 45,0,0
7327,LR_8_features,8,1,African-American,Male,25 - 45,0,0
7335,LR_8_features,8,1,African-American,Male,Less than 25,1,1
7341,LR_8_features,8,1,African-American,Male,25 - 45,1,0
7380,LR_8_features,8,1,African-American,Male,25 - 45,1,0
7440,LR_8_features,8,1,African-American,Male,25 - 45,0,1
7487,LR_8_features,8,1,Caucasian,Male,25 - 45,0,0
7503,LR_8_features,8,1,African-American,Male,25 - 45,0,1
7508,LR_8_features,8,1,Hispanic,Male,25 - 45,0,0
7522,LR_8_features,8,1,African-American,Male,25 - 45,1,1
7526,LR_8_features,8,1,Caucasian,Male,Less than 25,1,0
7534,LR_8_features,8,1,Caucasian,Male,25 - 45,1,0
7560,LR_8_features,8,1,Caucasian,Male,25 - 45,1,1
7591,LR_8_features,8,1,African-American,Male,Less than 25,1,1
7661,LR_8_features,8,1,Caucasian,Female,Greater than 45,1,1
7667,LR_8_features,8,1,Caucasian,Male,25 - 45,0,0
7668,LR_8_features,8,1,Hispanic,Male,Greater than 45,0,0
7700,LR_8_features,8,1,African-American,Male,25 - 45,1,1
7711,LR_8_features,8,1,African-American,Male,Less than 25,0,1
7733,LR_8_features,8,1,African-American,Male,25 - 45,1,0
7734,LR_8_features,8,1,African-American,Male,25 - 45,1,0
7753,LR_8_features,8,1,African-American,Male,Greater than 45,0,0
7762,LR_8_features,8,1,Caucasian,Male,25 - 45,1,0
7792,LR_8_features,8,1,African-American,Female,25 - 45,0,1
7793,LR_8_features,8,1,Hispanic,Male,Less than 25,1,0
7807,LR_8_features,8,1,Caucasian,Male,25 - 45,1,1
7808,LR_8_features,8,1,African-American,Male,25 - 45,1,0
7821,LR_8_features,8,1,Caucasian,Male,25 - 45,0,0
7832,LR_8_features,8,1,African-American,Male,25 - 45,1,1
7843,LR_8_features,8,1,Caucasian,Male,25 - 45,0,0
7846,LR_8_features,8,1,Hispanic,Male,25 - 45,1,1
7868,LR_8_features,8,1,African-American,Female,25 - 45,0,0
7881,LR_8_features,8,1,African-American,Male,25 - 45,0,0
7889,LR_8_features,8,1,Caucasian,Male,25 - 45,1,0
7913,LR_8_features,8,1,African-American,Male,25 - 45,0,1
7922,LR_8_features,8,1,African-American,Male,25 - 45,0,1
7932,LR_8_features,8,1,African-American,Male,25 - 45,0,0
7935,LR_8_features,8,1,Other,Male,25 - 45,0,0
7945,LR_8_features,8,1,Caucasian,Male,25 - 45,0,1
7949,LR_8_features,8,1,Caucasian,Female,25 - 45,0,0
7958,LR_8_features,8,1,Caucasian,Male,Greater than 45,0,0
8028,LR_8_features,8,1,Caucasian,Female,Less than 25,1,0
8038,LR_8_features,8,1,African-American,Female,Greater than 45,0,0
8048,LR_8_features,8,1,Caucasian,Male,25 - 45,0,0
8049,LR_8_features,8,1,Caucasian,Male,25 - 45,0,0
8060,LR_8_features,8,1,Caucasian,Male,Greater than 45,0,0
8085,LR_8_features,8,1,African-American,Male,Less than 25,1,1
8091,LR_8_features,8,1,African-American,Male,25 - 45,1,0
8129,LR_8_features,8,1,African-American,Male,25 - 45,1,1
8148,LR_8_features,8,1,Caucasian,Male,Greater than 45,0,0
8154,LR_8_features,8,1,African-American,Male,Less than 25,0,0
8157,LR_8_features,8,1,Caucasian,Male,25 - 45,0,0
8188,LR_8_features,8,1,Caucasian,Male,25 - 45,0,1
8189,LR_8_features,8,1,Caucasian,Male,Greater than 45,0,0
8190,LR_8_features,8,1,Other,Male,25 - 45,1,1
8191,LR_8_features,8,1,African-American,Male,Less than 25,0,1
8203,LR_8_features,8,1,African-American,Male,25 - 45,1,1
8247,LR_8_features,8,1,African-American,Male,Less than 25,0,1
8254,LR_8_features,8,1,Asian,Female,25 - 45,0,0
8265,LR_8_features,8,1,African-American,Male,25 - 45,0,0
8284,LR_8_features,8,1,African-American,Male,25 - 45,1,1
8304,LR_8_features,8,1,Caucasian,Female,25 - 45,0,1
8306,LR_8_features,8,1,African-American,Male,25 - 45,1,1
8309,LR_8_features,8,1,African-American,Male,25 - 45,0,1
8314,LR_8_features,8,1,African-American,Male,25 - 45,0,1
8349,LR_8_features,8,1,African-American,Male,25 - 45,0,0
8350,LR_8_features,8,1,African-American,Male,Less than 25,1,1
8360,LR_8_features,8,1,African-American,Male,25 - 45,1,1
8379,LR_8_features,8,1,Asian,Male,Greater than 45,0,0
8381,LR_8_features,8,1,African-American,Male,25 - 45,0,0
8406,LR_8_features,8,1,Caucasian,Male,25 - 45,1,1
8436,LR_8_features,8,1,Other,Male,Less than 25,1,0
8447,LR_8_features,8,1,Other,Male,25 - 45,1,1
8458,LR_8_features,8,1,Caucasian,Male,Greater than 45,0,0
8465,LR_8_features,8,1,African-American,Male,Less than 25,0,1
8472,LR_8_features,8,1,African-American,Male,25 - 45,1,1
8483,LR_8_features,8,1,African-American,Female,25 - 45,0,0
8500,LR_8_features,8,1,African-American,Male,Less than 25,1,1
8546,LR_8_features,8,1,Caucasian,Male,Less than 25,0,1
8610,LR_8_features,8,1,Caucasian,Male,Greater than 45,0,0
8619,LR_8_features,8,1,Caucasian,Male,25 - 45,0,0
8638,LR_8_features,8,1,African-American,Male,25 - 45,1,1
8641,LR_8_features,8,1,Caucasian,Male,Greater than 45,0,0
8650,LR_8_features,8,1,Hispanic,Male,25 - 45,0,0
8655,LR_8_features,8,1,Caucasian,Male,Greater than 45,1,0
8679,LR_8_features,8,1,African-American,Male,25 - 45,0,1
8700,LR_8_features,8,1,African-American,Male,25 - 45,1,1
8701,LR_8_features,8,1,African-American,Male,25 - 45,1,0
8705,LR_8_features,8,1,African-American,Female,Less than 25,1,1
8742,LR_8_features,8,1,Caucasian,Female,25 - 45,1,0
8757,LR_8_features,8,1,Caucasian,Male,Less than 25,0,1
8760,LR_8_features,8,1,African-American,Female,25 - 45,1,1
8774,LR_8_features,8,1,Caucasian,Male,25 - 45,0,0
8781,LR_8_features,8,1,Caucasian,Male,25 - 45,1,0
8823,LR_8_features,8,1,Hispanic,Male,25 - 45,1,1
8831,LR_8_features,8,1,Hispanic,Male,Greater than 45,0,0
8835,LR_8_features,8,1,African-American,Male,25 - 45,0,1
8845,LR_8_features,8,1,Other,Male,Less than 25,0,0
8866,LR_8_features,8,1,Hispanic,Female,25 - 45,0,0
8871,LR_8_features,8,1,African-American,Male,Less than 25,1,1
8882,LR_8_features,8,1,African-American,Male,Less than 25,1,1
8906,LR_8_features,8,1,Caucasian,Male,Less than 25,1,1
8954,LR_8_features,8,1,Caucasian,Male,Greater than 45,0,0
8970,LR_8_features,8,1,Caucasian,Male,Greater than 45,1,0
9010,LR_8_features,8,1,African-American,Male,25 - 45,0,0
9030,LR_8_features,8,1,Hispanic,Male,Less than 25,0,0
9031,LR_8_features,8,1,African-American,Male,25 - 45,1,1
9032,LR_8_features,8,1,African-American,Male,25 - 45,0,0
9034,LR_8_features,8,1,African-American,Male,25 - 45,1,0
9054,LR_8_features,8,1,African-American,Male,25 - 45,1,1
9072,LR_8_features,8,1,African-American,Male,25 - 45,1,0
9080,LR_8_features,8,1,Caucasian,Male,25 - 45,1,0
9085,LR_8_features,8,1,Caucasian,Male,25 - 45,0,1
9094,LR_8_features,8,1,African-American,Male,Less than 25,1,1
9102,LR_8_features,8,1,African-American,Male,Less than 25,1,1
9110,LR_8_features,8,1,African-American,Male,Greater than 45,1,0
9170,LR_8_features,8,1,Caucasian,Male,Greater than 45,0,0
9185,LR_8_features,8,1,African-American,Male,Greater than 45,1,1
9186,LR_8_features,8,1,African-American,Male,25 - 45,0,1
9208,LR_8_features,8,1,African-American,Male,25 - 45,1,1
9215,LR_8_features,8,1,Caucasian,Male,Less than 25,0,0
9219,LR_8_features,8,1,African-American,Male,25 - 45,0,1
9244,LR_8_features,8,1,African-American,Male,Less than 25,1,1
9258,LR_8_features,8,1,Caucasian,Male,Greater than 45,0,0
9293,LR_8_features,8,1,African-American,Male,25 - 45,1,1
9339,LR_8_features,8,1,Caucasian,Male,25 - 45,1,0
9354,LR_8_features,8,1,Caucasian,Male,Less than 25,0,0
9358,LR_8_features,8,1,African-American,Male,25 - 45,1,1
9385,LR_8_features,8,1,Other,Male,Greater than 45,1,0
9398,LR_8_features,8,1,African-American,Male,Less than 25,1,1
9433,LR_8_features,8,1,African-American,Female,25 - 45,0,0
9459,LR_8_features,8,1,Other,Male,Less than 25,0,0
9476,LR_8_features,8,1,African-American,Female,25 - 45,0,0
9492,LR_8_features,8,1,African-American,Male,25 - 45,0,1
9513,LR_8_features,8,1,African-American,Male,25 - 45,0,0
9557,LR_8_features,8,1,African-American,Female,25 - 45,0,0
9618,LR_8_features,8,1,Caucasian,Male,25 - 45,0,1
9624,LR_8_features,8,1,African-American,Male,25 - 45,0,0
9625,LR_8_features,8,1,Other,Male,25 - 45,1,0
9636,LR_8_features,8,1,African-American,Male,25 - 45,1,1
9651,LR_8_features,8,1,Hispanic,Male,25 - 45,0,0
9662,LR_8_features,8,1,Caucasian,Male,Greater than 45,0,0
9681,LR_8_features,8,1,African-American,Male,Less than 25,1,1
9691,LR_8_features,8,1,African-American,Male,25 - 45,0,1
9708,LR_8_features,8,1,African-American,Male,25 - 45,1,1
9709,LR_8_features,8,1,African-American,Female,Less than 25,0,0
9710,LR_8_features,8,1,African-American,Male,25 - 45,1,1
9725,LR_8_features,8,1,Other,Male,Greater than 45,0,0
9730,LR_8_features,8,1,Caucasian,Male,25 - 45,0,0
9758,LR_8_features,8,1,Caucasian,Male,25 - 45,1,1
9778,LR_8_features,8,1,African-American,Male,25 - 45,0,0
9786,LR_8_features,8,1,African-American,Male,25 - 45,1,1
9823,LR_8_features,8,1,African-American,Male,Greater than 45,0,1
9831,LR_8_features,8,1,Hispanic,Male,25 - 45,1,0
9872,LR_8_features,8,1,African-American,Male,Greater than 45,1,0
9894,LR_8_features,8,1,Caucasian,Female,25 - 45,1,1
9918,LR_8_features,8,1,Caucasian,Male,25 - 45,0,0
9944,LR_8_features,8,1,Caucasian,Male,25 - 45,1,0
9955,LR_8_features,8,1,African-American,Male,25 - 45,0,0
9963,LR_8_features,8,1,African-American,Female,Less than 25,0,1
9965,LR_8_features,8,1,Caucasian,Male,Less than 25,0,1
10071,LR_8_features,8,1,Hispanic,Female,25 - 45,0,0
10087,LR_8_features,8,1,Caucasian,Male,Greater than 45,1,0
10163,LR_8_features,8,1,African-American,Male,Less than 25,0,1
10174,LR_8_features,8,1,Caucasian,Male,25 - 45,1,0
10176,LR_8_features,8,1,African-American,Male,25 - 45,1,1
10198,LR_8_features,8,1,Other,Male,25 - 45,0,0
10219,LR_8_features,8,1,Caucasian,Female,Less than 25,1,0
10223,LR_8_features,8,1,African-American,Male,25 - 45,0,0
10228,LR_8_features,8,1,Caucasian,Male,Greater than 45,0,0
10233,LR_8_features,8,1,African-American,Male,Less than 25,0,1
10235,LR_8_features,8,1,African-American,Male,Less than 25,0,1
10274,LR_8_features,8,1,African-American,Male,25 - 45,1,0
10277,LR_8_features,8,1,African-American,Male,25 - 45,0,1
10333,LR_8_features,8,1,Other,Male,25 - 45,0,0
10390,LR_8_features,8,1,Caucasian,Male,25 - 45,1,1
10419,LR_8_features,8,1,Hispanic,Male,25 - 45,1,1
10444,LR_8_features,8,1,African-American,Male,25 - 45,0,1
10448,LR_8_features,8,1,African-American,Male,Greater than 45,1,1
10467,LR_8_features,8,1,Caucasian,Male,Greater than 45,0,0
10536,LR_8_features,8,1,African-American,Male,25 - 45,1,1
10552,LR_8_features,8,1,Caucasian,Female,Greater than 45,0,0
10572,LR_8_features,8,1,African-American,Male,25 - 45,1,1
10607,LR_8_features,8,1,Caucasian,Female,Less than 25,1,0
10608,LR_8_features,8,1,Caucasian,Male,25 - 45,1,0
10619,LR_8_features,8,1,African-American,Male,Less than 25,1,0
10629,LR_8_features,8,1,Caucasian,Female,25 - 45,1,0
10643,LR_8_features,8,1,African-American,Male,Less than 25,0,0
10659,LR_8_features,8,1,African-American,Male,25 - 45,1,1
10664,LR_8_features,8,1,African-American,Male,Less than 25,1,1
10665,LR_8_features,8,1,African-American,Male,Greater than 45,1,1
10678,LR_8_features,8,1,Hispanic,Male,25 - 45,1,1
10680,LR_8_features,8,1,African-American,Male,Less than 25,1,1
10699,LR_8_features,8,1,African-American,Male,Greater than 45,1,1
10718,LR_8_features,8,1,Other,Male,Less than 25,0,0
10719,LR_8_features,8,1,African-American,Male,25 - 45,0,0
10761,LR_8_features,8,1,African-American,Male,Less than 25,1,1
10769,LR_8_features,8,1,Caucasian,Male,Greater than 45,0,0
10774,LR_8_features,8,1,African-American,Male,Greater than 45,1,1
10806,LR_8_features,8,1,African-American,Male,Less than 25,1,1
10827,LR_8_features,8,1,Caucasian,Male,25 - 45,0,0
10897,LR_8_features,8,1,Caucasian,Male,25 - 45,0,1
10913,LR_8_features,8,1,African-American,Male,Less than 25,1,1
10932,LR_8_features,8,1,African-American,Male,25 - 45,0,1
10962,LR_8_features,8,1,Caucasian,Female,25 - 45,1,0
10964,LR_8_features,8,1,African-American,Male,25 - 45,0,1
10980,LR_8_features,8,1,African-American,Male,25 - 45,0,0
24,LR_8_features,8,2,Caucasian,Male,25 - 45,1,1
26,LR_8_features,8,2,African-American,Male,Less than 25,1,1
59,LR_8_features,8,2,Caucasian,Male,25 - 45,1,0
68,LR_8_features,8,2,Caucasian,Male,Greater than 45,0,0
107,LR_8_features,8,2,African-American,Male,25 - 45,1,1
115,LR_8_features,8,2,African-American,Female,25 - 45,1,0
197,LR_8_features,8,2,Caucasian,Male,25 - 45,0,0
206,LR_8_features,8,2,Caucasian,Female,25 - 45,1,1
208,LR_8_features,8,2,Caucasian,Male,25 - 45,1,0
213,LR_8_features,8,2,Caucasian,Male,25 - 45,1,0
244,LR_8_features,8,2,Caucasian,Female,25 - 45,1,0
287,LR_8_features,8,2,African-American,Male,25 - 45,1,0
310,LR_8_features,8,2,African-American,Female,25 - 45,0,0
326,LR_8_features,8,2,Caucasian,Female,Greater than 45,1,0
361,LR_8_features,8,2,Caucasian,Male,Greater than 45,0,0
362,LR_8_features,8,2,African-American,Male,25 - 45,1,1
385,LR_8_features,8,2,African-American,Male,Less than 25,1,1
399,LR_8_features,8,2,African-American,Female,Greater than 45,0,0
404,LR_8_features,8,2,Caucasian,Male,25 - 45,0,0
451,LR_8_features,8,2,African-American,Male,Less than 25,1,1
475,LR_8_features,8,2,Caucasian,Male,Greater than 45,0,0
480,LR_8_features,8,2,African-American,Male,Less than 25,1,1
497,LR_8_features,8,2,Hispanic,Female,Less than 25,0,0
501,LR_8_features,8,2,Caucasian,Male,25 - 45,0,0
546,LR_8_features,8,2,Hispanic,Male,25 - 45,0,0
572,LR_8_features,8,2,African-American,Male,25 - 45,0,0
581,LR_8_features,8,2,African-American,Male,25 - 45,1,1
586,LR_8_features,8,2,African-American,Male,Greater than 45,0,0
600,LR_8_features,8,2,Hispanic,Female,25 - 45,0,0
646,LR_8_features,8,2,Hispanic,Male,Greater than 45,1,0
648,LR_8_features,8,2,African-American,Male,Greater than 45,1,0
649,LR_8_features,8,2,Caucasian,Male,25 - 45,0,0
651,LR_8_features,8,2,African-American,Male,25 - 45,0,1
657,LR_8_features,8,2,African-American,Female,Less than 25,1,1
660,LR_8_features,8,2,Caucasian,Male,25 - 45,0,0
686,LR_8_features,8,2,Caucasian,Male,25 - 45,1,0
700,LR_8_features,8,2,African-American,Male,25 - 45,1,1
707,LR_8_features,8,2,African-American,Male,Less than 25,0,1
737,LR_8_features,8,2,Caucasian,Female,Less than 25,1,1
763,LR_8_features,8,2,Hispanic,Male,25 - 45,1,1
781,LR_8_features,8,2,Other,Male,Greater than 45,0,1
806,LR_8_features,8,2,Caucasian,Male,Less than 25,0,0
813,LR_8_features,8,2,African-American,Male,25 - 45,1,1
817,LR_8_features,8,2,Other,Male,25 - 45,0,0
823,LR_8_features,8,2,African-American,Male,25 - 45,1,1
841,LR_8_features,8,2,Caucasian,Male,Less than 25,0,1
858,LR_8_features,8,2,African-American,Female,25 - 45,0,0
861,LR_8_features,8,2,Caucasian,Male,25 - 45,1,1
867,LR_8_features,8,2,African-American,Male,25 - 45,1,1
871,LR_8_features,8,2,Caucasian,Male,25 - 45,0,0
890,LR_8_features,8,2,Other,Male,25 - 45,1,0
913,LR_8_features,8,2,African-American,Male,25 - 45,1,0
916,LR_8_features,8,2,African-American,Male,25 - 45,0,0
924,LR_8_features,8,2,Caucasian,Female,Greater than 45,0,0
935,LR_8_features,8,2,Caucasian,Male,Greater than 45,0,0
947,LR_8_features,8,2,Caucasian,Female,Less than 25,0,1
958,LR_8_features,8,2,Hispanic,Male,25 - 45,0,0
968,LR_8_features,8,2,Caucasian,Female,25 - 45,1,0
990,LR_8_features,8,2,Caucasian,Female,Greater than 45,0,0
1007,LR_8_features,8,2,African-American,Female,25 - 45,0,0
1036,LR_8_features,8,2,African-American,Male,25 - 45,0,1
1059,LR_8_features,8,2,African-American,Male,Less than 25,0,0
1096,LR_8_features,8,2,Caucasian,Male,Greater than 45,0,0
1110,LR_8_features,8,2,African-American,Female,25 - 45,1,0
1119,LR_8_features,8,2,African-American,Male,Less than 25,1,1
1122,LR_8_features,8,2,African-American,Male,Less than 25,0,0
1141,LR_8_features,8,2,African-American,Male,25 - 45,0,1
1160,LR_8_features,8,2,African-American,Female,Less than 25,0,0
1205,LR_8_features,8,2,African-American,Male,Greater than 45,0,0
1219,LR_8_features,8,2,African-American,Female,25 - 45,0,0
1244,LR_8_features,8,2,Caucasian,Male,Greater than 45,0,0
1250,LR_8_features,8,2,African-American,Male,25 - 45,1,1
1254,LR_8_features,8,2,African-American,Male,25 - 45,0,1
1300,LR_8_features,8,2,Caucasian,Female,Less than 25,0,0
1323,LR_8_features,8,2,African-American,Female,25 - 45,0,0
1344,LR_8_features,8,2,African-American,Male,Greater than 45,0,0
1410,LR_8_features,8,2,African-American,Male,25 - 45,0,0
1412,LR_8_features,8,2,Hispanic,Male,Greater than 45,0,0
1438,LR_8_features,8,2,Caucasian,Female,25 - 45,0,0
1441,LR_8_features,8,2,African-American,Male,25 - 45,1,0
1462,LR_8_features,8,2,Hispanic,Male,25 - 45,0,0
1467,LR_8_features,8,2,African-American,Male,25 - 45,1,1
1483,LR_8_features,8,2,African-American,Male,25 - 45,0,0
1526,LR_8_features,8,2,African-American,Male,25 - 45,0,1
1540,LR_8_features,8,2,African-American,Male,25 - 45,0,1
1560,LR_8_features,8,2,Hispanic,Male,Greater than 45,1,0
1572,LR_8_features,8,2,African-American,Male,25 - 45,0,0
1591,LR_8_features,8,2,Caucasian,Female,Greater than 45,0,0
1608,LR_8_features,8,2,Caucasian,Female,Greater than 45,1,1
1618,LR_8_features,8,2,Other,Male,25 - 45,0,0
1620,LR_8_features,8,2,Caucasian,Male,Greater than 45,0,0
1651,LR_8_features,8,2,African-American,Male,Greater than 45,1,0
1660,LR_8_features,8,2,African-American,Male,25 - 45,1,1
1681,LR_8_features,8,2,African-American,Male,Greater than 45,0,0
1698,LR_8_features,8,2,Caucasian,Female,Less than 25,0,0
1700,LR_8_features,8,2,African-American,Male,25 - 45,1,0
1750,LR_8_features,8,2,Caucasian,Male,Less than 25,1,0
1788,LR_8_features,8,2,Hispanic,Male,Less than 25,1,1
1794,LR_8_features,8,2,African-American,Male,Greater than 45,0,0
1834,LR_8_features,8,2,Caucasian,Male,25 - 45,0,0
1844,LR_8_features,8,2,Caucasian,Male,Greater than 45,1,1
1880,LR_8_features,8,2,Other,Male,Less than 25,1,1
1883,LR_8_features,8,2,Hispanic,Male,25 - 45,0,0
1907,LR_8_features,8,2,African-American,Male,Less than 25,1,1
1914,LR_8_features,8,2,African-American,Male,Less than 25,0,1
1915,LR_8_features,8,2,African-American,Male,25 - 45,1,1
1925,LR_8_features,8,2,Other,Male,25 - 45,0,0
1942,LR_8_features,8,2,Caucasian,Male,25 - 45,0,0
1952,LR_8_features,8,2,African-American,Male,Less than 25,0,0
1965,LR_8_features,8,2,African-American,Female,25 - 45,1,1
1990,LR_8_features,8,2,African-American,Male,Greater than 45,1,1
1993,LR_8_features,8,2,Caucasian,Male,25 - 45,1,0
1999,LR_8_features,8,2,African-American,Male,25 - 45,0,0
2014,LR_8_features,8,2,Caucasian,Male,25 - 45,0,0
2029,LR_8_features,8,2,African-American,Male,25 - 45,0,0
2040,LR_8_features,8,2,Hispanic,Male,25 - 45,0,0
2042,LR_8_features,8,2,African-American,Female,Greater than 45,0,0
2061,LR_8_features,8,2,African-American,Male,25 - 45,1,0
2077,LR_8_features,8,2,African-American,Male,25 - 45,0,0
2123,LR_8_features,8,2,Caucasian,Male,25 - 45,1,0
2181,LR_8_features,8,2,African-American,Male,25 - 45,1,1
2193,LR_8_features,8,2,Caucasian,Female,25 - 45,1,1
2248,LR_8_features,8,2,African-American,Female,Less than 25,0,0
2284,LR_8_features,8,2,Caucasian,Male,25 - 45,0,0
2287,LR_8_features,8,2,African-American,Male,25 - 45,1,1
2291,LR_8_features,8,2,Caucasian,Male,Greater than 45,0,0
2299,LR_8_features,8,2,Caucasian,Male,25 - 45,1,1
2300,LR_8_features,8,2,Caucasian,Male,Greater than 45,1,1
2309,LR_8_features,8,2,Hispanic,Female,Less than 25,1,0
2338,LR_8_features,8,2,Hispanic,Male,Greater than 45,0,0
2350,LR_8_features,8,2,African-American,Male,25 - 45,1,1
2363,LR_8_features,8,2,Caucasian,Male,25 - 45,0,0
2366,LR_8_features,8,2,Hispanic,Male,25 - 45,0,0
2405,LR_8_features,8,2,African-American,Female,Less than 25,0,0
2431,LR_8_features,8,2,Caucasian,Female,Less than 25,0,0
2438,LR_8_features,8,2,Asian,Male,Greater than 45,0,0
2453,LR_8_features,8,2,Caucasian,Female,Greater than 45,1,0
2456,LR_8_features,8,2,Caucasian,Male,25 - 45,0,1
2486,LR_8_features,8,2,Caucasian,Female,25 - 45,0,1
2490,LR_8_features,8,2,African-American,Male,25 - 45,1,1
2497,LR_8_features,8,2,Other,Male,Greater than 45,0,0
2512,LR_8_features,8,2,African-American,Male,25 - 45,1,1
2513,LR_8_features,8,2,African-American,Male,Less than 25,1,1
2515,LR_8_features,8,2,African-American,Male,25 - 45,0,1
2532,LR_8_features,8,2,African-American,Male,25 - 45,0,1
2534,LR_8_features,8,2,Caucasian,Male,Greater than 45,1,0
2538,LR_8_features,8,2,Caucasian,Male,Greater than 45,0,0
2571,LR_8_features,8,2,African-American,Male,Less than 25,1,1
2580,LR_8_features,8,2,Caucasian,Male,Greater than 45,0,0
2591,LR_8_features,8,2,African-American,Male,Less than 25,1,1
2607,LR_8_features,8,2,Caucasian,Female,Greater than 45,0,0
2621,LR_8_features,8,2,Caucasian,Male,25 - 45,1,0
2634,LR_8_features,8,2,Caucasian,Male,25 - 45,1,1
2651,LR_8_features,8,2,African-American,Male,Greater than 45,0,0
2654,LR_8_features,8,2,African-American,Male,25 - 45,0,1
2667,LR_8_features,8,2,Caucasian,Male,Less than 25,0,0
2672,LR_8_features,8,2,African-American,Male,25 - 45,1,1
2681,LR_8_features,8,2,African-American,Male,25 - 45,0,0
2688,LR_8_features,8,2,African-American,Male,25 - 45,1,0
2690,LR_8_features,8,2,Caucasian,Female,Greater than 45,1,0
2738,LR_8_features,8,2,Other,Male,25 - 45,0,0
2758,LR_8_features,8,2,African-American,Male,25 - 45,0,0
2760,LR_8_features,8,2,African-American,Male,25 - 45,0,0
2771,LR_8_features,8,2,Caucasian,Male,25 - 45,0,0
2773,LR_8_features,8,2,African-American,Female,Greater than 45,1,1
2788,LR_8_features,8,2,Caucasian,Male,Greater than 45,0,0
2793,LR_8_features,8,2,African-American,Male,25 - 45,0,1
2804,LR_8_features,8,2,African-American,Male,25 - 45,1,1
2807,LR_8_features,8,2,Hispanic,Male,Less than 25,1,1
2820,LR_8_features,8,2,Caucasian,Male,Greater than 45,0,0
2828,LR_8_features,8,2,African-American,Female,Less than 25,1,0
2829,LR_8_features,8,2,Hispanic,Male,25 - 45,0,0
2844,LR_8_features,8,2,Hispanic,Male,Less than 25,1,1
2859,LR_8_features,8,2,Caucasian,Male,25 - 45,1,1
2860,LR_8_features,8,2,African-American,Male,25 - 45,0,0
2913,LR_8_features,8,2,African-American,Male,25 - 45,0,1
2926,LR_8_features,8,2,African-American,Male,Less than 25,1,0
3020,LR_8_features,8,2,African-American,Male,Greater than 45,0,0
3021,LR_8_features,8,2,African-American,Female,25 - 45,1,1
3039,LR_8_features,8,2,Caucasian,Male,25 - 45,1,0
3078,LR_8_features,8,2,Caucasian,Female,25 - 45,0,0
3087,LR_8_features,8,2,African-American,Male,25 - 45,1,0
3129,LR_8_features,8,2,African-American,Male,Greater than 45,0,0
3138,LR_8_features,8,2,African-American,Male,25 - 45,1,1
3161,LR_8_features,8,2,Hispanic,Male,25 - 45,0,0
3166,LR_8_features,8,2,Caucasian,Male,Less than 25,1,1
3176,LR_8_features,8,2,African-American,Male,25 - 45,0,0
3182,LR_8_features,8,2,African-American,Male,25 - 45,0,1
3188,LR_8_features,8,2,Other,Male,Greater than 45,0,0
3205,LR_8_features,8,2,Caucasian,Male,Greater than 45,0,0
3212,LR_8_features,8,2,African-American,Male,25 - 45,1,0
3265,LR_8_features,8,2,Caucasian,Female,Greater than 45,0,0
3274,LR_8_features,8,2,African-American,Male,Less than 25,0,1
3280,LR_8_features,8,2,African-American,Female,25 - 45,1,0
3298,LR_8_features,8,2,Caucasian,Male,25 - 45,0,1
3309,LR_8_features,8,2,Caucasian,Male,25 - 45,1,1
3318,LR_8_features,8,2,Caucasian,Male,Greater than 45,0,1
3333,LR_8_features,8,2,Caucasian,Male,25 - 45,1,0
3335,LR_8_features,8,2,Hispanic,Female,25 - 45,1,0
3354,LR_8_features,8,2,African-American,Male,25 - 45,1,0
3425,LR_8_features,8,2,Hispanic,Male,Less than 25,1,1
3439,LR_8_features,8,2,Caucasian,Male,25 - 45,0,0
3500,LR_8_features,8,2,Caucasian,Male,25 - 45,0,0
3511,LR_8_features,8,2,Caucasian,Male,Less than 25,0,0
3570,LR_8_features,8,2,Caucasian,Male,25 - 45,1,0
3573,LR_8_features,8,2,African-American,Male,25 - 45,0,0
3576,LR_8_features,8,2,Caucasian,Male,Greater than 45,0,0
3603,LR_8_features,8,2,African-American,Male,25 - 45,1,1
3605,LR_8_features,8,2,African-American,Male,25 - 45,0,0
3614,LR_8_features,8,2,African-American,Male,25 - 45,1,1
3617,LR_8_features,8,2,African-American,Male,25 - 45,0,0
3620,LR_8_features,8,2,Caucasian,Female,Greater than 45,0,0
3639,LR_8_features,8,2,African-American,Male,25 - 45,0,0
3641,LR_8_features,8,2,Caucasian,Male,25 - 45,0,0
3674,LR_8_features,8,2,African-American,Female,25 - 45,0,0
3681,LR_8_features,8,2,African-American,Female,Greater than 45,0,0
3687,LR_8_features,8,2,African-American,Male,Greater than 45,1,1
3696,LR_8_features,8,2,African-American,Male,Less than 25,0,1
3706,LR_8_features,8,2,African-American,Female,25 - 45,0,0
3714,LR_8_features,8,2,Caucasian,Male,Greater than 45,0,0
3739,LR_8_features,8,2,Caucasian,Male,Greater than 45,0,0
3741,LR_8_features,8,2,African-American,Male,25 - 45,0,1
3744,LR_8_features,8,2,African-American,Male,Greater than 45,0,0
3758,LR_8_features,8,2,African-American,Male,Greater than 45,0,0
3771,LR_8_features,8,2,African-American,Male,25 - 45,1,1
3776,LR_8_features,8,2,Caucasian,Female,25 - 45,0,0
3779,LR_8_features,8,2,African-American,Male,25 - 45,0,0
3785,LR_8_features,8,2,Caucasian,Male,Less than 25,0,1
3787,LR_8_features,8,2,African-American,Male,25 - 45,1,0
3802,LR_8_features,8,2,African-American,Male,Greater than 45,1,0
3820,LR_8_features,8,2,Other,Male,25 - 45,0,0
3854,LR_8_features,8,2,African-American,Male,Less than 25,1,1
3880,LR_8_features,8,2,African-American,Male,Greater than 45,1,0
3938,LR_8_features,8,2,Caucasian,Male,25 - 45,0,0
3947,LR_8_features,8,2,Other,Male,25 - 45,0,0
3958,LR_8_features,8,2,Caucasian,Male,25 - 45,0,0
3976,LR_8_features,8,2,African-American,Male,Greater than 45,1,1
3998,LR_8_features,8,2,African-American,Male,Greater than 45,1,0
4021,LR_8_features,8,2,African-American,Male,25 - 45,0,0
4023,LR_8_features,8,2,Caucasian,Female,25 - 45,0,0
4026,LR_8_features,8,2,Hispanic,Female,25 - 45,1,0
4039,LR_8_features,8,2,Hispanic,Male,25 - 45,0,0
4041,LR_8_features,8,2,African-American,Male,25 - 45,0,0
4048,LR_8_features,8,2,Caucasian,Male,25 - 45,1,0
4070,LR_8_features,8,2,African-American,Male,25 - 45,0,0
4086,LR_8_features,8,2,African-American,Male,25 - 45,1,1
4119,LR_8_features,8,2,Caucasian,Male,Greater than 45,1,0
4135,LR_8_features,8,2,African-American,Male,25 - 45,1,1
4141,LR_8_features,8,2,African-American,Male,25 - 45,0,1
4161,LR_8_features,8,2,African-American,Male,Greater than 45,1,0
4199,LR_8_features,8,2,Caucasian,Male,Less than 25,0,1
4225,LR_8_features,8,2,African-American,Male,25 - 45,1,1
4260,LR_8_features,8,2,African-American,Male,25 - 45,0,1
4296,LR_8_features,8,2,Hispanic,Male,25 - 45,0,1
4316,LR_8_features,8,2,African-American,Male,Greater than 45,1,0
4339,LR_8_features,8,2,Hispanic,Male,25 - 45,1,1
4356,LR_8_features,8,2,Caucasian,Male,Less than 25,0,0
4394,LR_8_features,8,2,African-American,Male,Less than 25,0,0
4406,LR_8_features,8,2,Hispanic,Male,Less than 25,0,0
4408,LR_8_features,8,2,African-American,Male,25 - 45,0,0
4415,LR_8_features,8,2,African-American,Male,Greater than 45,1,0
4436,LR_8_features,8,2,African-American,Male,Less than 25,1,1
4438,LR_8_features,8,2,Caucasian,Female,Greater than 45,0,0
4526,LR_8_features,8,2,Caucasian,Male,25 - 45,1,1
4534,LR_8_features,8,2,African-American,Female,25 - 45,0,0
4544,LR_8_features,8,2,African-American,Male,25 - 45,1,0
4580,LR_8_features,8,2,African-American,Male,25 - 45,1,1
4584,LR_8_features,8,2,Caucasian,Male,Greater than 45,0,0
4636,LR_8_features,8,2,African-American,Female,Less than 25,1,0
4659,LR_8_features,8,2,Caucasian,Male,Greater than 45,0,0
4678,LR_8_features,8,2,African-American,Male,Greater than 45,0,0
4703,LR_8_features,8,2,Hispanic,Male,25 - 45,1,0
4705,LR_8_features,8,2,African-American,Male,Greater than 45,1,0
4718,LR_8_features,8,2,Caucasian,Male,25 - 45,0,0
4726,LR_8_features,8,2,Other,Female,Greater than 45,0,0
4773,LR_8_features,8,2,African-American,Male,Less than 25,0,1
4778,LR_8_features,8,2,Caucasian,Male,Greater than 45,1,0
4841,LR_8_features,8,2,Caucasian,Male,Greater than 45,0,0
4879,LR_8_features,8,2,African-American,Male,25 - 45,1,1
4884,LR_8_features,8,2,Caucasian,Male,25 - 45,0,0
4887,LR_8_features,8,2,Caucasian,Male,25 - 45,1,1
4960,LR_8_features,8,2,Caucasian,Female,25 - 45,1,0
4965,LR_8_features,8,2,Other,Male,Greater than 45,0,0
4970,LR_8_features,8,2,African-American,Male,25 - 45,0,0
4973,LR_8_features,8,2,African-American,Male,Less than 25,1,1
5014,LR_8_features,8,2,African-American,Male,25 - 45,1,1
5020,LR_8_features,8,2,African-American,Male,25 - 45,0,0
5050,LR_8_features,8,2,African-American,Male,Less than 25,0,0
5064,LR_8_features,8,2,Caucasian,Male,25 - 45,1,1
5088,LR_8_features,8,2,Caucasian,Female,25 - 45,1,0
5096,LR_8_features,8,2,African-American,Female,25 - 45,0,0
5131,LR_8_features,8,2,African-American,Male,Less than 25,1,1
5134,LR_8_features,8,2,Caucasian,Male,25 - 45,1,1
5170,LR_8_features,8,2,Other,Male,Less than 25,1,0
5172,LR_8_features,8,2,African-American,Male,25 - 45,0,1
5180,LR_8_features,8,2,Other,Female,25 - 45,0,0
5263,LR_8_features,8,2,African-American,Male,Less than 25,1,1
5274,LR_8_features,8,2,African-American,Male,Less than 25,1,0
5287,LR_8_features,8,2,Other,Male,25 - 45,0,0
5290,LR_8_features,8,2,Caucasian,Male,Greater than 45,0,0
5297,LR_8_features,8,2,African-American,Female,25 - 45,1,1
5308,LR_8_features,8,2,Other,Male,25 - 45,0,1
5313,LR_8_features,8,2,Caucasian,Male,25 - 45,1,0
5346,LR_8_features,8,2,African-American,Male,25 - 45,0,1
5363,LR_8_features,8,2,African-American,Male,25 - 45,0,0
5366,LR_8_features,8,2,Caucasian,Male,Greater than 45,1,1
5373,LR_8_features,8,2,Hispanic,Male,Less than 25,0,0
5386,LR_8_features,8,2,Caucasian,Female,25 - 45,0,0
5389,LR_8_features,8,2,African-American,Male,Less than 25,0,1
5398,LR_8_features,8,2,African-American,Male,Less than 25,0,0
5410,LR_8_features,8,2,Other,Female,25 - 45,0,0
5433,LR_8_features,8,2,African-American,Female,Less than 25,1,0
5438,LR_8_features,8,2,African-American,Male,Less than 25,1,1
5543,LR_8_features,8,2,Caucasian,Male,Greater than 45,1,0
5560,LR_8_features,8,2,Hispanic,Male,Greater than 45,0,0
5599,LR_8_features,8,2,Caucasian,Female,25 - 45,0,0
5600,LR_8_features,8,2,African-American,Male,25 - 45,1,0
5647,LR_8_features,8,2,African-American,Female,25 - 45,1,0
5676,LR_8_features,8,2,Caucasian,Female,Less than 25,0,0
5699,LR_8_features,8,2,Hispanic,Female,25 - 45,0,0
5724,LR_8_features,8,2,Caucasian,Male,Greater than 45,0,0
5740,LR_8_features,8,2,African-American,Male,25 - 45,1,1
5745,LR_8_features,8,2,African-American,Male,25 - 45,0,1
5772,LR_8_features,8,2,Caucasian,Male,25 - 45,1,1
5776,LR_8_features,8,2,Caucasian,Male,25 - 45,0,0
5801,LR_8_features,8,2,Caucasian,Male,Greater than 45,1,0
5826,LR_8_features,8,2,Caucasian,Male,Greater than 45,0,0
5831,LR_8_features,8,2,African-American,Male,Less than 25,0,1
5858,LR_8_features,8,2,Caucasian,Male,25 - 45,0,0
5886,LR_8_features,8,2,Caucasian,Male,Greater than 45,0,0
5889,LR_8_features,8,2,African-American,Female,Greater than 45,1,0
5904,LR_8_features,8,2,African-American,Male,25 - 45,1,1
5907,LR_8_features,8,2,African-American,Male,25 - 45,0,1
5914,LR_8_features,8,2,African-American,Male,25 - 45,0,1
5971,LR_8_features,8,2,Caucasian,Male,Greater than 45,0,0
5996,LR_8_features,8,2,African-American,Male,25 - 45,1,1
6004,LR_8_features,8,2,Other,Male,25 - 45,0,0
6085,LR_8_features,8,2,African-American,Male,25 - 45,0,0
6100,LR_8_features,8,2,Caucasian,Male,25 - 45,1,0
6111,LR_8_features,8,2,African-American,Female,Greater than 45,0,0
6112,LR_8_features,8,2,African-American,Male,25 - 45,1,0
6147,LR_8_features,8,2,African-American,Male,Less than 25,1,1
6198,LR_8_features,8,2,Caucasian,Male,Greater than 45,0,0
6210,LR_8_features,8,2,African-American,Male,Less than 25,1,1
6222,LR_8_features,8,2,Other,Male,Less than 25,1,0
6247,LR_8_features,8,2,African-American,Male,25 - 45,1,1
6274,LR_8_features,8,2,Hispanic,Male,25 - 45,1,1
6289,LR_8_features,8,2,Caucasian,Female,25 - 45,1,0
6301,LR_8_features,8,2,African-American,Male,25 - 45,1,0
6315,LR_8_features,8,2,African-American,Male,25 - 45,1,1
6337,LR_8_features,8,2,African-American,Male,Greater than 45,0,1
6341,LR_8_features,8,2,Other,Male,25 - 45,0,0
6353,LR_8_features,8,2,African-American,Male,Greater than 45,0,0
6362,LR_8_features,8,2,Hispanic,Female,25 - 45,1,0
6392,LR_8_features,8,2,African-American,Male,Greater than 45,1,1
6399,LR_8_features,8,2,Caucasian,Male,25 - 45,0,1
6402,LR_8_features,8,2,African-American,Female,25 - 45,0,0
6420,LR_8_features,8,2,African-American,Male,Less than 25,1,1
6425,LR_8_features,8,2,African-American,Female,25 - 45,0,0
6439,LR_8_features,8,2,African-American,Male,25 - 45,1,1
6463,LR_8_features,8,2,African-American,Male,25 - 45,0,1
6501,LR_8_features,8,2,African-American,Female,Greater than 45,0,0
6505,LR_8_features,8,2,Caucasian,Male,25 - 45,0,1
6529,LR_8_features,8,2,Other,Male,Less than 25,1,0
6531,LR_8_features,8,2,African-American,Male,Less than 25,1,0
6537,LR_8_features,8,2,Caucasian,Male,25 - 45,1,1
6550,LR_8_features,8,2,African-American,Male,Greater than 45,1,1
6552,LR_8_features,8,2,Caucasian,Female,Greater than 45,1,0
6573,LR_8_features,8,2,Other,Male,25 - 45,1,0
6583,LR_8_features,8,2,African-American,Male,25 - 45,0,0
6597,LR_8_features,8,2,African-American,Male,25 - 45,1,1
6611,LR_8_features,8,2,African-American,Male,Greater than 45,0,0
6637,LR_8_features,8,2,Caucasian,Female,25 - 45,0,0
6645,LR_8_features,8,2,African-American,Female,25 - 45,0,0
6655,LR_8_features,8,2,African-American,Female,25 - 45,0,0
6660,LR_8_features,8,2,Caucasian,Male,25 - 45,1,0
6685,LR_8_features,8,2,African-American,Male,25 - 45,0,0
6689,LR_8_features,8,2,Caucasian,Male,Greater than 45,0,0
6729,LR_8_features,8,2,Hispanic,Female,25 - 45,0,0
6794,LR_8_features,8,2,Caucasian,Male,25 - 45,1,1
6798,LR_8_features,8,2,Caucasian,Male,Less than 25,0,1
6805,LR_8_features,8,2,African-American,Male,Less than 25,1,1
6813,LR_8_features,8,2,Other,Male,Greater than 45,0,0
6892,LR_8_features,8,2,African-American,Male,Less than 25,1,1
6894,LR_8_features,8,2,African-American,Male,25 - 45,0,0
6904,LR_8_features,8,2,African-American,Female,Less than 25,0,0
6908,LR_8_features,8,2,African-American,Male,25 - 45,1,1
6910,LR_8_features,8,2,African-American,Male,25 - 45,1,1
6911,LR_8_features,8,2,Hispanic,Male,Less than 25,1,0
6915,LR_8_features,8,2,African-American,Male,25 - 45,1,1
6931,LR_8_features,8,2,African-American,Male,25 - 45,0,0
6946,LR_8_features,8,2,African-American,Male,Less than 25,1,1
6961,LR_8_features,8,2,African-American,Male,25 - 45,1,0
6963,LR_8_features,8,2,Caucasian,Female,Greater than 45,0,0
6980,LR_8_features,8,2,African-American,Female,25 - 45,1,1
6986,LR_8_features,8,2,Hispanic,Male,25 - 45,0,0
7010,LR_8_features,8,2,African-American,Male,Greater than 45,1,0
7011,LR_8_features,8,2,African-American,Male,Greater than 45,0,0
7025,LR_8_features,8,2,African-American,Female,25 - 45,1,0
7061,LR_8_features,8,2,Caucasian,Male,Less than 25,1,0
7067,LR_8_features,8,2,Caucasian,Male,Less than 25,1,1
7082,LR_8_features,8,2,Hispanic,Male,25 - 45,0,0
7141,LR_8_features,8,2,Caucasian,Male,25 - 45,0,0
7150,LR_8_features,8,2,African-American,Female,Less than 25,1,0
7198,LR_8_features,8,2,African-American,Male,Less than 25,1,1
7237,LR_8_features,8,2,Caucasian,Male,25 - 45,0,0
7272,LR_8_features,8,2,African-American,Male,Greater than 45,0,1
7288,LR_8_features,8,2,African-American,Male,25 - 45,1,1
7293,LR_8_features,8,2,African-American,Male,25 - 45,0,1
7299,LR_8_features,8,2,African-American,Male,25 - 45,1,1
7331,LR_8_features,8,2,Caucasian,Female,25 - 45,1,0
7365,LR_8_features,8,2,Caucasian,Male,25 - 45,0,1
7391,LR_8_features,8,2,African-American,Male,Less than 25,1,1
7395,LR_8_features,8,2,African-American,Male,25 - 45,1,1
7413,LR_8_features,8,2,African-American,Male,Less than 25,1,1
7416,LR_8_features,8,2,Hispanic,Male,25 - 45,0,0
7444,LR_8_features,8,2,African-American,Male,Less than 25,0,1
7445,LR_8_features,8,2,Hispanic,Male,25 - 45,1,0
7466,LR_8_features,8,2,Caucasian,Male,25 - 45,0,0
7467,LR_8_features,8,2,Other,Female,Less than 25,0,0
7523,LR_8_features,8,2,African-American,Male,25 - 45,1,1
7547,LR_8_features,8,2,Caucasian,Female,Greater than 45,0,0
7562,LR_8_features,8,2,African-American,Male,25 - 45,0,1
7571,LR_8_features,8,2,African-American,Male,25 - 45,0,0
7605,LR_8_features,8,2,African-American,Male,Greater than 45,1,0
7640,LR_8_features,8,2,Caucasian,Male,25 - 45,1,0
7647,LR_8_features,8,2,African-American,Male,Greater than 45,0,0
7690,LR_8_features,8,2,Caucasian,Male,Greater than 45,1,1
7693,LR_8_features,8,2,African-American,Male,Less than 25,1,1
7705,LR_8_features,8,2,Caucasian,Female,Greater than 45,0,0
7721,LR_8_features,8,2,African-American,Female,Less than 25,1,0
7730,LR_8_features,8,2,Caucasian,Male,25 - 45,1,0
7825,LR_8_features,8,2,African-American,Male,Less than 25,1,1
7847,LR_8_features,8,2,Caucasian,Male,25 - 45,0,0
7864,LR_8_features,8,2,African-American,Female,25 - 45,0,0
7870,LR_8_features,8,2,Hispanic,Male,Greater than 45,0,0
7891,LR_8_features,8,2,African-American,Male,Greater than 45,1,0
7897,LR_8_features,8,2,Caucasian,Female,Less than 25,1,0
7928,LR_8_features,8,2,Caucasian,Male,25 - 45,0,0
7936,LR_8_features,8,2,Caucasian,Male,25 - 45,1,0
7944,LR_8_features,8,2,Caucasian,Male,25 - 45,0,0
7971,LR_8_features,8,2,Caucasian,Male,25 - 45,1,1
7994,LR_8_features,8,2,Hispanic,Male,25 - 45,1,1
7997,LR_8_features,8,2,African-American,Male,Greater than 45,1,1
8023,LR_8_features,8,2,African-American,Male,25 - 45,0,1
8053,LR_8_features,8,2,African-American,Male,Less than 25,1,1
8059,LR_8_features,8,2,Caucasian,Male,Greater than 45,0,0
8099,LR_8_features,8,2,Caucasian,Male,25 - 45,0,0
8143,LR_8_features,8,2,Other,Male,Greater than 45,0,0
8149,LR_8_features,8,2,Caucasian,Male,25 - 45,0,0
8151,LR_8_features,8,2,Hispanic,Male,25 - 45,0,0
8155,LR_8_features,8,2,Caucasian,Male,25 - 45,0,0
8163,LR_8_features,8,2,African-American,Male,Less than 25,1,0
8169,LR_8_features,8,2,African-American,Male,25 - 45,0,0
8184,LR_8_features,8,2,Caucasian,Male,25 - 45,1,0
8219,LR_8_features,8,2,African-American,Male,25 - 45,1,0
8226,LR_8_features,8,2,Caucasian,Male,25 - 45,1,0
8230,LR_8_features,8,2,Caucasian,Male,Greater than 45,0,0
8239,LR_8_features,8,2,African-American,Male,25 - 45,0,1
8253,LR_8_features,8,2,African-American,Male,25 - 45,0,0
8257,LR_8_features,8,2,African-American,Male,25 - 45,0,1
8277,LR_8_features,8,2,Other,Female,Less than 25,0,0
8282,LR_8_features,8,2,Hispanic,Male,Less than 25,1,1
8290,LR_8_features,8,2,African-American,Male,Less than 25,1,1
8292,LR_8_features,8,2,African-American,Male,25 - 45,1,1
8320,LR_8_features,8,2,Other,Male,25 - 45,1,0
8365,LR_8_features,8,2,African-American,Male,Less than 25,0,0
8382,LR_8_features,8,2,Other,Male,25 - 45,1,0
8401,LR_8_features,8,2,Caucasian,Male,25 - 45,1,1
8405,LR_8_features,8,2,African-American,Male,25 - 45,0,0
8423,LR_8_features,8,2,African-American,Male,25 - 45,0,0
8425,LR_8_features,8,2,African-American,Male,Greater than 45,1,1
8435,LR_8_features,8,2,African-American,Male,Less than 25,0,1
8457,LR_8_features,8,2,African-American,Male,25 - 45,0,1
8477,LR_8_features,8,2,African-American,Male,25 - 45,0,1
8478,LR_8_features,8,2,Caucasian,Male,25 - 45,0,1
8492,LR_8_features,8,2,African-American,Male,25 - 45,1,1
8515,LR_8_features,8,2,African-American,Female,25 - 45,0,0
8517,LR_8_features,8,2,African-American,Male,Less than 25,1,0
8518,LR_8_features,8,2,African-American,Male,Less than 25,1,1
8527,LR_8_features,8,2,Caucasian,Female,Greater than 45,1,0
8534,LR_8_features,8,2,Caucasian,Female,25 - 45,1,1
8543,LR_8_features,8,2,African-American,Male,Less than 25,1,1
8554,LR_8_features,8,2,African-American,Male,25 - 45,1,0
8577,LR_8_features,8,2,Caucasian,Female,Greater than 45,0,0
8578,LR_8_features,8,2,Caucasian,Male,Less than 25,1,1
8579,LR_8_features,8,2,African-American,Male,Greater than 45,0,0
8586,LR_8_features,8,2,African-American,Male,Greater than 45,0,0
8589,LR_8_features,8,2,Caucasian,Male,25 - 45,0,0
8593,LR_8_features,8,2,Other,Male,25 - 45,1,0
8625,LR_8_features,8,2,African-American,Male,Less than 25,0,0
8653,LR_8_features,8,2,Hispanic,Male,Greater than 45,0,0
8663,LR_8_features,8,2,Other,Male,25 - 45,1,0
8683,LR_8_features,8,2,Caucasian,Male,25 - 45,0,0
8695,LR_8_features,8,2,Caucasian,Male,Greater than 45,0,0
8696,LR_8_features,8,2,Caucasian,Male,25 - 45,0,1
8703,LR_8_features,8,2,Caucasian,Female,Greater than 45,0,0
8717,LR_8_features,8,2,African-American,Female,25 - 45,0,0
8719,LR_8_features,8,2,Caucasian,Male,Greater than 45,1,0
8758,LR_8_features,8,2,Caucasian,Male,Greater than 45,1,1
8765,LR_8_features,8,2,African-American,Male,25 - 45,1,1
8790,LR_8_features,8,2,Asian,Male,Greater than 45,0,0
8828,LR_8_features,8,2,Caucasian,Male,Greater than 45,0,0
8844,LR_8_features,8,2,Hispanic,Male,25 - 45,1,1
8855,LR_8_features,8,2,Caucasian,Male,Greater than 45,1,1
8867,LR_8_features,8,2,Caucasian,Male,Less than 25,0,1
8876,LR_8_features,8,2,African-American,Male,25 - 45,0,1
8881,LR_8_features,8,2,African-American,Male,25 - 45,1,0
8899,LR_8_features,8,2,African-American,Female,25 - 45,1,0
8920,LR_8_features,8,2,African-American,Female,25 - 45,1,1
8929,LR_8_features,8,2,Hispanic,Male,25 - 45,1,0
8960,LR_8_features,8,2,African-American,Male,25 - 45,1,0
8964,LR_8_features,8,2,African-American,Male,25 - 45,1,1
9038,LR_8_features,8,2,African-American,Female,25 - 45,0,0
9042,LR_8_features,8,2,Caucasian,Male,Greater than 45,0,0
9049,LR_8_features,8,2,African-American,Male,25 - 45,0,0
9055,LR_8_features,8,2,Hispanic,Female,Less than 25,1,0
9087,LR_8_features,8,2,Caucasian,Male,Greater than 45,1,0
9119,LR_8_features,8,2,African-American,Male,25 - 45,1,1
9125,LR_8_features,8,2,Caucasian,Male,Greater than 45,1,0
9144,LR_8_features,8,2,African-American,Male,25 - 45,1,0
9148,LR_8_features,8,2,Caucasian,Male,25 - 45,0,0
9167,LR_8_features,8,2,African-American,Male,25 - 45,0,0
9172,LR_8_features,8,2,African-American,Male,Less than 25,0,1
9191,LR_8_features,8,2,African-American,Male,Greater than 45,1,0
9253,LR_8_features,8,2,Caucasian,Male,25 - 45,0,0
9259,LR_8_features,8,2,Caucasian,Male,25 - 45,1,0
9262,LR_8_features,8,2,African-American,Male,25 - 45,0,0
9282,LR_8_features,8,2,African-American,Female,Less than 25,0,0
9295,LR_8_features,8,2,Hispanic,Male,25 - 45,0,0
9306,LR_8_features,8,2,African-American,Male,Less than 25,1,0
9366,LR_8_features,8,2,Other,Female,Greater than 45,0,0
9375,LR_8_features,8,2,African-American,Female,25 - 45,1,1
9380,LR_8_features,8,2,Caucasian,Male,25 - 45,0,1
9381,LR_8_features,8,2,Caucasian,Male,25 - 45,0,0
9386,LR_8_features,8,2,African-American,Male,25 - 45,1,1
9394,LR_8_features,8,2,Caucasian,Male,25 - 45,0,1
9401,LR_8_features,8,2,Caucasian,Male,Less than 25,0,0
9460,LR_8_features,8,2,Hispanic,Male,25 - 45,0,0
9467,LR_8_features,8,2,African-American,Male,Less than 25,1,1
9473,LR_8_features,8,2,African-American,Male,25 - 45,0,1
9475,LR_8_features,8,2,African-American,Male,25 - 45,0,0
9541,LR_8_features,8,2,African-American,Male,25 - 45,1,1
9556,LR_8_features,8,2,Hispanic,Male,25 - 45,0,0
9593,LR_8_features,8,2,Caucasian,Female,Greater than 45,0,0
9631,LR_8_features,8,2,Caucasian,Female,Less than 25,0,0
9641,LR_8_features,8,2,Caucasian,Male,Greater than 45,0,0
9646,LR_8_features,8,2,African-American,Female,25 - 45,1,1
9664,LR_8_features,8,2,Caucasian,Female,25 - 45,1,0
9668,LR_8_features,8,2,African-American,Female,25 - 45,0,0
9676,LR_8_features,8,2,African-American,Male,25 - 45,0,0
9712,LR_8_features,8,2,African-American,Male,25 - 45,1,1
9724,LR_8_features,8,2,African-American,Female,Greater than 45,0,0
9732,LR_8_features,8,2,African-American,Male,Less than 25,1,1
9741,LR_8_features,8,2,African-American,Male,Less than 25,1,1
9756,LR_8_features,8,2,African-American,Male,25 - 45,1,1
9784,LR_8_features,8,2,African-American,Male,25 - 45,0,0
9785,LR_8_features,8,2,Caucasian,Male,Greater than 45,0,0
9787,LR_8_features,8,2,African-American,Female,Less than 25,1,0
9796,LR_8_features,8,2,Other,Male,Greater than 45,1,0
9799,LR_8_features,8,2,Caucasian,Male,25 - 45,1,0
9805,LR_8_features,8,2,African-American,Male,25 - 45,1,1
9845,LR_8_features,8,2,African-American,Male,Greater than 45,0,0
9862,LR_8_features,8,2,Hispanic,Male,25 - 45,0,1
9902,LR_8_features,8,2,African-American,Female,25 - 45,1,0
9908,LR_8_features,8,2,African-American,Male,Less than 25,1,1
9914,LR_8_features,8,2,Caucasian,Male,Less than 25,1,1
9968,LR_8_features,8,2,African-American,Female,25 - 45,1,0
9980,LR_8_features,8,2,African-American,Female,25 - 45,1,0
9984,LR_8_features,8,2,African-American,Male,Less than 25,0,0
9985,LR_8_features,8,2,Caucasian,Male,25 - 45,0,1
10007,LR_8_features,8,2,African-American,Male,Less than 25,0,1
10037,LR_8_features,8,2,African-American,Male,Greater than 45,1,0
10045,LR_8_features,8,2,African-American,Male,Less than 25,1,0
10052,LR_8_features,8,2,African-American,Female,25 - 45,0,0
10065,LR_8_features,8,2,Caucasian,Male,25 - 45,0,0
10107,LR_8_features,8,2,African-American,Female,25 - 45,0,0
10136,LR_8_features,8,2,African-American,Male,25 - 45,1,0
10137,LR_8_features,8,2,African-American,Male,25 - 45,0,0
10157,LR_8_features,8,2,African-American,Female,25 - 45,1,1
10165,LR_8_features,8,2,African-American,Male,25 - 45,1,1
10193,LR_8_features,8,2,African-American,Male,Less than 25,0,1
10205,LR_8_features,8,2,Hispanic,Male,25 - 45,1,0
10210,LR_8_features,8,2,African-American,Male,25 - 45,0,0
10230,LR_8_features,8,2,Caucasian,Male,Greater than 45,0,0
10244,LR_8_features,8,2,Other,Male,Greater than 45,1,0
10272,LR_8_features,8,2,African-American,Male,Less than 25,0,0
10329,LR_8_features,8,2,Other,Male,Greater than 45,0,0
10335,LR_8_features,8,2,Other,Female,Greater than 45,0,0
10356,LR_8_features,8,2,Hispanic,Male,25 - 45,1,1
10428,LR_8_features,8,2,Caucasian,Male,Greater than 45,0,0
10447,LR_8_features,8,2,Caucasian,Male,Greater than 45,0,0
10463,LR_8_features,8,2,African-American,Male,Less than 25,1,1
10469,LR_8_features,8,2,African-American,Male,25 - 45,0,0
10484,LR_8_features,8,2,Caucasian,Male,25 - 45,0,0
10532,LR_8_features,8,2,African-American,Male,25 - 45,1,0
10538,LR_8_features,8,2,African-American,Male,Less than 25,0,0
10553,LR_8_features,8,2,African-American,Male,25 - 45,1,1
10568,LR_8_features,8,2,Caucasian,Male,25 - 45,0,1
10575,LR_8_features,8,2,Caucasian,Male,25 - 45,0,1
10585,LR_8_features,8,2,African-American,Female,25 - 45,0,0
10586,LR_8_features,8,2,African-American,Male,Greater than 45,1,0
10599,LR_8_features,8,2,African-American,Female,25 - 45,1,0
10652,LR_8_features,8,2,African-American,Male,25 - 45,1,0
10653,LR_8_features,8,2,African-American,Male,Greater than 45,0,0
10655,LR_8_features,8,2,Other,Female,25 - 45,0,0
10685,LR_8_features,8,2,African-American,Female,25 - 45,0,0
10703,LR_8_features,8,2,African-American,Male,25 - 45,0,1
10778,LR_8_features,8,2,Caucasian,Male,25 - 45,1,0
10823,LR_8_features,8,2,Hispanic,Male,25 - 45,1,0
10843,LR_8_features,8,2,Hispanic,Male,Less than 25,0,0
10871,LR_8_features,8,2,Caucasian,Female,25 - 45,0,0
10873,LR_8_features,8,2,African-American,Female,25 - 45,1,1
10884,LR_8_features,8,2,Caucasian,Male,25 - 45,0,1
10886,LR_8_features,8,2,African-American,Female,25 - 45,1,0
10924,LR_8_features,8,2,African-American,Male,25 - 45,0,0
10934,LR_8_features,8,2,Caucasian,Male,25 - 45,0,0
10982,LR_8_features,8,2,Caucasian,Male,Less than 25,0,0
9,LR_8_features,8,3,Other,Male,25 - 45,0,0
19,LR_8_features,8,3,Caucasian,Female,Greater than 45,1,0
39,LR_8_features,8,3,African-American,Male,25 - 45,1,1
40,LR_8_features,8,3,African-American,Male,25 - 45,1,0
52,LR_8_features,8,3,Caucasian,Female,25 - 45,1,0
55,LR_8_features,8,3,Caucasian,Male,25 - 45,0,0
57,LR_8_features,8,3,African-American,Male,Greater than 45,0,0
67,LR_8_features,8,3,African-American,Male,25 - 45,1,1
91,LR_8_features,8,3,Caucasian,Male,25 - 45,1,0
113,LR_8_features,8,3,African-American,Male,Less than 25,1,0
119,LR_8_features,8,3,African-American,Male,25 - 45,0,0
120,LR_8_features,8,3,African-American,Male,25 - 45,0,0
128,LR_8_features,8,3,African-American,Male,25 - 45,1,1
145,LR_8_features,8,3,Caucasian,Female,Less than 25,0,0
150,LR_8_features,8,3,Hispanic,Female,25 - 45,0,0
151,LR_8_features,8,3,African-American,Male,Less than 25,1,1
173,LR_8_features,8,3,African-American,Male,25 - 45,1,1
180,LR_8_features,8,3,African-American,Male,25 - 45,0,0
182,LR_8_features,8,3,Other,Female,25 - 45,0,0
222,LR_8_features,8,3,Caucasian,Female,25 - 45,0,0
241,LR_8_features,8,3,African-American,Female,25 - 45,1,0
278,LR_8_features,8,3,African-American,Male,Less than 25,1,0
304,LR_8_features,8,3,Other,Male,Less than 25,1,1
320,LR_8_features,8,3,African-American,Male,25 - 45,0,1
331,LR_8_features,8,3,Caucasian,Male,25 - 45,1,0
354,LR_8_features,8,3,African-American,Male,Less than 25,0,1
357,LR_8_features,8,3,Caucasian,Male,25 - 45,1,0
379,LR_8_features,8,3,Hispanic,Female,25 - 45,0,0
414,LR_8_features,8,3,Other,Female,25 - 45,0,0
464,LR_8_features,8,3,Caucasian,Male,25 - 45,1,0
496,LR_8_features,8,3,Caucasian,Female,25 - 45,1,0
502,LR_8_features,8,3,African-American,Male,Less than 25,0,0
516,LR_8_features,8,3,African-American,Male,25 - 45,1,1
518,LR_8_features,8,3,African-American,Male,Greater than 45,0,0
525,LR_8_features,8,3,Other,Male,25 - 45,0,0
532,LR_8_features,8,3,Caucasian,Male,Less than 25,0,0
538,LR_8_features,8,3,African-American,Male,25 - 45,0,0
545,LR_8_features,8,3,Other,Female,Less than 25,0,0
552,LR_8_features,8,3,Caucasian,Male,Less than 25,1,1
567,LR_8_features,8,3,Caucasian,Female,Greater than 45,0,0
576,LR_8_features,8,3,African-American,Male,25 - 45,1,1
580,LR_8_features,8,3,Caucasian,Male,Less than 25,0,1
608,LR_8_features,8,3,Caucasian,Male,25 - 45,0,0
656,LR_8_features,8,3,African-American,Male,25 - 45,0,1
694,LR_8_features,8,3,Caucasian,Male,25 - 45,1,0
704,LR_8_features,8,3,African-American,Male,25 - 45,0,0
722,LR_8_features,8,3,Caucasian,Male,25 - 45,0,0
731,LR_8_features,8,3,Hispanic,Male,Greater than 45,0,0
740,LR_8_features,8,3,Asian,Male,Greater than 45,1,0
752,LR_8_features,8,3,Caucasian,Male,25 - 45,1,0
753,LR_8_features,8,3,African-American,Male,Greater than 45,0,0
803,LR_8_features,8,3,African-American,Male,Greater than 45,0,0
820,LR_8_features,8,3,Hispanic,Male,25 - 45,0,1
882,LR_8_features,8,3,Caucasian,Male,Greater than 45,1,0
886,LR_8_features,8,3,Caucasian,Female,Greater than 45,0,0
900,LR_8_features,8,3,Caucasian,Female,Less than 25,0,0
917,LR_8_features,8,3,African-American,Male,Less than 25,1,1
918,LR_8_features,8,3,African-American,Female,25 - 45,0,0
922,LR_8_features,8,3,Caucasian,Male,25 - 45,1,1
964,LR_8_features,8,3,Caucasian,Male,Less than 25,1,1
1034,LR_8_features,8,3,African-American,Male,Less than 25,1,1
1062,LR_8_features,8,3,African-American,Male,25 - 45,0,1
1072,LR_8_features,8,3,African-American,Male,25 - 45,0,0
1073,LR_8_features,8,3,Hispanic,Male,Less than 25,0,0
1111,LR_8_features,8,3,African-American,Male,Greater than 45,0,0
1120,LR_8_features,8,3,African-American,Male,Less than 25,0,0
1143,LR_8_features,8,3,African-American,Male,Less than 25,1,1
1212,LR_8_features,8,3,African-American,Female,Less than 25,1,0
1215,LR_8_features,8,3,Hispanic,Male,Greater than 45,0,0
1259,LR_8_features,8,3,Caucasian,Male,25 - 45,1,1
1260,LR_8_features,8,3,African-American,Male,Greater than 45,1,0
1269,LR_8_features,8,3,African-American,Male,25 - 45,0,0
1272,LR_8_features,8,3,African-American,Male,25 - 45,1,1
1276,LR_8_features,8,3,African-American,Male,Less than 25,1,1
1295,LR_8_features,8,3,Caucasian,Male,25 - 45,0,0
1336,LR_8_features,8,3,Caucasian,Male,Greater than 45,0,0
1363,LR_8_features,8,3,Hispanic,Male,Greater than 45,1,0
1380,LR_8_features,8,3,African-American,Male,Greater than 45,1,0
1385,LR_8_features,8,3,African-American,Male,25 - 45,1,1
1402,LR_8_features,8,3,African-American,Male,Greater than 45,0,0
1458,LR_8_features,8,3,Caucasian,Male,Less than 25,0,0
1460,LR_8_features,8,3,Hispanic,Female,Less than 25,1,0
1463,LR_8_features,8,3,African-American,Male,25 - 45,1,0
1484,LR_8_features,8,3,Caucasian,Male,25 - 45,1,1
1553,LR_8_features,8,3,Hispanic,Male,Greater than 45,1,0
1563,LR_8_features,8,3,African-American,Female,Greater than 45,0,0
1578,LR_8_features,8,3,Caucasian,Male,25 - 45,0,0
1601,LR_8_features,8,3,Caucasian,Male,25 - 45,1,0
1607,LR_8_features,8,3,African-American,Female,25 - 45,1,1
1630,LR_8_features,8,3,Caucasian,Female,Greater than 45,0,0
1657,LR_8_features,8,3,African-American,Male,25 - 45,0,0
1670,LR_8_features,8,3,African-American,Male,Less than 25,1,1
1680,LR_8_features,8,3,Caucasian,Male,Greater than 45,0,0
1733,LR_8_features,8,3,Caucasian,Female,Greater than 45,0,0
1810,LR_8_features,8,3,Hispanic,Male,25 - 45,0,0
1829,LR_8_features,8,3,Caucasian,Female,25 - 45,0,0
1872,LR_8_features,8,3,African-American,Male,25 - 45,0,0
1877,LR_8_features,8,3,African-American,Male,Less than 25,1,1
1926,LR_8_features,8,3,Caucasian,Female,Greater than 45,0,0
1928,LR_8_features,8,3,Hispanic,Male,Less than 25,0,1
1931,LR_8_features,8,3,Caucasian,Male,25 - 45,0,0
1951,LR_8_features,8,3,African-American,Male,Less than 25,0,1
1974,LR_8_features,8,3,African-American,Male,25 - 45,0,0
1994,LR_8_features,8,3,Caucasian,Male,25 - 45,1,1
1995,LR_8_features,8,3,Caucasian,Male,Greater than 45,1,0
2105,LR_8_features,8,3,Hispanic,Male,Greater than 45,0,0
2107,LR_8_features,8,3,African-American,Male,Less than 25,1,1
2150,LR_8_features,8,3,African-American,Male,25 - 45,1,1
2152,LR_8_features,8,3,African-American,Female,25 - 45,0,0
2159,LR_8_features,8,3,Caucasian,Male,Greater than 45,0,0
2161,LR_8_features,8,3,Caucasian,Male,25 - 45,0,0
2169,LR_8_features,8,3,Caucasian,Male,25 - 45,0,0
2184,LR_8_features,8,3,Caucasian,Male,Less than 25,1,1
2196,LR_8_features,8,3,African-American,Male,Greater than 45,0,0
2221,LR_8_features,8,3,Caucasian,Male,Greater than 45,1,0
2237,LR_8_features,8,3,African-American,Male,Less than 25,0,1
2252,LR_8_features,8,3,Other,Male,25 - 45,0,0
2286,LR_8_features,8,3,Hispanic,Male,25 - 45,0,0
2290,LR_8_features,8,3,African-American,Male,25 - 45,1,0
2292,LR_8_features,8,3,Caucasian,Male,25 - 45,0,0
2303,LR_8_features,8,3,Caucasian,Female,25 - 45,0,0
2311,LR_8_features,8,3,Other,Male,25 - 45,1,0
2382,LR_8_features,8,3,African-American,Male,Greater than 45,1,1
2398,LR_8_features,8,3,Caucasian,Female,Greater than 45,0,0
2401,LR_8_features,8,3,African-American,Male,25 - 45,0,0
2415,LR_8_features,8,3,Hispanic,Male,Greater than 45,0,0
2418,LR_8_features,8,3,Caucasian,Male,Greater than 45,0,0
2442,LR_8_features,8,3,African-American,Male,Less than 25,1,1
2482,LR_8_features,8,3,African-American,Male,25 - 45,0,0
2485,LR_8_features,8,3,African-American,Female,25 - 45,0,0
2489,LR_8_features,8,3,Hispanic,Male,Less than 25,0,0
2524,LR_8_features,8,3,Other,Male,Less than 25,0,0
2548,LR_8_features,8,3,African-American,Male,25 - 45,1,0
2560,LR_8_features,8,3,Caucasian,Male,Less than 25,1,1
2573,LR_8_features,8,3,Caucasian,Female,25 - 45,1,0
2574,LR_8_features,8,3,Caucasian,Male,Less than 25,0,1
2583,LR_8_features,8,3,Caucasian,Female,25 - 45,0,0
2586,LR_8_features,8,3,Caucasian,Male,25 - 45,0,0
2611,LR_8_features,8,3,African-American,Female,25 - 45,0,0
2623,LR_8_features,8,3,African-American,Male,25 - 45,0,1
2642,LR_8_features,8,3,Hispanic,Male,Less than 25,0,1
2656,LR_8_features,8,3,Caucasian,Male,Greater than 45,0,0
2719,LR_8_features,8,3,African-American,Male,Less than 25,1,1
2728,LR_8_features,8,3,Asian,Male,Less than 25,0,0
2735,LR_8_features,8,3,African-American,Male,25 - 45,1,1
2762,LR_8_features,8,3,African-American,Male,Less than 25,1,1
2777,LR_8_features,8,3,African-American,Male,25 - 45,0,0
2782,LR_8_features,8,3,African-American,Male,25 - 45,1,1
2817,LR_8_features,8,3,Caucasian,Male,25 - 45,0,0
2830,LR_8_features,8,3,African-American,Male,Greater than 45,0,0
2852,LR_8_features,8,3,African-American,Male,25 - 45,0,0
2883,LR_8_features,8,3,African-American,Male,25 - 45,1,1
2887,LR_8_features,8,3,African-American,Male,25 - 45,0,0
2898,LR_8_features,8,3,Caucasian,Female,25 - 45,0,0
2928,LR_8_features,8,3,African-American,Male,25 - 45,0,0
2936,LR_8_features,8,3,African-American,Male,25 - 45,0,1
2968,LR_8_features,8,3,African-American,Male,25 - 45,1,1
2982,LR_8_features,8,3,African-American,Male,Greater than 45,1,0
2985,LR_8_features,8,3,Caucasian,Male,Greater than 45,1,0
3025,LR_8_features,8,3,African-American,Male,25 - 45,0,0
3057,LR_8_features,8,3,African-American,Male,25 - 45,1,1
3122,LR_8_features,8,3,Caucasian,Male,Greater than 45,0,0
3136,LR_8_features,8,3,Caucasian,Female,25 - 45,0,0
3156,LR_8_features,8,3,Caucasian,Male,Greater than 45,0,0
3208,LR_8_features,8,3,African-American,Female,25 - 45,0,0
3223,LR_8_features,8,3,Caucasian,Male,Greater than 45,1,1
3225,LR_8_features,8,3,African-American,Male,Less than 25,1,1
3226,LR_8_features,8,3,African-American,Male,25 - 45,0,1
3288,LR_8_features,8,3,African-American,Male,25 - 45,1,1
3292,LR_8_features,8,3,Hispanic,Male,25 - 45,0,0
3299,LR_8_features,8,3,African-American,Male,25 - 45,1,1
3315,LR_8_features,8,3,Caucasian,Male,Greater than 45,0,0
3316,LR_8_features,8,3,Caucasian,Female,25 - 45,1,0
3349,LR_8_features,8,3,African-American,Male,25 - 45,1,0
3360,LR_8_features,8,3,African-American,Male,Greater than 45,1,0
3363,LR_8_features,8,3,Hispanic,Male,25 - 45,1,0
3386,LR_8_features,8,3,Caucasian,Male,25 - 45,1,1
3410,LR_8_features,8,3,African-American,Male,Greater than 45,0,0
3445,LR_8_features,8,3,Caucasian,Male,25 - 45,0,0
3454,LR_8_features,8,3,African-American,Male,25 - 45,1,1
3488,LR_8_features,8,3,Caucasian,Male,25 - 45,0,0
3507,LR_8_features,8,3,Hispanic,Male,Greater than 45,0,0
3529,LR_8_features,8,3,Hispanic,Male,25 - 45,0,0
3533,LR_8_features,8,3,Caucasian,Male,25 - 45,1,1
3563,LR_8_features,8,3,African-American,Male,Greater than 45,1,1
3585,LR_8_features,8,3,Caucasian,Male,Greater than 45,1,0
3591,LR_8_features,8,3,Hispanic,Male,25 - 45,0,1
3598,LR_8_features,8,3,African-American,Male,25 - 45,0,0
3628,LR_8_features,8,3,African-American,Male,Less than 25,1,1
3649,LR_8_features,8,3,African-American,Male,25 - 45,1,1
3675,LR_8_features,8,3,African-American,Male,25 - 45,1,1
3676,LR_8_features,8,3,African-American,Male,Greater than 45,0,0
3691,LR_8_features,8,3,Other,Male,Less than 25,1,0
3704,LR_8_features,8,3,Hispanic,Female,25 - 45,0,0
3710,LR_8_features,8,3,African-American,Male,Less than 25,1,1
3728,LR_8_features,8,3,Other,Male,Greater than 45,0,0
3778,LR_8_features,8,3,Caucasian,Male,25 - 45,1,0
3800,LR_8_features,8,3,African-American,Male,25 - 45,1,1
3804,LR_8_features,8,3,African-American,Male,25 - 45,0,0
3824,LR_8_features,8,3,African-American,Male,25 - 45,1,0
3835,LR_8_features,8,3,Caucasian,Female,Greater than 45,0,0
3840,LR_8_features,8,3,African-American,Male,25 - 45,0,1
3896,LR_8_features,8,3,Hispanic,Male,Less than 25,1,1
3906,LR_8_features,8,3,African-American,Male,25 - 45,1,1
3920,LR_8_features,8,3,Other,Male,25 - 45,0,0
3966,LR_8_features,8,3,African-American,Male,Greater than 45,1,1
3969,LR_8_features,8,3,African-American,Male,Less than 25,1,1
3982,LR_8_features,8,3,African-American,Male,25 - 45,0,0
3988,LR_8_features,8,3,African-American,Female,25 - 45,1,0
3997,LR_8_features,8,3,African-American,Male,25 - 45,1,0
3999,LR_8_features,8,3,African-American,Male,25 - 45,0,0
4004,LR_8_features,8,3,African-American,Female,25 - 45,0,0
4060,LR_8_features,8,3,African-American,Male,25 - 45,0,0
4065,LR_8_features,8,3,Caucasian,Male,Less than 25,1,1
4088,LR_8_features,8,3,African-American,Male,25 - 45,0,0
4099,LR_8_features,8,3,African-American,Male,Less than 25,0,1
4111,LR_8_features,8,3,African-American,Male,Greater than 45,0,0
4139,LR_8_features,8,3,African-American,Male,25 - 45,1,1
4144,LR_8_features,8,3,African-American,Male,Less than 25,0,1
4160,LR_8_features,8,3,Caucasian,Female,25 - 45,1,0
4170,LR_8_features,8,3,Caucasian,Male,25 - 45,1,1
4178,LR_8_features,8,3,Caucasian,Male,25 - 45,0,0
4186,LR_8_features,8,3,Caucasian,Male,Greater than 45,0,0
4189,LR_8_features,8,3,African-American,Male,25 - 45,1,1
4227,LR_8_features,8,3,Hispanic,Male,25 - 45,1,0
4235,LR_8_features,8,3,African-American,Male,Greater than 45,1,1
4240,LR_8_features,8,3,Hispanic,Male,Less than 25,1,0
4245,LR_8_features,8,3,African-American,Male,25 - 45,0,0
4255,LR_8_features,8,3,Caucasian,Male,25 - 45,0,0
4274,LR_8_features,8,3,African-American,Male,25 - 45,1,1
4284,LR_8_features,8,3,Other,Male,Greater than 45,1,0
4297,LR_8_features,8,3,Caucasian,Male,Less than 25,1,1
4300,LR_8_features,8,3,Caucasian,Male,Greater than 45,0,0
4305,LR_8_features,8,3,Hispanic,Male,25 - 45,0,0
4341,LR_8_features,8,3,Other,Male,25 - 45,1,1
4381,LR_8_features,8,3,Caucasian,Male,Greater than 45,0,0
4385,LR_8_features,8,3,African-American,Male,25 - 45,1,1
4387,LR_8_features,8,3,African-American,Male,25 - 45,1,1
4442,LR_8_features,8,3,Caucasian,Male,Less than 25,0,1
4488,LR_8_features,8,3,Hispanic,Male,Less than 25,1,1
4492,LR_8_features,8,3,African-American,Female,Less than 25,0,0
4512,LR_8_features,8,3,African-American,Male,Less than 25,1,1
4566,LR_8_features,8,3,African-American,Female,25 - 45,0,0
4574,LR_8_features,8,3,Caucasian,Male,25 - 45,1,1
4643,LR_8_features,8,3,African-American,Male,25 - 45,1,1
4645,LR_8_features,8,3,Other,Male,Greater than 45,0,0
4668,LR_8_features,8,3,Caucasian,Female,Greater than 45,0,0
4670,LR_8_features,8,3,Caucasian,Female,25 - 45,0,0
4683,LR_8_features,8,3,Hispanic,Male,25 - 45,0,0
4694,LR_8_features,8,3,Caucasian,Male,25 - 45,0,0
4698,LR_8_features,8,3,African-American,Male,Greater than 45,0,1
4701,LR_8_features,8,3,Caucasian,Male,25 - 45,0,1
4707,LR_8_features,8,3,African-American,Male,Less than 25,1,0
4710,LR_8_features,8,3,Caucasian,Female,25 - 45,1,1
4749,LR_8_features,8,3,Caucasian,Male,Greater than 45,0,0
4797,LR_8_features,8,3,Caucasian,Male,25 - 45,0,1
4831,LR_8_features,8,3,Caucasian,Male,25 - 45,0,1
4834,LR_8_features,8,3,African-American,Female,25 - 45,0,0
4860,LR_8_features,8,3,African-American,Female,Less than 25,0,0
4864,LR_8_features,8,3,African-American,Female,25 - 45,0,1
4866,LR_8_features,8,3,African-American,Male,25 - 45,1,1
4886,LR_8_features,8,3,African-American,Male,25 - 45,1,1
4900,LR_8_features,8,3,Other,Female,25 - 45,0,0
4912,LR_8_features,8,3,Hispanic,Male,Less than 25,0,1
4933,LR_8_features,8,3,African-American,Male,25 - 45,0,1
4948,LR_8_features,8,3,Caucasian,Male,25 - 45,0,0
4950,LR_8_features,8,3,African-American,Male,Less than 25,0,0
4951,LR_8_features,8,3,Hispanic,Female,Greater than 45,0,0
4952,LR_8_features,8,3,African-American,Male,Greater than 45,1,0
4971,LR_8_features,8,3,African-American,Male,Less than 25,1,1
5001,LR_8_features,8,3,African-American,Male,Less than 25,1,0
5027,LR_8_features,8,3,African-American,Male,25 - 45,1,1
5098,LR_8_features,8,3,African-American,Male,25 - 45,1,1
5112,LR_8_features,8,3,African-American,Male,25 - 45,1,1
5119,LR_8_features,8,3,African-American,Male,25 - 45,1,1
5122,LR_8_features,8,3,African-American,Male,Less than 25,1,1
5123,LR_8_features,8,3,African-American,Male,25 - 45,1,1
5138,LR_8_features,8,3,Caucasian,Male,Less than 25,1,1
5147,LR_8_features,8,3,Other,Male,Less than 25,1,0
5168,LR_8_features,8,3,African-American,Male,Less than 25,1,1
5183,LR_8_features,8,3,African-American,Male,Less than 25,0,0
5190,LR_8_features,8,3,Other,Male,25 - 45,1,0
5198,LR_8_features,8,3,Caucasian,Male,25 - 45,0,0
5215,LR_8_features,8,3,Caucasian,Male,25 - 45,0,0
5272,LR_8_features,8,3,Caucasian,Male,25 - 45,0,0
5295,LR_8_features,8,3,African-American,Male,25 - 45,1,1
5342,LR_8_features,8,3,Caucasian,Male,Greater than 45,0,0
5348,LR_8_features,8,3,African-American,Female,25 - 45,1,0
5349,LR_8_features,8,3,Caucasian,Male,Less than 25,1,1
5360,LR_8_features,8,3,Caucasian,Male,Greater than 45,0,0
5380,LR_8_features,8,3,African-American,Male,25 - 45,1,1
5403,LR_8_features,8,3,African-American,Male,25 - 45,1,1
5423,LR_8_features,8,3,Caucasian,Male,Greater than 45,0,0
5454,LR_8_features,8,3,Caucasian,Female,25 - 45,1,0
5489,LR_8_features,8,3,African-American,Male,Less than 25,1,1
5511,LR_8_features,8,3,Caucasian,Female,25 - 45,0,0
5514,LR_8_features,8,3,Other,Male,Greater than 45,0,0
5519,LR_8_features,8,3,African-American,Male,25 - 45,0,0
5556,LR_8_features,8,3,African-American,Male,Greater than 45,1,1
5564,LR_8_features,8,3,African-American,Male,25 - 45,1,1
5574,LR_8_features,8,3,African-American,Male,25 - 45,1,1
5583,LR_8_features,8,3,African-American,Male,25 - 45,1,1
5584,LR_8_features,8,3,African-American,Male,Greater than 45,0,1
5594,LR_8_features,8,3,Caucasian,Male,Less than 25,1,1
5601,LR_8_features,8,3,Caucasian,Male,Greater than 45,0,0
5617,LR_8_features,8,3,Caucasian,Male,Greater than 45,0,0
5623,LR_8_features,8,3,Caucasian,Male,25 - 45,1,0
5628,LR_8_features,8,3,Caucasian,Male,25 - 45,0,0
5654,LR_8_features,8,3,African-American,Male,25 - 45,0,0
5659,LR_8_features,8,3,Caucasian,Female,25 - 45,0,0
5667,LR_8_features,8,3,Hispanic,Male,25 - 45,1,0
5684,LR_8_features,8,3,African-American,Male,Less than 25,0,1
5689,LR_8_features,8,3,Caucasian,Male,Less than 25,0,1
5716,LR_8_features,8,3,African-American,Male,25 - 45,0,1
5738,LR_8_features,8,3,African-American,Male,Greater than 45,0,0
5741,LR_8_features,8,3,Caucasian,Male,25 - 45,0,0
5743,LR_8_features,8,3,Caucasian,Male,Greater than 45,0,0
5748,LR_8_features,8,3,African-American,Male,Less than 25,1,1
5753,LR_8_features,8,3,Caucasian,Male,25 - 45,0,0
5779,LR_8_features,8,3,African-American,Female,25 - 45,1,0
5816,LR_8_features,8,3,African-American,Male,25 - 45,1,1
5838,LR_8_features,8,3,Caucasian,Male,25 - 45,1,0
5887,LR_8_features,8,3,African-American,Male,Less than 25,1,1
5917,LR_8_features,8,3,African-American,Male,25 - 45,1,0
5964,LR_8_features,8,3,African-American,Female,Less than 25,0,0
5981,LR_8_features,8,3,Caucasian,Female,25 - 45,1,0
6006,LR_8_features,8,3,African-American,Female,25 - 45,0,0
6022,LR_8_features,8,3,Caucasian,Male,Greater than 45,1,0
6032,LR_8_features,8,3,African-American,Male,Less than 25,0,0
6036,LR_8_features,8,3,Other,Male,Less than 25,0,0
6071,LR_8_features,8,3,African-American,Male,Greater than 45,0,1
6125,LR_8_features,8,3,African-American,Male,25 - 45,0,1
6131,LR_8_features,8,3,African-American,Male,Greater than 45,0,0
6152,LR_8_features,8,3,African-American,Male,25 - 45,0,0
6200,LR_8_features,8,3,Hispanic,Male,25 - 45,0,0
6205,LR_8_features,8,3,African-American,Male,Greater than 45,1,1
6206,LR_8_features,8,3,Hispanic,Male,Greater than 45,0,0
6241,LR_8_features,8,3,Caucasian,Male,25 - 45,0,0
6256,LR_8_features,8,3,African-American,Male,25 - 45,1,1
6287,LR_8_features,8,3,Caucasian,Male,25 - 45,0,0
6296,LR_8_features,8,3,African-American,Male,25 - 45,1,0
6312,LR_8_features,8,3,African-American,Male,25 - 45,1,1
6320,LR_8_features,8,3,African-American,Male,25 - 45,1,1
6324,LR_8_features,8,3,Hispanic,Male,Less than 25,0,1
6335,LR_8_features,8,3,African-American,Male,25 - 45,0,0
6345,LR_8_features,8,3,African-American,Male,Less than 25,0,1
6349,LR_8_features,8,3,African-American,Female,25 - 45,0,0
6373,LR_8_features,8,3,African-American,Male,25 - 45,1,1
6377,LR_8_features,8,3,Caucasian,Male,25 - 45,1,1
6389,LR_8_features,8,3,Caucasian,Female,25 - 45,1,1
6391,LR_8_features,8,3,African-American,Male,Less than 25,1,1
6422,LR_8_features,8,3,African-American,Female,Less than 25,0,1
6428,LR_8_features,8,3,Caucasian,Female,25 - 45,1,1
6443,LR_8_features,8,3,Caucasian,Male,25 - 45,0,1
6468,LR_8_features,8,3,African-American,Female,Greater than 45,0,0
6482,LR_8_features,8,3,African-American,Male,25 - 45,1,1
6511,LR_8_features,8,3,African-American,Male,25 - 45,1,0
6512,LR_8_features,8,3,Caucasian,Male,25 - 45,0,0
6524,LR_8_features,8,3,Caucasian,Male,25 - 45,0,0
6525,LR_8_features,8,3,Caucasian,Male,Greater than 45,1,0
6539,LR_8_features,8,3,Other,Male,25 - 45,0,0
6547,LR_8_features,8,3,Hispanic,Male,Less than 25,1,1
6554,LR_8_features,8,3,African-American,Female,25 - 45,0,0
6558,LR_8_features,8,3,Caucasian,Male,Greater than 45,1,0
6566,LR_8_features,8,3,African-American,Male,25 - 45,1,1
6584,LR_8_features,8,3,Caucasian,Male,25 - 45,0,0
6591,LR_8_features,8,3,African-American,Female,Greater than 45,0,0
6641,LR_8_features,8,3,African-American,Male,Less than 25,1,1
6651,LR_8_features,8,3,African-American,Female,25 - 45,0,0
6653,LR_8_features,8,3,Caucasian,Female,25 - 45,0,0
6657,LR_8_features,8,3,African-American,Female,25 - 45,1,1
6662,LR_8_features,8,3,African-American,Male,25 - 45,0,0
6663,LR_8_features,8,3,African-American,Male,25 - 45,0,0
6683,LR_8_features,8,3,African-American,Female,Less than 25,1,0
6686,LR_8_features,8,3,Caucasian,Male,25 - 45,1,0
6696,LR_8_features,8,3,African-American,Male,Less than 25,0,1
6775,LR_8_features,8,3,African-American,Male,25 - 45,1,1
6804,LR_8_features,8,3,Caucasian,Male,25 - 45,1,0
6815,LR_8_features,8,3,African-American,Male,Less than 25,0,1
6859,LR_8_features,8,3,Caucasian,Male,Less than 25,1,0
6875,LR_8_features,8,3,Caucasian,Male,Less than 25,0,0
6888,LR_8_features,8,3,African-American,Female,25 - 45,0,0
6896,LR_8_features,8,3,Hispanic,Male,25 - 45,1,0
6916,LR_8_features,8,3,African-American,Male,Less than 25,0,1
6919,LR_8_features,8,3,African-American,Female,25 - 45,1,0
6941,LR_8_features,8,3,African-American,Female,Greater than 45,1,0
6949,LR_8_features,8,3,Caucasian,Male,25 - 45,1,0
6955,LR_8_features,8,3,African-American,Male,Less than 25,1,1
6981,LR_8_features,8,3,Caucasian,Male,25 - 45,1,0
6999,LR_8_features,8,3,African-American,Male,Less than 25,0,1
7028,LR_8_features,8,3,Caucasian,Male,25 - 45,1,1
7030,LR_8_features,8,3,Other,Male,25 - 45,0,0
7053,LR_8_features,8,3,African-American,Male,25 - 45,0,0
7060,LR_8_features,8,3,African-American,Female,25 - 45,0,1
7095,LR_8_features,8,3,Hispanic,Male,25 - 45,0,0
7101,LR_8_features,8,3,Caucasian,Female,Less than 25,0,0
7107,LR_8_features,8,3,African-American,Male,25 - 45,1,1
7119,LR_8_features,8,3,African-American,Male,Less than 25,0,1
7121,LR_8_features,8,3,Asian,Male,25 - 45,0,0
7125,LR_8_features,8,3,African-American,Female,25 - 45,0,1
7164,LR_8_features,8,3,Caucasian,Male,Greater than 45,0,0
7180,LR_8_features,8,3,Hispanic,Male,25 - 45,0,0
7185,LR_8_features,8,3,Hispanic,Male,Greater than 45,0,0
7204,LR_8_features,8,3,Caucasian,Male,25 - 45,0,0
7223,LR_8_features,8,3,African-American,Male,Greater than 45,0,0
7224,LR_8_features,8,3,African-American,Male,Less than 25,1,1
7239,LR_8_features,8,3,Other,Male,25 - 45,1,1
7240,LR_8_features,8,3,African-American,Male,25 - 45,0,0
7242,LR_8_features,8,3,African-American,Female,Less than 25,0,0
7246,LR_8_features,8,3,Caucasian,Male,Less than 25,0,1
7283,LR_8_features,8,3,African-American,Female,25 - 45,0,0
7284,LR_8_features,8,3,Caucasian,Male,25 - 45,0,1
7296,LR_8_features,8,3,Other,Male,Greater than 45,0,0
7351,LR_8_features,8,3,Hispanic,Male,25 - 45,0,0
7355,LR_8_features,8,3,Caucasian,Female,25 - 45,0,0
7385,LR_8_features,8,3,Caucasian,Male,Greater than 45,1,0
7392,LR_8_features,8,3,African-American,Male,Greater than 45,0,0
7405,LR_8_features,8,3,Caucasian,Female,Less than 25,1,1
7411,LR_8_features,8,3,African-American,Male,25 - 45,0,1
7420,LR_8_features,8,3,Caucasian,Male,25 - 45,1,0
7442,LR_8_features,8,3,Other,Male,25 - 45,1,0
7446,LR_8_features,8,3,Caucasian,Male,Greater than 45,0,0
7448,LR_8_features,8,3,African-American,Female,25 - 45,0,0
7450,LR_8_features,8,3,African-American,Male,25 - 45,1,1
7477,LR_8_features,8,3,African-American,Male,Less than 25,0,1
7478,LR_8_features,8,3,African-American,Male,25 - 45,1,1
7481,LR_8_features,8,3,Caucasian,Male,Less than 25,1,1
7499,LR_8_features,8,3,Caucasian,Male,25 - 45,0,0
7537,LR_8_features,8,3,Hispanic,Male,25 - 45,1,0
7556,LR_8_features,8,3,Caucasian,Male,Less than 25,0,0
7563,LR_8_features,8,3,Caucasian,Female,25 - 45,0,0
7581,LR_8_features,8,3,African-American,Male,25 - 45,1,0
7602,LR_8_features,8,3,African-American,Male,25 - 45,1,1
7612,LR_8_features,8,3,Caucasian,Male,Greater than 45,1,0
7613,LR_8_features,8,3,Hispanic,Male,Greater than 45,0,0
7638,LR_8_features,8,3,Hispanic,Male,25 - 45,1,0
7672,LR_8_features,8,3,Other,Male,Greater than 45,0,0
7689,LR_8_features,8,3,African-American,Male,25 - 45,1,1
7714,LR_8_features,8,3,African-American,Male,25 - 45,1,1
7722,LR_8_features,8,3,African-American,Female,Less than 25,1,1
7742,LR_8_features,8,3,Hispanic,Male,25 - 45,1,1
7744,LR_8_features,8,3,Caucasian,Male,Greater than 45,1,0
7781,LR_8_features,8,3,African-American,Male,Less than 25,1,1
7811,LR_8_features,8,3,Caucasian,Male,25 - 45,0,0
7812,LR_8_features,8,3,African-American,Male,25 - 45,1,1
7813,LR_8_features,8,3,African-American,Male,25 - 45,0,1
7871,LR_8_features,8,3,African-American,Male,Less than 25,1,1
7874,LR_8_features,8,3,Caucasian,Male,25 - 45,1,0
7890,LR_8_features,8,3,African-American,Male,25 - 45,0,1
7906,LR_8_features,8,3,African-American,Male,25 - 45,1,1
7910,LR_8_features,8,3,African-American,Male,25 - 45,0,1
7915,LR_8_features,8,3,African-American,Male,25 - 45,0,0
7919,LR_8_features,8,3,African-American,Male,25 - 45,1,1
7948,LR_8_features,8,3,African-American,Male,25 - 45,0,0
7960,LR_8_features,8,3,Caucasian,Female,Greater than 45,1,0
7988,LR_8_features,8,3,African-American,Male,25 - 45,1,1
8000,LR_8_features,8,3,African-American,Female,25 - 45,1,0
8014,LR_8_features,8,3,African-American,Male,Greater than 45,1,0
8022,LR_8_features,8,3,African-American,Male,Less than 25,1,1
8119,LR_8_features,8,3,African-American,Male,25 - 45,0,1
8132,LR_8_features,8,3,African-American,Male,Less than 25,0,1
8153,LR_8_features,8,3,Caucasian,Male,Greater than 45,0,0
8179,LR_8_features,8,3,Caucasian,Male,Less than 25,1,0
8185,LR_8_features,8,3,African-American,Male,Greater than 45,1,0
8193,LR_8_features,8,3,African-American,Male,Less than 25,1,1
8205,LR_8_features,8,3,Caucasian,Male,25 - 45,1,0
8248,LR_8_features,8,3,Caucasian,Male,25 - 45,1,1
8260,LR_8_features,8,3,Hispanic,Male,25 - 45,1,1
8262,LR_8_features,8,3,Caucasian,Male,Greater than 45,1,0
8280,LR_8_features,8,3,African-American,Male,25 - 45,0,1
8287,LR_8_features,8,3,Caucasian,Female,Less than 25,1,0
8298,LR_8_features,8,3,Caucasian,Male,25 - 45,0,0
8319,LR_8_features,8,3,Hispanic,Male,Less than 25,1,0
8328,LR_8_features,8,3,Caucasian,Male,25 - 45,1,1
8355,LR_8_features,8,3,African-American,Male,25 - 45,0,1
8364,LR_8_features,8,3,Other,Male,Greater than 45,0,0
8367,LR_8_features,8,3,African-American,Male,25 - 45,1,1
8424,LR_8_features,8,3,Caucasian,Female,25 - 45,1,0
8432,LR_8_features,8,3,African-American,Male,25 - 45,1,1
8456,LR_8_features,8,3,African-American,Male,25 - 45,0,0
8468,LR_8_features,8,3,African-American,Male,25 - 45,0,0
8469,LR_8_features,8,3,African-American,Male,25 - 45,1,1
8522,LR_8_features,8,3,Hispanic,Male,25 - 45,1,1
8524,LR_8_features,8,3,African-American,Male,25 - 45,0,1
8568,LR_8_features,8,3,African-American,Male,Less than 25,1,1
8608,LR_8_features,8,3,African-American,Male,25 - 45,0,0
8613,LR_8_features,8,3,Caucasian,Male,25 - 45,0,0
8622,LR_8_features,8,3,African-American,Male,25 - 45,1,1
8626,LR_8_features,8,3,Caucasian,Male,25 - 45,1,1
8630,LR_8_features,8,3,African-American,Male,25 - 45,1,1
8647,LR_8_features,8,3,African-American,Female,25 - 45,0,0
8661,LR_8_features,8,3,Caucasian,Male,Greater than 45,0,0
8676,LR_8_features,8,3,African-American,Male,25 - 45,0,0
8682,LR_8_features,8,3,Asian,Male,25 - 45,0,0
8710,LR_8_features,8,3,African-American,Female,25 - 45,0,0
8755,LR_8_features,8,3,Hispanic,Male,25 - 45,1,0
8762,LR_8_features,8,3,Caucasian,Male,25 - 45,0,0
8777,LR_8_features,8,3,Caucasian,Male,Less than 25,0,1
8778,LR_8_features,8,3,Caucasian,Female,Greater than 45,0,0
8785,LR_8_features,8,3,Hispanic,Female,25 - 45,0,0
8807,LR_8_features,8,3,Hispanic,Male,Less than 25,0,1
8809,LR_8_features,8,3,Hispanic,Female,Less than 25,0,0
8842,LR_8_features,8,3,Caucasian,Male,Greater than 45,0,0
8944,LR_8_features,8,3,African-American,Male,25 - 45,0,0
8948,LR_8_features,8,3,Other,Male,25 - 45,0,0
8962,LR_8_features,8,3,Caucasian,Male,25 - 45,0,0
9008,LR_8_features,8,3,Other,Male,Greater than 45,0,0
9013,LR_8_features,8,3,Caucasian,Male,Greater than 45,0,0
9018,LR_8_features,8,3,African-American,Male,25 - 45,0,1
9020,LR_8_features,8,3,Caucasian,Male,25 - 45,1,1
9022,LR_8_features,8,3,African-American,Male,25 - 45,1,1
9044,LR_8_features,8,3,African-American,Male,Less than 25,1,1
9074,LR_8_features,8,3,African-American,Male,25 - 45,0,0
9092,LR_8_features,8,3,Caucasian,Male,Greater than 45,1,0
9120,LR_8_features,8,3,African-American,Male,Less than 25,0,1
9143,LR_8_features,8,3,Caucasian,Male,Less than 25,0,1
9146,LR_8_features,8,3,African-American,Female,Less than 25,0,0
9155,LR_8_features,8,3,Caucasian,Male,Less than 25,1,1
9158,LR_8_features,8,3,Other,Female,25 - 45,1,0
9163,LR_8_features,8,3,African-American,Male,25 - 45,1,1
9166,LR_8_features,8,3,African-American,Male,Less than 25,0,1
9169,LR_8_features,8,3,Other,Male,25 - 45,1,0
9207,LR_8_features,8,3,African-American,Male,25 - 45,0,0
9225,LR_8_features,8,3,African-American,Male,25 - 45,1,1
9240,LR_8_features,8,3,African-American,Male,25 - 45,1,1
9246,LR_8_features,8,3,Caucasian,Female,Greater than 45,0,0
9249,LR_8_features,8,3,Other,Male,25 - 45,0,0
9255,LR_8_features,8,3,Caucasian,Male,25 - 45,1,0
9261,LR_8_features,8,3,African-American,Male,25 - 45,1,1
9283,LR_8_features,8,3,Caucasian,Male,25 - 45,1,0
9332,LR_8_features,8,3,African-American,Male,Less than 25,0,1
9343,LR_8_features,8,3,African-American,Male,25 - 45,0,1
9351,LR_8_features,8,3,African-American,Male,Greater than 45,0,1
9372,LR_8_features,8,3,African-American,Male,Less than 25,0,1
9377,LR_8_features,8,3,Hispanic,Male,Greater than 45,0,0
9402,LR_8_features,8,3,African-American,Male,25 - 45,1,1
9413,LR_8_features,8,3,African-American,Male,25 - 45,1,1
9435,LR_8_features,8,3,Caucasian,Male,Less than 25,0,1
9450,LR_8_features,8,3,African-American,Female,Less than 25,0,0
9493,LR_8_features,8,3,African-American,Male,25 - 45,0,0
9494,LR_8_features,8,3,Caucasian,Male,25 - 45,0,0
9497,LR_8_features,8,3,African-American,Male,25 - 45,0,0
9506,LR_8_features,8,3,African-American,Male,Less than 25,1,0
9527,LR_8_features,8,3,African-American,Male,25 - 45,0,0
9530,LR_8_features,8,3,Hispanic,Male,Greater than 45,0,0
9540,LR_8_features,8,3,African-American,Male,25 - 45,1,1
9563,LR_8_features,8,3,Caucasian,Male,Less than 25,0,1
9576,LR_8_features,8,3,Other,Female,Greater than 45,0,0
9589,LR_8_features,8,3,African-American,Male,Greater than 45,0,0
9620,LR_8_features,8,3,Caucasian,Male,Less than 25,1,1
9621,LR_8_features,8,3,Caucasian,Male,Greater than 45,0,0
9633,LR_8_features,8,3,Hispanic,Male,25 - 45,0,1
9653,LR_8_features,8,3,Caucasian,Male,Less than 25,0,1
9704,LR_8_features,8,3,African-American,Male,Less than 25,0,1
9717,LR_8_features,8,3,Caucasian,Female,Greater than 45,0,0
9723,LR_8_features,8,3,African-American,Male,Less than 25,0,0
9729,LR_8_features,8,3,African-American,Female,25 - 45,1,0
9773,LR_8_features,8,3,African-American,Male,Less than 25,1,1
9774,LR_8_features,8,3,Caucasian,Male,Greater than 45,1,0
9802,LR_8_features,8,3,African-American,Male,25 - 45,0,0
9811,LR_8_features,8,3,African-American,Female,25 - 45,1,1
9820,LR_8_features,8,3,African-American,Male,25 - 45,0,0
9832,LR_8_features,8,3,Caucasian,Male,25 - 45,1,0
9855,LR_8_features,8,3,Caucasian,Male,Greater than 45,0,0
9883,LR_8_features,8,3,African-American,Male,25 - 45,1,1
9909,LR_8_features,8,3,African-American,Male,25 - 45,1,1
9921,LR_8_features,8,3,African-American,Male,25 - 45,0,0
9939,LR_8_features,8,3,Caucasian,Male,Greater than 45,0,0
9973,LR_8_features,8,3,African-American,Male,Less than 25,1,1
10008,LR_8_features,8,3,Caucasian,Male,25 - 45,1,0
10040,LR_8_features,8,3,African-American,Female,Greater than 45,1,0
10061,LR_8_features,8,3,African-American,Male,25 - 45,0,0
10150,LR_8_features,8,3,African-American,Male,25 - 45,1,1
10229,LR_8_features,8,3,African-American,Male,25 - 45,0,0
10237,LR_8_features,8,3,Caucasian,Male,Less than 25,1,1
10239,LR_8_features,8,3,African-American,Male,25 - 45,0,0
10267,LR_8_features,8,3,African-American,Female,25 - 45,0,0
10280,LR_8_features,8,3,African-American,Male,25 - 45,1,1
10283,LR_8_features,8,3,African-American,Male,25 - 45,1,1
10288,LR_8_features,8,3,Other,Male,25 - 45,0,0
10312,LR_8_features,8,3,African-American,Female,25 - 45,1,0
10330,LR_8_features,8,3,Caucasian,Male,Greater than 45,0,0
10344,LR_8_features,8,3,African-American,Male,25 - 45,0,0
10354,LR_8_features,8,3,African-American,Female,Less than 25,0,0
10401,LR_8_features,8,3,Caucasian,Female,Greater than 45,0,0
10422,LR_8_features,8,3,Caucasian,Male,25 - 45,1,1
10452,LR_8_features,8,3,African-American,Female,25 - 45,0,0
10483,LR_8_features,8,3,African-American,Male,Less than 25,0,0
10497,LR_8_features,8,3,Other,Male,Less than 25,1,0
10505,LR_8_features,8,3,African-American,Male,Less than 25,0,1
10522,LR_8_features,8,3,Caucasian,Female,Greater than 45,0,0
10549,LR_8_features,8,3,Other,Male,25 - 45,0,0
10590,LR_8_features,8,3,African-American,Male,25 - 45,1,0
10617,LR_8_features,8,3,Caucasian,Male,Greater than 45,1,0
10646,LR_8_features,8,3,African-American,Male,25 - 45,1,1
10657,LR_8_features,8,3,Caucasian,Male,25 - 45,0,0
10669,LR_8_features,8,3,Caucasian,Male,Greater than 45,1,0
10672,LR_8_features,8,3,African-American,Female,Greater than 45,0,0
10676,LR_8_features,8,3,Other,Male,Less than 25,0,0
10697,LR_8_features,8,3,Caucasian,Male,Greater than 45,1,0
10706,LR_8_features,8,3,African-American,Male,25 - 45,0,0
10709,LR_8_features,8,3,Caucasian,Male,Greater than 45,0,0
10737,LR_8_features,8,3,Caucasian,Female,Greater than 45,0,0
10753,LR_8_features,8,3,African-American,Male,Less than 25,1,1
10770,LR_8_features,8,3,Caucasian,Male,Greater than 45,0,0
10801,LR_8_features,8,3,African-American,Male,Less than 25,1,1
10818,LR_8_features,8,3,Caucasian,Female,25 - 45,1,0
10819,LR_8_features,8,3,Asian,Male,Less than 25,1,1
10839,LR_8_features,8,3,African-American,Male,25 - 45,1,1
10841,LR_8_features,8,3,African-American,Male,25 - 45,1,0
10855,LR_8_features,8,3,African-American,Male,Greater than 45,1,1
10910,LR_8_features,8,3,Hispanic,Male,25 - 45,0,0
10928,LR_8_features,8,3,African-American,Male,Greater than 45,0,0
10942,LR_8_features,8,3,African-American,Male,Less than 25,0,0
10945,LR_8_features,8,3,African-American,Male,Less than 25,1,1
10958,LR_8_features,8,3,Caucasian,Female,Greater than 45,0,0
10999,LR_8_features,8,3,Other,Male,Greater than 45,0,0
1,LR_8_features,8,4,Other,Male,Greater than 45,0,0
4,LR_8_features,8,4,African-American,Male,Less than 25,1,1
20,LR_8_features,8,4,African-American,Male,25 - 45,1,1
30,LR_8_features,8,4,Hispanic,Male,Less than 25,1,0
32,LR_8_features,8,4,Caucasian,Male,25 - 45,0,0
37,LR_8_features,8,4,African-American,Male,25 - 45,1,1
90,LR_8_features,8,4,African-American,Male,25 - 45,1,1
96,LR_8_features,8,4,African-American,Male,25 - 45,1,1
130,LR_8_features,8,4,Other,Male,Less than 25,1,0
136,LR_8_features,8,4,African-American,Female,25 - 45,0,0
156,LR_8_features,8,4,Caucasian,Male,Less than 25,1,1
166,LR_8_features,8,4,African-American,Male,Less than 25,1,1
176,LR_8_features,8,4,African-American,Male,25 - 45,1,1
183,LR_8_features,8,4,Caucasian,Male,25 - 45,1,1
184,LR_8_features,8,4,African-American,Male,25 - 45,1,1
189,LR_8_features,8,4,Caucasian,Male,Greater than 45,0,0
245,LR_8_features,8,4,African-American,Male,25 - 45,0,0
254,LR_8_features,8,4,African-American,Male,25 - 45,1,0
269,LR_8_features,8,4,Caucasian,Male,Greater than 45,0,0
300,LR_8_features,8,4,Caucasian,Female,25 - 45,0,0
338,LR_8_features,8,4,African-American,Male,Less than 25,0,1
348,LR_8_features,8,4,African-American,Male,Greater than 45,0,0
350,LR_8_features,8,4,African-American,Male,25 - 45,1,1
411,LR_8_features,8,4,African-American,Female,25 - 45,0,0
425,LR_8_features,8,4,Caucasian,Male,Greater than 45,0,0
435,LR_8_features,8,4,African-American,Male,25 - 45,0,1
438,LR_8_features,8,4,African-American,Male,25 - 45,1,1
440,LR_8_features,8,4,African-American,Male,25 - 45,1,1
462,LR_8_features,8,4,African-American,Male,25 - 45,0,0
467,LR_8_features,8,4,Other,Male,Less than 25,1,1
526,LR_8_features,8,4,Caucasian,Female,Less than 25,0,0
621,LR_8_features,8,4,Hispanic,Male,Less than 25,0,0
633,LR_8_features,8,4,Caucasian,Female,Greater than 45,0,0
664,LR_8_features,8,4,Caucasian,Male,25 - 45,0,0
691,LR_8_features,8,4,African-American,Male,25 - 45,1,0
743,LR_8_features,8,4,African-American,Male,25 - 45,0,1
754,LR_8_features,8,4,African-American,Male,25 - 45,1,1
762,LR_8_features,8,4,Caucasian,Male,25 - 45,1,0
790,LR_8_features,8,4,African-American,Female,25 - 45,0,1
798,LR_8_features,8,4,Caucasian,Male,Greater than 45,1,0
805,LR_8_features,8,4,Caucasian,Male,25 - 45,1,1
818,LR_8_features,8,4,Caucasian,Male,25 - 45,0,0
831,LR_8_features,8,4,Caucasian,Male,Greater than 45,0,0
835,LR_8_features,8,4,African-American,Male,25 - 45,1,1
843,LR_8_features,8,4,African-American,Male,25 - 45,0,1
850,LR_8_features,8,4,African-American,Male,Less than 25,1,1
856,LR_8_features,8,4,Caucasian,Male,25 - 45,0,0
864,LR_8_features,8,4,Hispanic,Male,Less than 25,0,1
1020,LR_8_features,8,4,Other,Male,Greater than 45,0,0
1037,LR_8_features,8,4,Asian,Male,Less than 25,1,1
1049,LR_8_features,8,4,Caucasian,Male,Greater than 45,0,0
1056,LR_8_features,8,4,Caucasian,Male,Greater than 45,1,0
1076,LR_8_features,8,4,Caucasian,Female,Greater than 45,0,0
1077,LR_8_features,8,4,African-American,Male,Less than 25,1,0
1086,LR_8_features,8,4,African-American,Male,Less than 25,0,1
1087,LR_8_features,8,4,Caucasian,Male,25 - 45,1,0
1089,LR_8_features,8,4,Caucasian,Male,25 - 45,1,0
1136,LR_8_features,8,4,African-American,Male,25 - 45,1,1
1142,LR_8_features,8,4,African-American,Female,25 - 45,0,0
1169,LR_8_features,8,4,African-American,Male,25 - 45,0,0
1176,LR_8_features,8,4,Caucasian,Male,25 - 45,0,0
1192,LR_8_features,8,4,African-American,Male,Greater than 45,0,1
1206,LR_8_features,8,4,Other,Male,25 - 45,0,0
1229,LR_8_features,8,4,African-American,Male,25 - 45,0,1
1235,LR_8_features,8,4,African-American,Male,25 - 45,1,1
1240,LR_8_features,8,4,African-American,Male,25 - 45,0,1
1246,LR_8_features,8,4,African-American,Male,25 - 45,1,1
1282,LR_8_features,8,4,African-American,Male,Less than 25,0,1
1334,LR_8_features,8,4,African-American,Male,25 - 45,0,0
1345,LR_8_features,8,4,Caucasian,Male,Less than 25,1,1
1375,LR_8_features,8,4,Hispanic,Male,25 - 45,0,0
1376,LR_8_features,8,4,Hispanic,Male,25 - 45,0,0
1397,LR_8_features,8,4,African-American,Male,Greater than 45,0,0
1427,LR_8_features,8,4,African-American,Male,25 - 45,1,1
1428,LR_8_features,8,4,African-American,Male,Less than 25,0,1
1430,LR_8_features,8,4,Hispanic,Male,Greater than 45,0,0
1433,LR_8_features,8,4,African-American,Male,Less than 25,0,1
1470,LR_8_features,8,4,African-American,Male,Greater than 45,1,0
1479,LR_8_features,8,4,African-American,Male,Greater than 45,1,0
1485,LR_8_features,8,4,African-American,Male,Less than 25,1,1
1535,LR_8_features,8,4,Hispanic,Male,Less than 25,1,0
1562,LR_8_features,8,4,Hispanic,Male,25 - 45,0,0
1571,LR_8_features,8,4,Caucasian,Male,Greater than 45,0,0
1581,LR_8_features,8,4,Caucasian,Male,Greater than 45,0,0
1642,LR_8_features,8,4,Caucasian,Male,25 - 45,0,0
1643,LR_8_features,8,4,Caucasian,Male,25 - 45,0,0
1655,LR_8_features,8,4,African-American,Male,Less than 25,1,0
1668,LR_8_features,8,4,African-American,Male,25 - 45,0,1
1685,LR_8_features,8,4,Hispanic,Male,Less than 25,1,0
1697,LR_8_features,8,4,Other,Male,25 - 45,0,0
1702,LR_8_features,8,4,African-American,Male,25 - 45,1,1
1711,LR_8_features,8,4,Caucasian,Female,25 - 45,0,0
1717,LR_8_features,8,4,African-American,Male,25 - 45,1,1
1735,LR_8_features,8,4,Caucasian,Male,25 - 45,0,0
1754,LR_8_features,8,4,Caucasian,Male,25 - 45,0,0
1797,LR_8_features,8,4,African-American,Female,25 - 45,1,0
1830,LR_8_features,8,4,African-American,Male,Less than 25,1,0
1845,LR_8_features,8,4,African-American,Female,25 - 45,0,0
1854,LR_8_features,8,4,African-American,Male,25 - 45,0,0
1859,LR_8_features,8,4,African-American,Female,25 - 45,0,0
1871,LR_8_features,8,4,African-American,Female,25 - 45,1,0
1884,LR_8_features,8,4,Other,Male,25 - 45,0,0
1890,LR_8_features,8,4,African-American,Male,25 - 45,1,0
1895,LR_8_features,8,4,African-American,Male,25 - 45,1,1
1904,LR_8_features,8,4,African-American,Male,25 - 45,0,0
1945,LR_8_features,8,4,African-American,Male,25 - 45,0,0
1982,LR_8_features,8,4,Asian,Male,Greater than 45,0,0
2027,LR_8_features,8,4,African-American,Male,25 - 45,1,0
2071,LR_8_features,8,4,African-American,Male,25 - 45,1,1
2089,LR_8_features,8,4,African-American,Male,25 - 45,0,0
2090,LR_8_features,8,4,African-American,Female,Less than 25,0,0
2093,LR_8_features,8,4,Caucasian,Female,25 - 45,0,0
2100,LR_8_features,8,4,Caucasian,Male,25 - 45,0,0
2131,LR_8_features,8,4,African-American,Male,25 - 45,0,0
2133,LR_8_features,8,4,Other,Male,Less than 25,1,1
2147,LR_8_features,8,4,African-American,Male,25 - 45,0,0
2194,LR_8_features,8,4,African-American,Female,25 - 45,0,0
2206,LR_8_features,8,4,African-American,Male,25 - 45,0,0
2235,LR_8_features,8,4,Caucasian,Male,25 - 45,0,1
2239,LR_8_features,8,4,Caucasian,Female,25 - 45,0,1
2279,LR_8_features,8,4,African-American,Male,25 - 45,0,0
2294,LR_8_features,8,4,Caucasian,Male,Less than 25,0,0
2310,LR_8_features,8,4,African-American,Male,25 - 45,0,1
2317,LR_8_features,8,4,African-American,Male,25 - 45,1,1
2320,LR_8_features,8,4,African-American,Female,Less than 25,1,0
2324,LR_8_features,8,4,Hispanic,Male,Less than 25,1,0
2343,LR_8_features,8,4,Caucasian,Male,Greater than 45,0,0
2394,LR_8_features,8,4,Caucasian,Male,25 - 45,1,0
2429,LR_8_features,8,4,Caucasian,Male,25 - 45,0,0
2475,LR_8_features,8,4,Other,Male,Greater than 45,0,0
2480,LR_8_features,8,4,African-American,Male,25 - 45,0,0
2488,LR_8_features,8,4,Caucasian,Female,Greater than 45,1,0
2507,LR_8_features,8,4,African-American,Male,25 - 45,0,1
2543,LR_8_features,8,4,African-American,Male,25 - 45,0,1
2602,LR_8_features,8,4,African-American,Male,Greater than 45,0,0
2624,LR_8_features,8,4,African-American,Male,Greater than 45,1,0
2632,LR_8_features,8,4,Caucasian,Male,Greater than 45,0,0
2691,LR_8_features,8,4,African-American,Male,Greater than 45,0,0
2716,LR_8_features,8,4,Caucasian,Male,25 - 45,1,1
2731,LR_8_features,8,4,Hispanic,Male,25 - 45,0,0
2750,LR_8_features,8,4,African-American,Male,25 - 45,0,1
2836,LR_8_features,8,4,Asian,Male,Greater than 45,1,0
2842,LR_8_features,8,4,African-American,Male,Less than 25,1,1
2851,LR_8_features,8,4,Other,Male,25 - 45,0,1
2855,LR_8_features,8,4,African-American,Female,25 - 45,1,0
2857,LR_8_features,8,4,African-American,Male,25 - 45,0,1
2864,LR_8_features,8,4,African-American,Male,25 - 45,1,1
2865,LR_8_features,8,4,African-American,Male,Less than 25,1,1
2880,LR_8_features,8,4,Caucasian,Male,Greater than 45,0,1
2902,LR_8_features,8,4,Caucasian,Male,25 - 45,0,0
2910,LR_8_features,8,4,Caucasian,Male,25 - 45,0,0
2915,LR_8_features,8,4,Caucasian,Male,25 - 45,1,0
2922,LR_8_features,8,4,African-American,Male,Greater than 45,0,0
2932,LR_8_features,8,4,African-American,Male,25 - 45,0,0
2946,LR_8_features,8,4,Caucasian,Male,25 - 45,0,0
2952,LR_8_features,8,4,African-American,Male,Less than 25,0,1
2955,LR_8_features,8,4,African-American,Male,25 - 45,0,0
2992,LR_8_features,8,4,African-American,Female,25 - 45,0,0
3003,LR_8_features,8,4,African-American,Male,25 - 45,0,0
3005,LR_8_features,8,4,African-American,Male,Less than 25,0,1
3033,LR_8_features,8,4,Other,Male,25 - 45,0,1
3034,LR_8_features,8,4,African-American,Female,25 - 45,0,0
3046,LR_8_features,8,4,African-American,Male,25 - 45,0,1
3055,LR_8_features,8,4,African-American,Male,Greater than 45,0,0
3069,LR_8_features,8,4,Caucasian,Male,25 - 45,0,0
3084,LR_8_features,8,4,African-American,Female,Greater than 45,0,0
3101,LR_8_features,8,4,African-American,Male,25 - 45,0,1
3116,LR_8_features,8,4,African-American,Male,Less than 25,1,1
3117,LR_8_features,8,4,African-American,Male,Less than 25,1,1
3132,LR_8_features,8,4,Hispanic,Male,25 - 45,1,1
3145,LR_8_features,8,4,African-American,Male,25 - 45,1,1
3218,LR_8_features,8,4,Other,Male,25 - 45,0,0
3248,LR_8_features,8,4,Caucasian,Male,Greater than 45,1,0
3250,LR_8_features,8,4,Caucasian,Male,Greater than 45,0,0
3284,LR_8_features,8,4,Caucasian,Male,25 - 45,1,1
3286,LR_8_features,8,4,Other,Male,25 - 45,1,0
3294,LR_8_features,8,4,Other,Female,Less than 25,1,0
3324,LR_8_features,8,4,Caucasian,Male,Greater than 45,0,0
3345,LR_8_features,8,4,Caucasian,Female,25 - 45,0,0
3380,LR_8_features,8,4,African-American,Female,Greater than 45,0,0
3384,LR_8_features,8,4,Caucasian,Male,Less than 25,0,1
3398,LR_8_features,8,4,African-American,Male,Less than 25,1,1
3407,LR_8_features,8,4,Caucasian,Male,Greater than 45,0,0
3423,LR_8_features,8,4,Caucasian,Female,25 - 45,0,0
3426,LR_8_features,8,4,African-American,Male,25 - 45,1,1
3456,LR_8_features,8,4,African-American,Male,Less than 25,0,1
3464,LR_8_features,8,4,Caucasian,Male,Less than 25,1,1
3465,LR_8_features,8,4,Other,Male,Greater than 45,0,0
3491,LR_8_features,8,4,Hispanic,Male,25 - 45,0,0
3493,LR_8_features,8,4,African-American,Male,25 - 45,0,1
3504,LR_8_features,8,4,African-American,Male,25 - 45,0,0
3546,LR_8_features,8,4,Hispanic,Male,Less than 25,0,0
3547,LR_8_features,8,4,African-American,Male,Greater than 45,0,0
3566,LR_8_features,8,4,Caucasian,Male,Less than 25,0,1
3611,LR_8_features,8,4,Caucasian,Male,Greater than 45,0,0
3616,LR_8_features,8,4,African-American,Male,Greater than 45,1,1
3629,LR_8_features,8,4,African-American,Male,Less than 25,1,1
3693,LR_8_features,8,4,African-American,Male,Less than 25,0,0
3703,LR_8_features,8,4,Caucasian,Male,Greater than 45,0,0
3720,LR_8_features,8,4,Caucasian,Male,Greater than 45,1,1
3730,LR_8_features,8,4,Hispanic,Male,Less than 25,1,0
3743,LR_8_features,8,4,African-American,Male,Less than 25,0,1
3811,LR_8_features,8,4,African-American,Male,Greater than 45,1,0
3814,LR_8_features,8,4,African-American,Male,25 - 45,0,1
3838,LR_8_features,8,4,African-American,Male,Greater than 45,0,0
3869,LR_8_features,8,4,African-American,Male,25 - 45,0,0
3882,LR_8_features,8,4,Caucasian,Male,Less than 25,0,0
3948,LR_8_features,8,4,African-American,Male,Less than 25,0,1
3965,LR_8_features,8,4,Caucasian,Male,Greater than 45,0,0
3973,LR_8_features,8,4,Caucasian,Female,Greater than 45,1,0
3980,LR_8_features,8,4,African-American,Male,25 - 45,1,0
3981,LR_8_features,8,4,African-American,Male,25 - 45,1,0
3989,LR_8_features,8,4,Hispanic,Male,Greater than 45,1,0
4038,LR_8_features,8,4,Caucasian,Male,Greater than 45,1,1
4063,LR_8_features,8,4,Caucasian,Male,25 - 45,1,1
4069,LR_8_features,8,4,Caucasian,Male,Less than 25,1,1
4072,LR_8_features,8,4,African-American,Male,25 - 45,0,0
4073,LR_8_features,8,4,Caucasian,Male,25 - 45,0,0
4165,LR_8_features,8,4,African-American,Male,Less than 25,0,1
4168,LR_8_features,8,4,Caucasian,Male,Greater than 45,0,1
4183,LR_8_features,8,4,Caucasian,Male,Greater than 45,0,0
4203,LR_8_features,8,4,Caucasian,Male,25 - 45,0,0
4207,LR_8_features,8,4,African-American,Male,25 - 45,1,1
4223,LR_8_features,8,4,African-American,Female,25 - 45,1,1
4281,LR_8_features,8,4,African-American,Male,25 - 45,0,1
4322,LR_8_features,8,4,Hispanic,Male,25 - 45,0,1
4324,LR_8_features,8,4,Caucasian,Male,Less than 25,0,0
4335,LR_8_features,8,4,African-American,Male,25 - 45,0,0
4336,LR_8_features,8,4,African-American,Male,Less than 25,0,1
4358,LR_8_features,8,4,Other,Female,Greater than 45,0,0
4362,LR_8_features,8,4,Other,Male,25 - 45,1,0
4401,LR_8_features,8,4,African-American,Male,25 - 45,0,0
4411,LR_8_features,8,4,Caucasian,Male,Greater than 45,0,0
4418,LR_8_features,8,4,Caucasian,Male,Greater than 45,0,0
4432,LR_8_features,8,4,Caucasian,Male,Less than 25,0,0
4441,LR_8_features,8,4,Caucasian,Female,Greater than 45,0,0
4447,LR_8_features,8,4,African-American,Male,Less than 25,1,1
4461,LR_8_features,8,4,Caucasian,Male,Greater than 45,0,0
4468,LR_8_features,8,4,Hispanic,Male,Greater than 45,0,0
4478,LR_8_features,8,4,African-American,Male,Greater than 45,0,1
4498,LR_8_features,8,4,Caucasian,Male,25 - 45,1,1
4509,LR_8_features,8,4,African-American,Male,Less than 25,1,1
4513,LR_8_features,8,4,Other,Male,Less than 25,1,0
4518,LR_8_features,8,4,African-American,Male,Less than 25,1,1
4520,LR_8_features,8,4,African-American,Female,25 - 45,1,0
4527,LR_8_features,8,4,Other,Male,25 - 45,0,0
4550,LR_8_features,8,4,African-American,Male,25 - 45,1,1
4553,LR_8_features,8,4,Hispanic,Male,25 - 45,0,0
4563,LR_8_features,8,4,African-American,Female,25 - 45,1,0
4591,LR_8_features,8,4,Caucasian,Male,25 - 45,0,1
4592,LR_8_features,8,4,African-American,Male,Less than 25,1,0
4603,LR_8_features,8,4,African-American,Male,25 - 45,0,0
4616,LR_8_features,8,4,African-American,Male,Less than 25,1,1
4624,LR_8_features,8,4,African-American,Male,25 - 45,1,0
4627,LR_8_features,8,4,Caucasian,Male,Greater than 45,1,0
4681,LR_8_features,8,4,African-American,Male,Less than 25,1,1
4686,LR_8_features,8,4,African-American,Female,Greater than 45,0,0
4704,LR_8_features,8,4,Caucasian,Male,25 - 45,1,0
4719,LR_8_features,8,4,Caucasian,Male,25 - 45,0,0
4721,LR_8_features,8,4,African-American,Male,Less than 25,1,1
4732,LR_8_features,8,4,African-American,Male,Less than 25,0,1
4769,LR_8_features,8,4,Caucasian,Male,25 - 45,0,0
4820,LR_8_features,8,4,African-American,Male,Greater than 45,1,1
4837,LR_8_features,8,4,Caucasian,Male,25 - 45,0,0
4931,LR_8_features,8,4,Caucasian,Male,Greater than 45,1,0
4940,LR_8_features,8,4,African-American,Male,25 - 45,1,1
4955,LR_8_features,8,4,African-American,Male,Less than 25,1,1
4980,LR_8_features,8,4,Caucasian,Male,25 - 45,0,0
5019,LR_8_features,8,4,African-American,Male,25 - 45,1,1
5043,LR_8_features,8,4,Caucasian,Male,Less than 25,1,0
5057,LR_8_features,8,4,African-American,Female,Greater than 45,0,0
5067,LR_8_features,8,4,African-American,Female,Less than 25,1,0
5069,LR_8_features,8,4,African-American,Male,Less than 25,1,1
5094,LR_8_features,8,4,African-American,Female,Less than 25,0,0
5128,LR_8_features,8,4,Hispanic,Male,25 - 45,0,0
5173,LR_8_features,8,4,African-American,Female,25 - 45,1,0
5176,LR_8_features,8,4,African-American,Male,25 - 45,0,1
5223,LR_8_features,8,4,African-American,Female,Less than 25,1,0
5243,LR_8_features,8,4,African-American,Male,Less than 25,1,0
5247,LR_8_features,8,4,African-American,Male,Less than 25,1,1
5261,LR_8_features,8,4,Caucasian,Male,25 - 45,1,0
5264,LR_8_features,8,4,Other,Male,Less than 25,0,0
5279,LR_8_features,8,4,Other,Male,Less than 25,1,0
5281,LR_8_features,8,4,Hispanic,Male,Less than 25,0,0
5318,LR_8_features,8,4,Hispanic,Male,Greater than 45,1,0
5324,LR_8_features,8,4,Caucasian,Male,Greater than 45,1,0
5332,LR_8_features,8,4,Caucasian,Male,25 - 45,0,1
5339,LR_8_features,8,4,Caucasian,Male,Greater than 45,1,1
5341,LR_8_features,8,4,Caucasian,Male,25 - 45,1,1
5354,LR_8_features,8,4,African-American,Male,Less than 25,1,0
5358,LR_8_features,8,4,African-American,Male,25 - 45,1,0
5371,LR_8_features,8,4,Caucasian,Female,25 - 45,1,0
5382,LR_8_features,8,4,Other,Male,25 - 45,0,0
5399,LR_8_features,8,4,Caucasian,Male,Greater than 45,0,0
5436,LR_8_features,8,4,Caucasian,Female,Greater than 45,0,0
5441,LR_8_features,8,4,African-American,Male,Greater than 45,0,0
5472,LR_8_features,8,4,Caucasian,Female,25 - 45,1,0
5506,LR_8_features,8,4,Caucasian,Male,Less than 25,1,1
5515,LR_8_features,8,4,African-American,Male,Greater than 45,0,0
5531,LR_8_features,8,4,Caucasian,Male,Less than 25,1,1
5535,LR_8_features,8,4,Caucasian,Male,Less than 25,1,1
5575,LR_8_features,8,4,African-American,Female,25 - 45,1,1
5579,LR_8_features,8,4,African-American,Male,25 - 45,0,0
5603,LR_8_features,8,4,Caucasian,Female,25 - 45,1,0
5609,LR_8_features,8,4,African-American,Male,Greater than 45,1,1
5633,LR_8_features,8,4,African-American,Male,25 - 45,0,0
5658,LR_8_features,8,4,African-American,Male,Less than 25,1,1
5672,LR_8_features,8,4,Other,Male,25 - 45,0,0
5692,LR_8_features,8,4,Caucasian,Male,25 - 45,1,0
5697,LR_8_features,8,4,African-American,Female,Less than 25,0,0
5735,LR_8_features,8,4,African-American,Male,25 - 45,1,0
5769,LR_8_features,8,4,African-American,Female,25 - 45,0,0
5787,LR_8_features,8,4,Caucasian,Male,Greater than 45,0,0
5792,LR_8_features,8,4,Caucasian,Male,25 - 45,1,0
5793,LR_8_features,8,4,African-American,Female,25 - 45,1,0
5804,LR_8_features,8,4,African-American,Male,Less than 25,1,1
5806,LR_8_features,8,4,Caucasian,Male,25 - 45,1,0
5811,LR_8_features,8,4,African-American,Male,Less than 25,1,1
5814,LR_8_features,8,4,Caucasian,Male,25 - 45,1,0
5825,LR_8_features,8,4,African-American,Male,Less than 25,1,1
5832,LR_8_features,8,4,Caucasian,Male,Greater than 45,0,0
5865,LR_8_features,8,4,African-American,Male,25 - 45,1,1
5921,LR_8_features,8,4,Caucasian,Male,Greater than 45,1,0
5930,LR_8_features,8,4,Caucasian,Female,25 - 45,1,0
5931,LR_8_features,8,4,Caucasian,Female,25 - 45,0,0
5937,LR_8_features,8,4,African-American,Male,25 - 45,1,0
5938,LR_8_features,8,4,African-American,Male,25 - 45,1,1
5943,LR_8_features,8,4,Other,Male,25 - 45,0,0
5985,LR_8_features,8,4,Caucasian,Male,Greater than 45,0,0
5987,LR_8_features,8,4,Caucasian,Male,25 - 45,1,1
5997,LR_8_features,8,4,Caucasian,Male,Less than 25,0,1
6000,LR_8_features,8,4,African-American,Female,Less than 25,1,0
6011,LR_8_features,8,4,Caucasian,Male,Less than 25,0,1
6013,LR_8_features,8,4,Caucasian,Male,25 - 45,0,0
6027,LR_8_features,8,4,African-American,Male,25 - 45,1,0
6041,LR_8_features,8,4,Caucasian,Male,Greater than 45,0,0
6047,LR_8_features,8,4,Caucasian,Male,Greater than 45,0,0
6058,LR_8_features,8,4,Other,Male,25 - 45,1,0
6080,LR_8_features,8,4,African-American,Male,25 - 45,1,0
6107,LR_8_features,8,4,Caucasian,Female,Less than 25,0,0
6127,LR_8_features,8,4,African-American,Male,25 - 45,0,0
6162,LR_8_features,8,4,Caucasian,Female,25 - 45,0,0
6170,LR_8_features,8,4,African-American,Male,25 - 45,1,1
6178,LR_8_features,8,4,Caucasian,Male,25 - 45,0,1
6185,LR_8_features,8,4,African-American,Male,25 - 45,1,1
6224,LR_8_features,8,4,Hispanic,Male,Less than 25,0,0
6244,LR_8_features,8,4,Hispanic,Male,25 - 45,1,1
6251,LR_8_features,8,4,African-American,Male,25 - 45,0,1
6268,LR_8_features,8,4,African-American,Female,25 - 45,0,0
6280,LR_8_features,8,4,African-American,Male,25 - 45,0,0
6282,LR_8_features,8,4,Hispanic,Male,Less than 25,1,1
6303,LR_8_features,8,4,Hispanic,Female,25 - 45,0,0
6304,LR_8_features,8,4,African-American,Male,25 - 45,1,1
6314,LR_8_features,8,4,Caucasian,Male,Less than 25,1,1
6383,LR_8_features,8,4,Caucasian,Male,Greater than 45,1,0
6384,LR_8_features,8,4,African-American,Male,Less than 25,1,1
6387,LR_8_features,8,4,Hispanic,Female,Less than 25,0,0
6431,LR_8_features,8,4,Other,Female,Less than 25,1,0
6446,LR_8_features,8,4,Caucasian,Male,25 - 45,1,0
6459,LR_8_features,8,4,African-American,Male,Greater than 45,1,1
6462,LR_8_features,8,4,African-American,Male,Less than 25,1,1
6492,LR_8_features,8,4,Caucasian,Male,25 - 45,0,0
6508,LR_8_features,8,4,African-American,Female,25 - 45,0,0
6526,LR_8_features,8,4,Hispanic,Female,25 - 45,0,0
6574,LR_8_features,8,4,African-American,Female,25 - 45,1,0
6586,LR_8_features,8,4,Caucasian,Female,Greater than 45,1,0
6593,LR_8_features,8,4,African-American,Male,Greater than 45,0,0
6601,LR_8_features,8,4,African-American,Male,Greater than 45,0,0
6614,LR_8_features,8,4,Caucasian,Male,Less than 25,0,0
6615,LR_8_features,8,4,Other,Female,Greater than 45,0,0
6646,LR_8_features,8,4,African-American,Male,25 - 45,1,0
6681,LR_8_features,8,4,African-American,Male,25 - 45,1,1
6697,LR_8_features,8,4,Caucasian,Male,25 - 45,0,0
6708,LR_8_features,8,4,African-American,Male,25 - 45,0,0
6713,LR_8_features,8,4,Other,Male,25 - 45,0,0
6731,LR_8_features,8,4,Caucasian,Female,25 - 45,0,0
6766,LR_8_features,8,4,African-American,Male,25 - 45,1,1
6788,LR_8_features,8,4,African-American,Male,Greater than 45,0,1
6810,LR_8_features,8,4,African-American,Male,Less than 25,1,1
6819,LR_8_features,8,4,Hispanic,Male,25 - 45,1,0
6824,LR_8_features,8,4,Hispanic,Male,Greater than 45,0,1
6825,LR_8_features,8,4,African-American,Male,Greater than 45,1,1
6850,LR_8_features,8,4,Caucasian,Male,25 - 45,1,0
6864,LR_8_features,8,4,African-American,Male,25 - 45,1,1
6967,LR_8_features,8,4,Caucasian,Male,Less than 25,0,0
6979,LR_8_features,8,4,Caucasian,Male,25 - 45,0,0
7008,LR_8_features,8,4,African-American,Male,Greater than 45,1,1
7012,LR_8_features,8,4,African-American,Male,25 - 45,0,0
7020,LR_8_features,8,4,Caucasian,Male,25 - 45,1,0
7033,LR_8_features,8,4,African-American,Male,Less than 25,0,1
7087,LR_8_features,8,4,Other,Male,Greater than 45,0,0
7142,LR_8_features,8,4,Other,Female,25 - 45,0,0
7143,LR_8_features,8,4,African-American,Male,Greater than 45,0,0
7148,LR_8_features,8,4,Hispanic,Male,Greater than 45,0,1
7166,LR_8_features,8,4,African-American,Female,25 - 45,0,0
7222,LR_8_features,8,4,Caucasian,Female,25 - 45,1,0
7271,LR_8_features,8,4,Caucasian,Female,Greater than 45,0,0
7281,LR_8_features,8,4,Caucasian,Male,25 - 45,0,0
7289,LR_8_features,8,4,African-American,Male,25 - 45,1,1
7308,LR_8_features,8,4,Caucasian,Male,Greater than 45,1,0
7324,LR_8_features,8,4,Caucasian,Male,25 - 45,0,0
7345,LR_8_features,8,4,African-American,Male,Less than 25,1,1
7375,LR_8_features,8,4,African-American,Male,Less than 25,1,1
7382,LR_8_features,8,4,African-American,Male,25 - 45,1,1
7393,LR_8_features,8,4,African-American,Male,Less than 25,1,0
7400,LR_8_features,8,4,African-American,Female,25 - 45,0,0
7427,LR_8_features,8,4,African-American,Male,25 - 45,0,1
7437,LR_8_features,8,4,Caucasian,Female,25 - 45,1,1
7460,LR_8_features,8,4,Hispanic,Male,25 - 45,1,0
7555,LR_8_features,8,4,Caucasian,Female,Greater than 45,0,0
7559,LR_8_features,8,4,Caucasian,Male,25 - 45,0,1
7572,LR_8_features,8,4,Caucasian,Male,Greater than 45,1,0
7573,LR_8_features,8,4,African-American,Male,25 - 45,1,1
7593,LR_8_features,8,4,Hispanic,Male,25 - 45,1,0
7596,LR_8_features,8,4,African-American,Male,25 - 45,0,1
7620,LR_8_features,8,4,African-American,Male,Greater than 45,0,0
7639,LR_8_features,8,4,African-American,Male,25 - 45,0,0
7648,LR_8_features,8,4,African-American,Male,Less than 25,0,0
7673,LR_8_features,8,4,African-American,Male,Greater than 45,0,0
7694,LR_8_features,8,4,African-American,Male,Greater than 45,0,0
7710,LR_8_features,8,4,Caucasian,Male,Less than 25,1,1
7728,LR_8_features,8,4,African-American,Male,25 - 45,1,1
7729,LR_8_features,8,4,Hispanic,Male,25 - 45,0,0
7745,LR_8_features,8,4,Caucasian,Male,25 - 45,0,0
7752,LR_8_features,8,4,Caucasian,Male,25 - 45,1,1
7754,LR_8_features,8,4,Caucasian,Male,25 - 45,1,0
7758,LR_8_features,8,4,Other,Male,Greater than 45,1,0
7772,LR_8_features,8,4,African-American,Male,Less than 25,1,1
7780,LR_8_features,8,4,African-American,Male,25 - 45,1,0
7790,LR_8_features,8,4,African-American,Male,25 - 45,1,1
7799,LR_8_features,8,4,African-American,Male,25 - 45,1,1
7908,LR_8_features,8,4,African-American,Male,Less than 25,1,1
7946,LR_8_features,8,4,Caucasian,Male,Less than 25,0,0
7953,LR_8_features,8,4,Hispanic,Male,25 - 45,0,0
7955,LR_8_features,8,4,African-American,Male,Less than 25,1,1
7963,LR_8_features,8,4,Hispanic,Male,25 - 45,0,0
7987,LR_8_features,8,4,Caucasian,Male,25 - 45,1,1
8018,LR_8_features,8,4,Caucasian,Male,25 - 45,1,1
8019,LR_8_features,8,4,Caucasian,Female,Greater than 45,0,0
8042,LR_8_features,8,4,Other,Male,25 - 45,0,0
8063,LR_8_features,8,4,Caucasian,Male,Greater than 45,0,0
8082,LR_8_features,8,4,African-American,Male,Greater than 45,1,0
8106,LR_8_features,8,4,African-American,Male,Greater than 45,1,0
8125,LR_8_features,8,4,Caucasian,Male,Less than 25,0,0
8130,LR_8_features,8,4,African-American,Male,Greater than 45,0,0
8137,LR_8_features,8,4,African-American,Male,25 - 45,0,0
8140,LR_8_features,8,4,African-American,Male,25 - 45,1,1
8162,LR_8_features,8,4,Asian,Male,Greater than 45,0,0
8174,LR_8_features,8,4,African-American,Male,25 - 45,0,0
8182,LR_8_features,8,4,African-American,Male,Less than 25,0,1
8204,LR_8_features,8,4,African-American,Male,Greater than 45,0,1
8207,LR_8_features,8,4,Caucasian,Male,25 - 45,1,0
8212,LR_8_features,8,4,Caucasian,Male,25 - 45,0,0
8223,LR_8_features,8,4,Caucasian,Female,25 - 45,0,1
8322,LR_8_features,8,4,African-American,Female,25 - 45,1,1
8369,LR_8_features,8,4,Caucasian,Male,Greater than 45,0,0
8386,LR_8_features,8,4,African-American,Male,Less than 25,0,0
8418,LR_8_features,8,4,Caucasian,Male,25 - 45,0,0
8449,LR_8_features,8,4,Caucasian,Male,25 - 45,1,0
8479,LR_8_features,8,4,African-American,Male,Greater than 45,1,0
8539,LR_8_features,8,4,African-American,Male,Less than 25,0,1
8565,LR_8_features,8,4,African-American,Male,25 - 45,1,1
8583,LR_8_features,8,4,African-American,Male,25 - 45,1,1
8606,LR_8_features,8,4,African-American,Male,Less than 25,1,0
8609,LR_8_features,8,4,African-American,Male,25 - 45,0,1
8611,LR_8_features,8,4,African-American,Male,25 - 45,1,1
8618,LR_8_features,8,4,Hispanic,Female,25 - 45,0,0
8657,LR_8_features,8,4,Caucasian,Male,25 - 45,1,0
8673,LR_8_features,8,4,Caucasian,Male,25 - 45,0,0
8688,LR_8_features,8,4,Caucasian,Female,25 - 45,0,0
8694,LR_8_features,8,4,Caucasian,Male,25 - 45,0,0
8715,LR_8_features,8,4,African-American,Female,Less than 25,1,0
8716,LR_8_features,8,4,African-American,Male,25 - 45,0,0
8729,LR_8_features,8,4,Caucasian,Male,25 - 45,0,1
8745,LR_8_features,8,4,Caucasian,Female,25 - 45,0,0
8752,LR_8_features,8,4,Caucasian,Male,25 - 45,0,0
8759,LR_8_features,8,4,African-American,Female,25 - 45,0,0
8775,LR_8_features,8,4,African-American,Male,25 - 45,0,1
8789,LR_8_features,8,4,Caucasian,Male,Less than 25,0,0
8792,LR_8_features,8,4,Caucasian,Female,25 - 45,1,0
8799,LR_8_features,8,4,African-American,Male,Less than 25,1,1
8856,LR_8_features,8,4,Other,Male,25 - 45,0,0
8864,LR_8_features,8,4,Hispanic,Female,25 - 45,0,0
8865,LR_8_features,8,4,Caucasian,Female,Greater than 45,0,0
8905,LR_8_features,8,4,Caucasian,Male,Greater than 45,0,0
8918,LR_8_features,8,4,Caucasian,Female,25 - 45,1,0
8938,LR_8_features,8,4,African-American,Female,Greater than 45,0,0
8941,LR_8_features,8,4,Caucasian,Male,Less than 25,1,1
8971,LR_8_features,8,4,African-American,Male,25 - 45,0,1
8983,LR_8_features,8,4,Caucasian,Female,Greater than 45,0,0
8984,LR_8_features,8,4,Hispanic,Male,25 - 45,0,0
8995,LR_8_features,8,4,Caucasian,Male,Greater than 45,0,0
8997,LR_8_features,8,4,African-American,Male,Greater than 45,0,0
9058,LR_8_features,8,4,Caucasian,Male,Less than 25,1,1
9062,LR_8_features,8,4,Caucasian,Female,25 - 45,0,0
9112,LR_8_features,8,4,Caucasian,Male,25 - 45,1,1
9127,LR_8_features,8,4,Other,Male,25 - 45,0,0
9159,LR_8_features,8,4,Caucasian,Male,Greater than 45,1,0
9187,LR_8_features,8,4,Hispanic,Male,Less than 25,1,1
9220,LR_8_features,8,4,Caucasian,Male,25 - 45,0,0
9221,LR_8_features,8,4,Caucasian,Male,Less than 25,1,1
9224,LR_8_features,8,4,Caucasian,Male,25 - 45,0,0
9232,LR_8_features,8,4,Caucasian,Male,25 - 45,1,1
9266,LR_8_features,8,4,African-American,Female,25 - 45,0,0
9285,LR_8_features,8,4,African-American,Male,Greater than 45,0,0
9308,LR_8_features,8,4,Caucasian,Female,Greater than 45,1,0
9320,LR_8_features,8,4,African-American,Male,Greater than 45,0,0
9322,LR_8_features,8,4,African-American,Male,Less than 25,1,1
9346,LR_8_features,8,4,African-American,Female,25 - 45,0,0
9365,LR_8_features,8,4,Native American,Male,Greater than 45,1,1
9376,LR_8_features,8,4,Other,Male,25 - 45,0,0
9387,LR_8_features,8,4,Caucasian,Male,25 - 45,0,0
9388,LR_8_features,8,4,Caucasian,Male,Greater than 45,0,0
9397,LR_8_features,8,4,Other,Male,25 - 45,1,0
9415,LR_8_features,8,4,Caucasian,Male,Greater than 45,0,0
9420,LR_8_features,8,4,African-American,Male,25 - 45,0,1
9442,LR_8_features,8,4,African-American,Male,25 - 45,1,1
9443,LR_8_features,8,4,African-American,Male,25 - 45,1,1
9444,LR_8_features,8,4,Caucasian,Female,25 - 45,0,0
9501,LR_8_features,8,4,Hispanic,Male,Greater than 45,0,0
9511,LR_8_features,8,4,Hispanic,Male,25 - 45,0,0
9524,LR_8_features,8,4,Caucasian,Male,25 - 45,0,0
9529,LR_8_features,8,4,African-American,Male,25 - 45,1,1
9542,LR_8_features,8,4,African-American,Male,Less than 25,1,1
9552,LR_8_features,8,4,Hispanic,Male,25 - 45,1,0
9554,LR_8_features,8,4,Caucasian,Male,25 - 45,0,0
9577,LR_8_features,8,4,Other,Male,Greater than 45,0,0
9578,LR_8_features,8,4,African-American,Male,25 - 45,0,1
9640,LR_8_features,8,4,African-American,Male,25 - 45,1,1
9655,LR_8_features,8,4,Caucasian,Male,25 - 45,1,0
9656,LR_8_features,8,4,African-American,Male,25 - 45,1,1
9672,LR_8_features,8,4,African-American,Male,Greater than 45,0,0
9698,LR_8_features,8,4,African-American,Male,Less than 25,1,1
9713,LR_8_features,8,4,Caucasian,Male,25 - 45,0,0
9714,LR_8_features,8,4,African-American,Male,Less than 25,1,1
9738,LR_8_features,8,4,African-American,Male,25 - 45,0,0
9748,LR_8_features,8,4,African-American,Male,25 - 45,1,1
9753,LR_8_features,8,4,Other,Male,25 - 45,0,0
9771,LR_8_features,8,4,African-American,Male,25 - 45,0,0
9777,LR_8_features,8,4,African-American,Male,25 - 45,1,0
9804,LR_8_features,8,4,Hispanic,Female,Greater than 45,1,0
9842,LR_8_features,8,4,Hispanic,Female,Greater than 45,0,0
9868,LR_8_features,8,4,African-American,Male,25 - 45,0,0
9869,LR_8_features,8,4,African-American,Male,Greater than 45,0,1
9890,LR_8_features,8,4,African-American,Male,25 - 45,0,0
9904,LR_8_features,8,4,African-American,Male,25 - 45,1,1
9934,LR_8_features,8,4,African-American,Male,25 - 45,1,1
9981,LR_8_features,8,4,African-American,Male,Less than 25,1,1
9987,LR_8_features,8,4,African-American,Female,Less than 25,1,0
10018,LR_8_features,8,4,African-American,Female,Less than 25,0,0
10033,LR_8_features,8,4,African-American,Female,25 - 45,1,1
10056,LR_8_features,8,4,Other,Male,25 - 45,0,1
10072,LR_8_features,8,4,Caucasian,Male,25 - 45,1,0
10079,LR_8_features,8,4,Hispanic,Female,25 - 45,1,0
10119,LR_8_features,8,4,African-American,Male,Less than 25,1,1
10126,LR_8_features,8,4,Caucasian,Female,Less than 25,1,0
10189,LR_8_features,8,4,African-American,Male,25 - 45,1,1
10197,LR_8_features,8,4,African-American,Female,Greater than 45,1,1
10207,LR_8_features,8,4,African-American,Male,25 - 45,0,1
10232,LR_8_features,8,4,African-American,Male,25 - 45,1,0
10257,LR_8_features,8,4,Other,Female,25 - 45,0,0
10296,LR_8_features,8,4,African-American,Male,25 - 45,0,0
10301,LR_8_features,8,4,African-American,Male,Less than 25,1,1
10313,LR_8_features,8,4,African-American,Male,25 - 45,0,1
10315,LR_8_features,8,4,African-American,Male,25 - 45,1,0
10332,LR_8_features,8,4,Hispanic,Male,25 - 45,0,0
10338,LR_8_features,8,4,Caucasian,Female,25 - 45,1,0
10345,LR_8_features,8,4,African-American,Male,Greater than 45,0,0
10359,LR_8_features,8,4,African-American,Male,25 - 45,0,1
10363,LR_8_features,8,4,African-American,Male,Less than 25,1,1
10367,LR_8_features,8,4,African-American,Male,25 - 45,1,1
10381,LR_8_features,8,4,African-American,Female,Less than 25,1,0
10383,LR_8_features,8,4,African-American,Male,25 - 45,1,1
10393,LR_8_features,8,4,African-American,Female,25 - 45,1,1
10400,LR_8_features,8,4,Caucasian,Male,Less than 25,0,1
10417,LR_8_features,8,4,Caucasian,Male,Greater than 45,0,0
10427,LR_8_features,8,4,Caucasian,Male,Greater than 45,0,0
10446,LR_8_features,8,4,African-American,Male,Less than 25,0,0
10456,LR_8_features,8,4,African-American,Male,25 - 45,1,1
10464,LR_8_features,8,4,Caucasian,Male,Greater than 45,0,0
10490,LR_8_features,8,4,Caucasian,Male,25 - 45,1,0
10492,LR_8_features,8,4,Hispanic,Female,25 - 45,0,1
10500,LR_8_features,8,4,African-American,Male,25 - 45,1,1
10543,LR_8_features,8,4,Caucasian,Male,Greater than 45,1,0
10577,LR_8_features,8,4,Caucasian,Male,Greater than 45,1,0
10579,LR_8_features,8,4,African-American,Male,25 - 45,1,1
10589,LR_8_features,8,4,African-American,Male,Less than 25,1,1
10596,LR_8_features,8,4,Other,Male,Less than 25,0,1
10627,LR_8_features,8,4,Caucasian,Male,25 - 45,0,0
10637,LR_8_features,8,4,Caucasian,Male,25 - 45,1,0
10649,LR_8_features,8,4,African-American,Male,Less than 25,0,1
10674,LR_8_features,8,4,African-American,Male,25 - 45,0,1
10690,LR_8_features,8,4,African-American,Male,Less than 25,0,0
10694,LR_8_features,8,4,African-American,Male,Greater than 45,0,0
10723,LR_8_features,8,4,Caucasian,Female,25 - 45,1,1
10728,LR_8_features,8,4,African-American,Female,25 - 45,1,0
10749,LR_8_features,8,4,African-American,Female,25 - 45,0,0
10754,LR_8_features,8,4,Hispanic,Female,Less than 25,0,0
10757,LR_8_features,8,4,African-American,Male,Less than 25,1,0
10793,LR_8_features,8,4,Caucasian,Female,Greater than 45,1,0
10844,LR_8_features,8,4,Caucasian,Male,25 - 45,1,1
10858,LR_8_features,8,4,African-American,Male,25 - 45,0,0
10864,LR_8_features,8,4,African-American,Male,Less than 25,1,1
10870,LR_8_features,8,4,Caucasian,Female,25 - 45,1,0
10878,LR_8_features,8,4,Hispanic,Male,Greater than 45,1,0
10880,LR_8_features,8,4,Other,Female,25 - 45,0,0
10885,LR_8_features,8,4,Hispanic,Female,Greater than 45,1,0
10922,LR_8_features,8,4,Caucasian,Male,Greater than 45,0,0
10939,LR_8_features,8,4,Caucasian,Female,Greater than 45,0,0
10946,LR_8_features,8,4,African-American,Male,25 - 45,0,0
10960,LR_8_features,8,4,African-American,Female,Less than 25,1,0
10981,LR_8_features,8,4,African-American,Male,25 - 45,0,1
10985,LR_8_features,8,4,African-American,Male,25 - 45,1,1
10995,LR_8_features,8,4,African-American,Male,Less than 25,0,1
10996,LR_8_features,8,4,African-American,Male,Less than 25,0,0
10997,LR_8_features,8,4,African-American,Male,Less than 25,0,0
11001,LR_8_features,8,4,Hispanic,Female,Less than 25,1,0
64,LR_8_features,8,5,African-American,Male,25 - 45,1,0
99,LR_8_features,8,5,Other,Male,25 - 45,0,0
142,LR_8_features,8,5,Caucasian,Male,25 - 45,1,1
210,LR_8_features,8,5,African-American,Male,25 - 45,1,1
236,LR_8_features,8,5,Hispanic,Male,Greater than 45,0,0
265,LR_8_features,8,5,African-American,Male,25 - 45,1,1
268,LR_8_features,8,5,Caucasian,Male,Greater than 45,1,0
277,LR_8_features,8,5,African-American,Male,Greater than 45,1,1
279,LR_8_features,8,5,Hispanic,Male,Greater than 45,0,0
294,LR_8_features,8,5,African-American,Male,25 - 45,0,0
330,LR_8_features,8,5,African-American,Male,Greater than 45,0,0
335,LR_8_features,8,5,African-American,Male,25 - 45,0,0
336,LR_8_features,8,5,Other,Male,25 - 45,1,0
349,LR_8_features,8,5,Caucasian,Male,25 - 45,0,0
393,LR_8_features,8,5,African-American,Female,25 - 45,0,0
396,LR_8_features,8,5,African-American,Male,Less than 25,0,1
398,LR_8_features,8,5,Hispanic,Male,Less than 25,0,0
463,LR_8_features,8,5,Caucasian,Male,25 - 45,1,0
465,LR_8_features,8,5,Caucasian,Female,25 - 45,0,0
469,LR_8_features,8,5,African-American,Male,Less than 25,1,1
485,LR_8_features,8,5,African-American,Male,Less than 25,1,1
487,LR_8_features,8,5,Caucasian,Male,Greater than 45,1,1
509,LR_8_features,8,5,Caucasian,Female,25 - 45,0,0
527,LR_8_features,8,5,Caucasian,Male,Greater than 45,0,0
530,LR_8_features,8,5,Caucasian,Male,Less than 25,0,1
542,LR_8_features,8,5,African-American,Male,Less than 25,1,1
547,LR_8_features,8,5,Caucasian,Male,25 - 45,0,0
579,LR_8_features,8,5,African-American,Male,Less than 25,1,1
598,LR_8_features,8,5,African-American,Male,25 - 45,0,1
599,LR_8_features,8,5,Caucasian,Male,25 - 45,0,0
635,LR_8_features,8,5,African-American,Male,25 - 45,1,1
668,LR_8_features,8,5,Hispanic,Male,25 - 45,1,1
678,LR_8_features,8,5,African-American,Female,Greater than 45,0,0
697,LR_8_features,8,5,African-American,Male,Greater than 45,1,0
724,LR_8_features,8,5,Caucasian,Male,Greater than 45,0,0
727,LR_8_features,8,5,Caucasian,Male,Greater than 45,0,0
728,LR_8_features,8,5,Hispanic,Male,25 - 45,1,1
757,LR_8_features,8,5,African-American,Male,25 - 45,0,0
770,LR_8_features,8,5,Caucasian,Male,Greater than 45,0,0
804,LR_8_features,8,5,African-American,Male,Less than 25,1,1
853,LR_8_features,8,5,African-American,Male,Greater than 45,0,0
875,LR_8_features,8,5,African-American,Female,25 - 45,0,0
884,LR_8_features,8,5,Caucasian,Male,Greater than 45,1,0
888,LR_8_features,8,5,Caucasian,Female,Less than 25,0,0
904,LR_8_features,8,5,Hispanic,Male,Less than 25,1,0
921,LR_8_features,8,5,African-American,Male,25 - 45,0,0
965,LR_8_features,8,5,African-American,Male,25 - 45,0,0
971,LR_8_features,8,5,African-American,Female,Greater than 45,1,0
1025,LR_8_features,8,5,African-American,Male,25 - 45,1,0
1030,LR_8_features,8,5,Caucasian,Female,25 - 45,0,0
1063,LR_8_features,8,5,African-American,Male,25 - 45,1,1
1084,LR_8_features,8,5,African-American,Male,Greater than 45,0,0
1094,LR_8_features,8,5,Caucasian,Male,25 - 45,1,0
1099,LR_8_features,8,5,Caucasian,Male,Less than 25,0,1
1138,LR_8_features,8,5,African-American,Female,25 - 45,0,0
1140,LR_8_features,8,5,African-American,Male,Greater than 45,0,0
1152,LR_8_features,8,5,Other,Female,Less than 25,0,0
1163,LR_8_features,8,5,African-American,Male,25 - 45,0,1
1181,LR_8_features,8,5,African-American,Female,25 - 45,0,0
1191,LR_8_features,8,5,Caucasian,Male,Less than 25,1,0
1193,LR_8_features,8,5,Caucasian,Male,Greater than 45,0,0
1195,LR_8_features,8,5,African-American,Female,25 - 45,0,0
1202,LR_8_features,8,5,African-American,Male,25 - 45,1,1
1216,LR_8_features,8,5,Caucasian,Male,25 - 45,0,1
1239,LR_8_features,8,5,African-American,Male,25 - 45,1,1
1255,LR_8_features,8,5,African-American,Male,25 - 45,1,1
1268,LR_8_features,8,5,African-American,Male,25 - 45,1,0
1298,LR_8_features,8,5,African-American,Male,Less than 25,0,1
1343,LR_8_features,8,5,Hispanic,Male,Less than 25,1,1
1351,LR_8_features,8,5,African-American,Male,25 - 45,1,1
1358,LR_8_features,8,5,African-American,Male,25 - 45,1,1
1361,LR_8_features,8,5,African-American,Male,25 - 45,1,1
1408,LR_8_features,8,5,African-American,Male,25 - 45,1,1
1419,LR_8_features,8,5,Caucasian,Female,25 - 45,0,0
1429,LR_8_features,8,5,African-American,Male,25 - 45,1,1
1431,LR_8_features,8,5,Caucasian,Male,25 - 45,0,0
1436,LR_8_features,8,5,African-American,Male,Less than 25,1,1
1452,LR_8_features,8,5,Caucasian,Female,Less than 25,1,0
1455,LR_8_features,8,5,African-American,Male,Greater than 45,0,0
1486,LR_8_features,8,5,Hispanic,Male,25 - 45,0,0
1530,LR_8_features,8,5,Hispanic,Male,Greater than 45,0,0
1541,LR_8_features,8,5,African-American,Male,25 - 45,0,0
1596,LR_8_features,8,5,African-American,Male,25 - 45,1,0
1605,LR_8_features,8,5,Hispanic,Male,Less than 25,0,0
1629,LR_8_features,8,5,African-American,Male,25 - 45,0,1
1639,LR_8_features,8,5,Hispanic,Male,25 - 45,0,0
1648,LR_8_features,8,5,Caucasian,Male,Greater than 45,0,0
1658,LR_8_features,8,5,Hispanic,Female,Greater than 45,0,0
1691,LR_8_features,8,5,Caucasian,Male,25 - 45,0,1
1706,LR_8_features,8,5,African-American,Male,25 - 45,1,0
1710,LR_8_features,8,5,Caucasian,Male,25 - 45,0,0
1719,LR_8_features,8,5,African-American,Male,Greater than 45,1,0
1742,LR_8_features,8,5,Other,Male,Less than 25,1,0
1757,LR_8_features,8,5,Caucasian,Male,25 - 45,0,0
1768,LR_8_features,8,5,African-American,Male,Greater than 45,0,0
1770,LR_8_features,8,5,African-American,Male,Less than 25,1,1
1780,LR_8_features,8,5,African-American,Female,25 - 45,0,0
1795,LR_8_features,8,5,Hispanic,Female,Less than 25,0,0
1806,LR_8_features,8,5,Caucasian,Female,25 - 45,1,0
1820,LR_8_features,8,5,African-American,Male,Greater than 45,0,0
1853,LR_8_features,8,5,Caucasian,Male,25 - 45,0,0
1864,LR_8_features,8,5,African-American,Male,25 - 45,0,0
1879,LR_8_features,8,5,African-American,Male,Less than 25,0,1
1899,LR_8_features,8,5,Hispanic,Male,25 - 45,0,0
1905,LR_8_features,8,5,Other,Male,25 - 45,0,0
1917,LR_8_features,8,5,Caucasian,Male,Greater than 45,0,0
1954,LR_8_features,8,5,Caucasian,Male,25 - 45,1,0
1966,LR_8_features,8,5,Hispanic,Male,Less than 25,0,0
1968,LR_8_features,8,5,Other,Male,25 - 45,0,0
1983,LR_8_features,8,5,African-American,Male,25 - 45,0,0
2021,LR_8_features,8,5,Other,Male,Greater than 45,0,0
2026,LR_8_features,8,5,African-American,Male,25 - 45,1,1
2034,LR_8_features,8,5,Caucasian,Male,25 - 45,0,0
2037,LR_8_features,8,5,African-American,Male,25 - 45,0,0
2057,LR_8_features,8,5,African-American,Male,25 - 45,1,1
2076,LR_8_features,8,5,African-American,Male,25 - 45,1,1
2087,LR_8_features,8,5,African-American,Male,Less than 25,1,0
2111,LR_8_features,8,5,African-American,Male,25 - 45,0,0
2115,LR_8_features,8,5,Caucasian,Male,25 - 45,0,0
2141,LR_8_features,8,5,Caucasian,Male,25 - 45,1,0
2151,LR_8_features,8,5,Caucasian,Male,25 - 45,1,0
2154,LR_8_features,8,5,Other,Male,Less than 25,0,0
2163,LR_8_features,8,5,Caucasian,Male,25 - 45,0,0
2180,LR_8_features,8,5,Other,Male,25 - 45,1,0
2228,LR_8_features,8,5,African-American,Male,Less than 25,1,1
2246,LR_8_features,8,5,African-American,Male,Less than 25,0,1
2250,LR_8_features,8,5,African-American,Male,25 - 45,1,1
2274,LR_8_features,8,5,Caucasian,Male,Greater than 45,1,1
2278,LR_8_features,8,5,Caucasian,Male,Greater than 45,1,0
2321,LR_8_features,8,5,African-American,Male,25 - 45,1,1
2335,LR_8_features,8,5,African-American,Male,25 - 45,1,1
2354,LR_8_features,8,5,African-American,Male,Less than 25,1,0
2361,LR_8_features,8,5,Caucasian,Female,Greater than 45,1,0
2371,LR_8_features,8,5,Caucasian,Male,25 - 45,0,0
2386,LR_8_features,8,5,African-American,Male,25 - 45,1,0
2393,LR_8_features,8,5,African-American,Male,Less than 25,0,1
2396,LR_8_features,8,5,Caucasian,Female,Greater than 45,0,0
2406,LR_8_features,8,5,African-American,Female,Greater than 45,0,0
2407,LR_8_features,8,5,Hispanic,Male,Less than 25,1,0
2430,LR_8_features,8,5,African-American,Male,Greater than 45,1,0
2432,LR_8_features,8,5,African-American,Male,25 - 45,0,0
2448,LR_8_features,8,5,African-American,Male,Less than 25,1,1
2467,LR_8_features,8,5,African-American,Male,25 - 45,0,1
2479,LR_8_features,8,5,African-American,Male,25 - 45,1,1
2509,LR_8_features,8,5,African-American,Male,Less than 25,1,1
2511,LR_8_features,8,5,Hispanic,Male,25 - 45,0,0
2537,LR_8_features,8,5,African-American,Female,25 - 45,0,0
2564,LR_8_features,8,5,Other,Male,25 - 45,1,0
2584,LR_8_features,8,5,African-American,Male,Less than 25,0,1
2616,LR_8_features,8,5,Hispanic,Male,Less than 25,0,1
2618,LR_8_features,8,5,African-American,Male,25 - 45,1,1
2664,LR_8_features,8,5,African-American,Male,25 - 45,1,0
2696,LR_8_features,8,5,African-American,Male,25 - 45,0,0
2704,LR_8_features,8,5,African-American,Male,25 - 45,1,0
2751,LR_8_features,8,5,Hispanic,Female,Greater than 45,0,0
2753,LR_8_features,8,5,African-American,Male,25 - 45,1,1
2770,LR_8_features,8,5,Other,Female,Less than 25,0,0
2780,LR_8_features,8,5,Caucasian,Male,Greater than 45,0,0
2797,LR_8_features,8,5,African-American,Male,25 - 45,1,0
2848,LR_8_features,8,5,Caucasian,Male,Less than 25,1,0
2871,LR_8_features,8,5,African-American,Male,Less than 25,1,1
2874,LR_8_features,8,5,African-American,Male,25 - 45,1,0
2875,LR_8_features,8,5,African-American,Male,25 - 45,1,1
2893,LR_8_features,8,5,African-American,Male,25 - 45,0,1
2897,LR_8_features,8,5,Caucasian,Male,25 - 45,1,0
2907,LR_8_features,8,5,African-American,Male,Less than 25,1,1
2908,LR_8_features,8,5,African-American,Male,Less than 25,0,0
2954,LR_8_features,8,5,Caucasian,Male,Less than 25,0,0
2970,LR_8_features,8,5,Native American,Male,25 - 45,0,0
2974,LR_8_features,8,5,African-American,Male,Greater than 45,1,0
2996,LR_8_features,8,5,Other,Male,Less than 25,0,0
3051,LR_8_features,8,5,African-American,Male,Greater than 45,0,0
3058,LR_8_features,8,5,African-American,Male,25 - 45,0,0
3089,LR_8_features,8,5,African-American,Female,Less than 25,0,0
3090,LR_8_features,8,5,African-American,Male,25 - 45,0,1
3113,LR_8_features,8,5,Hispanic,Male,25 - 45,1,0
3120,LR_8_features,8,5,Hispanic,Male,Less than 25,1,0
3154,LR_8_features,8,5,Other,Male,25 - 45,0,0
3163,LR_8_features,8,5,Caucasian,Male,25 - 45,0,0
3175,LR_8_features,8,5,Caucasian,Male,Greater than 45,1,0
3192,LR_8_features,8,5,Caucasian,Male,25 - 45,0,0
3217,LR_8_features,8,5,Caucasian,Male,25 - 45,0,0
3281,LR_8_features,8,5,Caucasian,Male,25 - 45,1,1
3322,LR_8_features,8,5,African-American,Male,Less than 25,1,1
3338,LR_8_features,8,5,African-American,Male,Less than 25,0,0
3344,LR_8_features,8,5,African-American,Male,25 - 45,1,0
3411,LR_8_features,8,5,Caucasian,Female,25 - 45,0,0
3412,LR_8_features,8,5,Caucasian,Male,25 - 45,0,0
3417,LR_8_features,8,5,Caucasian,Male,25 - 45,0,1
3418,LR_8_features,8,5,African-American,Male,25 - 45,1,0
3429,LR_8_features,8,5,African-American,Male,Less than 25,1,1
3457,LR_8_features,8,5,African-American,Male,Greater than 45,0,0
3508,LR_8_features,8,5,African-American,Female,Less than 25,0,0
3515,LR_8_features,8,5,Caucasian,Male,25 - 45,0,0
3516,LR_8_features,8,5,Other,Male,25 - 45,1,0
3551,LR_8_features,8,5,African-American,Male,Less than 25,1,1
3556,LR_8_features,8,5,Hispanic,Male,25 - 45,0,0
3571,LR_8_features,8,5,Caucasian,Male,25 - 45,1,0
3582,LR_8_features,8,5,Hispanic,Female,25 - 45,1,0
3584,LR_8_features,8,5,Caucasian,Male,25 - 45,0,0
3622,LR_8_features,8,5,African-American,Male,25 - 45,0,1
3630,LR_8_features,8,5,Caucasian,Male,Greater than 45,0,0
3634,LR_8_features,8,5,Caucasian,Male,25 - 45,0,0
3645,LR_8_features,8,5,Caucasian,Male,25 - 45,0,0
3646,LR_8_features,8,5,Caucasian,Male,25 - 45,1,1
3656,LR_8_features,8,5,African-American,Male,Less than 25,0,0
3661,LR_8_features,8,5,African-American,Male,Greater than 45,1,1
3666,LR_8_features,8,5,African-American,Female,25 - 45,0,0
3671,LR_8_features,8,5,Caucasian,Male,25 - 45,0,0
3678,LR_8_features,8,5,Caucasian,Male,25 - 45,0,0
3679,LR_8_features,8,5,Caucasian,Female,Greater than 45,1,0
3684,LR_8_features,8,5,African-American,Male,25 - 45,1,1
3692,LR_8_features,8,5,African-American,Male,25 - 45,1,1
3699,LR_8_features,8,5,Caucasian,Male,25 - 45,0,0
3719,LR_8_features,8,5,African-American,Male,Less than 25,0,1
3722,LR_8_features,8,5,African-American,Male,Less than 25,1,0
3729,LR_8_features,8,5,African-American,Male,25 - 45,0,0
3747,LR_8_features,8,5,Caucasian,Male,25 - 45,0,0
3788,LR_8_features,8,5,Caucasian,Male,25 - 45,0,0
3818,LR_8_features,8,5,African-American,Male,Less than 25,0,0
3836,LR_8_features,8,5,Caucasian,Male,Greater than 45,0,0
3841,LR_8_features,8,5,Caucasian,Male,Greater than 45,0,0
3856,LR_8_features,8,5,African-American,Female,25 - 45,0,1
3867,LR_8_features,8,5,African-American,Male,Greater than 45,0,1
3881,LR_8_features,8,5,African-American,Male,25 - 45,1,1
3890,LR_8_features,8,5,Other,Male,25 - 45,0,1
3899,LR_8_features,8,5,African-American,Male,25 - 45,1,1
3909,LR_8_features,8,5,Caucasian,Male,25 - 45,1,1
3930,LR_8_features,8,5,Caucasian,Male,Greater than 45,0,0
3941,LR_8_features,8,5,Caucasian,Male,25 - 45,0,0
3963,LR_8_features,8,5,Caucasian,Male,Greater than 45,0,0
4001,LR_8_features,8,5,African-American,Male,25 - 45,1,0
4028,LR_8_features,8,5,African-American,Female,25 - 45,0,0
4031,LR_8_features,8,5,African-American,Male,Greater than 45,0,0
4032,LR_8_features,8,5,Caucasian,Male,25 - 45,0,0
4033,LR_8_features,8,5,African-American,Male,25 - 45,0,0
4059,LR_8_features,8,5,African-American,Male,25 - 45,1,1
4067,LR_8_features,8,5,Caucasian,Male,25 - 45,1,0
4108,LR_8_features,8,5,African-American,Male,25 - 45,1,1
4120,LR_8_features,8,5,Caucasian,Male,25 - 45,0,0
4122,LR_8_features,8,5,Caucasian,Female,25 - 45,0,0
4126,LR_8_features,8,5,African-American,Male,25 - 45,1,0
4154,LR_8_features,8,5,African-American,Male,Greater than 45,0,0
4171,LR_8_features,8,5,African-American,Male,Less than 25,0,1
4179,LR_8_features,8,5,African-American,Male,Less than 25,1,1
4202,LR_8_features,8,5,African-American,Male,25 - 45,1,1
4217,LR_8_features,8,5,Caucasian,Male,25 - 45,1,0
4230,LR_8_features,8,5,Hispanic,Male,25 - 45,0,0
4250,LR_8_features,8,5,African-American,Female,25 - 45,0,0
4267,LR_8_features,8,5,Other,Male,Greater than 45,1,0
4282,LR_8_features,8,5,Hispanic,Male,Less than 25,0,0
4315,LR_8_features,8,5,African-American,Male,Greater than 45,1,0
4331,LR_8_features,8,5,African-American,Male,Greater than 45,1,1
4342,LR_8_features,8,5,African-American,Male,Less than 25,1,1
4368,LR_8_features,8,5,Hispanic,Male,Less than 25,1,1
4370,LR_8_features,8,5,African-American,Male,25 - 45,0,1
4376,LR_8_features,8,5,Other,Female,Less than 25,0,0
4390,LR_8_features,8,5,Caucasian,Male,Greater than 45,0,0
4397,LR_8_features,8,5,African-American,Male,25 - 45,1,0
4426,LR_8_features,8,5,Caucasian,Female,25 - 45,0,0
4435,LR_8_features,8,5,Other,Female,Greater than 45,0,0
4443,LR_8_features,8,5,Caucasian,Female,25 - 45,0,0
4452,LR_8_features,8,5,African-American,Male,25 - 45,1,1
4476,LR_8_features,8,5,African-American,Male,Greater than 45,1,1
4485,LR_8_features,8,5,African-American,Male,Less than 25,1,1
4493,LR_8_features,8,5,African-American,Male,25 - 45,0,1
4494,LR_8_features,8,5,African-American,Female,Greater than 45,0,0
4546,LR_8_features,8,5,African-American,Male,25 - 45,1,0
4562,LR_8_features,8,5,African-American,Male,25 - 45,0,1
4567,LR_8_features,8,5,African-American,Female,Greater than 45,0,0
4590,LR_8_features,8,5,Hispanic,Male,25 - 45,1,0
4608,LR_8_features,8,5,African-American,Male,Less than 25,1,1
4622,LR_8_features,8,5,Other,Male,25 - 45,0,0
4660,LR_8_features,8,5,African-American,Male,Less than 25,0,1
4663,LR_8_features,8,5,Caucasian,Male,Greater than 45,1,0
4665,LR_8_features,8,5,African-American,Female,Less than 25,0,0
4679,LR_8_features,8,5,Caucasian,Male,25 - 45,0,0
4706,LR_8_features,8,5,Caucasian,Female,Greater than 45,1,0
4743,LR_8_features,8,5,Hispanic,Male,25 - 45,0,1
4750,LR_8_features,8,5,Caucasian,Male,25 - 45,0,1
4757,LR_8_features,8,5,African-American,Male,25 - 45,1,0
4766,LR_8_features,8,5,Caucasian,Male,25 - 45,1,1
4783,LR_8_features,8,5,Caucasian,Male,25 - 45,1,0
4784,LR_8_features,8,5,African-American,Male,25 - 45,0,1
4793,LR_8_features,8,5,Caucasian,Male,25 - 45,1,1
4794,LR_8_features,8,5,African-American,Male,25 - 45,1,1
4805,LR_8_features,8,5,African-American,Male,25 - 45,1,0
4825,LR_8_features,8,5,African-American,Male,Less than 25,1,0
4826,LR_8_features,8,5,Hispanic,Male,25 - 45,1,1
4847,LR_8_features,8,5,Caucasian,Male,Greater than 45,1,0
4881,LR_8_features,8,5,African-American,Male,25 - 45,0,0
4925,LR_8_features,8,5,Caucasian,Male,Greater than 45,0,0
4929,LR_8_features,8,5,African-American,Male,Greater than 45,0,0
4936,LR_8_features,8,5,African-American,Female,25 - 45,1,1
4939,LR_8_features,8,5,African-American,Male,Less than 25,1,1
4943,LR_8_features,8,5,African-American,Male,Greater than 45,1,1
4959,LR_8_features,8,5,Hispanic,Male,Greater than 45,1,0
4979,LR_8_features,8,5,African-American,Male,25 - 45,1,1
4982,LR_8_features,8,5,Caucasian,Male,25 - 45,0,0
4992,LR_8_features,8,5,African-American,Male,25 - 45,1,1
4998,LR_8_features,8,5,Caucasian,Male,25 - 45,0,0
5003,LR_8_features,8,5,African-American,Male,25 - 45,1,1
5010,LR_8_features,8,5,African-American,Male,25 - 45,1,1
5015,LR_8_features,8,5,Caucasian,Male,25 - 45,1,0
5035,LR_8_features,8,5,Caucasian,Male,25 - 45,0,0
5042,LR_8_features,8,5,African-American,Male,Greater than 45,1,1
5049,LR_8_features,8,5,Caucasian,Female,25 - 45,0,0
5060,LR_8_features,8,5,African-American,Male,Less than 25,1,1
5101,LR_8_features,8,5,African-American,Male,25 - 45,1,1
5151,LR_8_features,8,5,Caucasian,Female,Greater than 45,0,0
5152,LR_8_features,8,5,African-American,Male,25 - 45,1,1
5187,LR_8_features,8,5,Caucasian,Male,Greater than 45,0,0
5205,LR_8_features,8,5,Caucasian,Male,Less than 25,0,1
5217,LR_8_features,8,5,African-American,Male,25 - 45,1,0
5222,LR_8_features,8,5,African-American,Male,Less than 25,1,0
5224,LR_8_features,8,5,African-American,Male,25 - 45,1,0
5249,LR_8_features,8,5,African-American,Male,25 - 45,0,0
5253,LR_8_features,8,5,Caucasian,Male,25 - 45,1,0
5255,LR_8_features,8,5,African-American,Female,25 - 45,0,0
5350,LR_8_features,8,5,Caucasian,Female,25 - 45,1,0
5364,LR_8_features,8,5,Caucasian,Female,25 - 45,0,0
5374,LR_8_features,8,5,Other,Male,Less than 25,1,1
5392,LR_8_features,8,5,African-American,Male,Greater than 45,0,0
5425,LR_8_features,8,5,African-American,Female,25 - 45,1,0
5434,LR_8_features,8,5,African-American,Male,Greater than 45,1,0
5439,LR_8_features,8,5,Other,Male,25 - 45,1,0
5444,LR_8_features,8,5,Caucasian,Female,25 - 45,1,0
5451,LR_8_features,8,5,Caucasian,Female,25 - 45,0,0
5455,LR_8_features,8,5,Caucasian,Female,25 - 45,0,0
5459,LR_8_features,8,5,African-American,Male,Greater than 45,0,0
5483,LR_8_features,8,5,Caucasian,Male,25 - 45,0,0
5495,LR_8_features,8,5,African-American,Male,Greater than 45,0,1
5497,LR_8_features,8,5,Hispanic,Male,25 - 45,0,0
5524,LR_8_features,8,5,African-American,Male,25 - 45,0,1
5551,LR_8_features,8,5,African-American,Male,25 - 45,0,1
5553,LR_8_features,8,5,Caucasian,Male,Less than 25,0,0
5614,LR_8_features,8,5,African-American,Male,25 - 45,1,0
5639,LR_8_features,8,5,Caucasian,Male,25 - 45,1,0
5646,LR_8_features,8,5,African-American,Male,Less than 25,1,1
5677,LR_8_features,8,5,Caucasian,Male,Greater than 45,1,0
5703,LR_8_features,8,5,Hispanic,Male,Greater than 45,0,0
5713,LR_8_features,8,5,Other,Male,25 - 45,1,0
5736,LR_8_features,8,5,Caucasian,Female,Greater than 45,0,0
5774,LR_8_features,8,5,Caucasian,Male,Greater than 45,0,0
5810,LR_8_features,8,5,African-American,Male,25 - 45,1,1
5824,LR_8_features,8,5,African-American,Female,25 - 45,0,0
5836,LR_8_features,8,5,African-American,Male,Less than 25,1,0
5853,LR_8_features,8,5,African-American,Male,25 - 45,1,0
5856,LR_8_features,8,5,African-American,Male,25 - 45,1,1
5881,LR_8_features,8,5,African-American,Male,25 - 45,0,0
5954,LR_8_features,8,5,Hispanic,Male,Greater than 45,0,0
5958,LR_8_features,8,5,African-American,Male,Less than 25,1,1
5982,LR_8_features,8,5,African-American,Male,25 - 45,1,0
6021,LR_8_features,8,5,Caucasian,Male,25 - 45,1,0
6034,LR_8_features,8,5,Caucasian,Male,Less than 25,1,1
6046,LR_8_features,8,5,African-American,Male,Greater than 45,0,1
6048,LR_8_features,8,5,African-American,Male,25 - 45,0,1
6062,LR_8_features,8,5,Caucasian,Male,Greater than 45,0,0
6066,LR_8_features,8,5,Caucasian,Male,Greater than 45,0,1
6078,LR_8_features,8,5,Caucasian,Female,25 - 45,0,0
6081,LR_8_features,8,5,Caucasian,Female,25 - 45,0,0
6106,LR_8_features,8,5,African-American,Male,25 - 45,0,1
6110,LR_8_features,8,5,Caucasian,Female,Less than 25,0,0
6117,LR_8_features,8,5,African-American,Male,25 - 45,1,1
6143,LR_8_features,8,5,African-American,Male,Greater than 45,1,0
6159,LR_8_features,8,5,African-American,Male,25 - 45,0,1
6169,LR_8_features,8,5,Caucasian,Male,Less than 25,1,1
6171,LR_8_features,8,5,African-American,Female,Greater than 45,0,0
6221,LR_8_features,8,5,Caucasian,Male,25 - 45,0,0
6231,LR_8_features,8,5,African-American,Male,Greater than 45,0,0
6239,LR_8_features,8,5,African-American,Male,Greater than 45,0,0
6240,LR_8_features,8,5,African-American,Male,Greater than 45,0,0
6293,LR_8_features,8,5,African-American,Female,25 - 45,0,0
6317,LR_8_features,8,5,Caucasian,Male,25 - 45,1,1
6326,LR_8_features,8,5,Caucasian,Male,Less than 25,1,1
6336,LR_8_features,8,5,African-American,Male,25 - 45,1,1
6338,LR_8_features,8,5,African-American,Male,25 - 45,1,0
6367,LR_8_features,8,5,African-American,Male,25 - 45,1,1
6372,LR_8_features,8,5,African-American,Male,25 - 45,1,1
6394,LR_8_features,8,5,African-American,Male,Greater than 45,0,0
6412,LR_8_features,8,5,Other,Male,Less than 25,0,1
6436,LR_8_features,8,5,Hispanic,Male,25 - 45,0,0
6480,LR_8_features,8,5,African-American,Male,25 - 45,1,1
6527,LR_8_features,8,5,African-American,Female,Less than 25,0,0
6535,LR_8_features,8,5,Caucasian,Male,Less than 25,1,1
6546,LR_8_features,8,5,Hispanic,Male,25 - 45,0,0
6548,LR_8_features,8,5,African-American,Male,Less than 25,1,1
6564,LR_8_features,8,5,Caucasian,Male,25 - 45,0,0
6577,LR_8_features,8,5,Caucasian,Male,25 - 45,0,0
6585,LR_8_features,8,5,African-American,Male,25 - 45,1,1
6639,LR_8_features,8,5,African-American,Male,Greater than 45,0,0
6642,LR_8_features,8,5,Caucasian,Male,25 - 45,0,0
6665,LR_8_features,8,5,African-American,Female,Less than 25,0,1
6679,LR_8_features,8,5,Other,Female,25 - 45,1,0
6698,LR_8_features,8,5,African-American,Male,25 - 45,1,1
6703,LR_8_features,8,5,African-American,Male,25 - 45,0,1
6717,LR_8_features,8,5,Caucasian,Female,25 - 45,0,0
6756,LR_8_features,8,5,Caucasian,Male,25 - 45,1,0
6758,LR_8_features,8,5,Caucasian,Female,25 - 45,1,0
6791,LR_8_features,8,5,African-American,Male,Greater than 45,0,0
6818,LR_8_features,8,5,Caucasian,Female,Greater than 45,1,0
6827,LR_8_features,8,5,African-American,Male,25 - 45,1,0
6877,LR_8_features,8,5,African-American,Female,25 - 45,0,0
6884,LR_8_features,8,5,Caucasian,Male,25 - 45,0,0
6929,LR_8_features,8,5,Caucasian,Male,25 - 45,0,0
6934,LR_8_features,8,5,African-American,Female,25 - 45,0,0
6948,LR_8_features,8,5,African-American,Male,25 - 45,0,0
6982,LR_8_features,8,5,Hispanic,Male,Greater than 45,1,0
7015,LR_8_features,8,5,Caucasian,Male,Less than 25,0,0
7029,LR_8_features,8,5,African-American,Male,25 - 45,1,1
7039,LR_8_features,8,5,Caucasian,Female,25 - 45,1,0
7104,LR_8_features,8,5,Caucasian,Male,Greater than 45,1,0
7105,LR_8_features,8,5,African-American,Male,25 - 45,1,1
7139,LR_8_features,8,5,African-American,Female,25 - 45,0,0
7177,LR_8_features,8,5,Hispanic,Male,Less than 25,0,0
7178,LR_8_features,8,5,African-American,Male,25 - 45,1,1
7206,LR_8_features,8,5,Hispanic,Male,25 - 45,1,1
7216,LR_8_features,8,5,African-American,Male,25 - 45,1,1
7219,LR_8_features,8,5,African-American,Male,25 - 45,0,1
7228,LR_8_features,8,5,Caucasian,Male,25 - 45,1,1
7266,LR_8_features,8,5,Caucasian,Male,Less than 25,0,0
7280,LR_8_features,8,5,African-American,Male,25 - 45,1,1
7312,LR_8_features,8,5,Caucasian,Male,25 - 45,1,1
7315,LR_8_features,8,5,African-American,Male,Less than 25,1,1
7338,LR_8_features,8,5,African-American,Male,Less than 25,1,1
7362,LR_8_features,8,5,African-American,Female,Less than 25,1,1
7421,LR_8_features,8,5,Caucasian,Male,25 - 45,0,0
7425,LR_8_features,8,5,African-American,Male,Less than 25,0,0
7443,LR_8_features,8,5,African-American,Female,25 - 45,0,0
7447,LR_8_features,8,5,African-American,Female,Less than 25,0,0
7468,LR_8_features,8,5,Caucasian,Male,25 - 45,1,0
7488,LR_8_features,8,5,African-American,Male,Less than 25,1,1
7493,LR_8_features,8,5,African-American,Female,Less than 25,1,0
7546,LR_8_features,8,5,Caucasian,Male,Less than 25,0,1
7587,LR_8_features,8,5,African-American,Male,25 - 45,1,1
7595,LR_8_features,8,5,Hispanic,Female,Greater than 45,0,0
7597,LR_8_features,8,5,Other,Male,25 - 45,0,0
7606,LR_8_features,8,5,Caucasian,Male,25 - 45,1,1
7611,LR_8_features,8,5,Caucasian,Male,Greater than 45,1,1
7649,LR_8_features,8,5,African-American,Male,Greater than 45,1,0
7674,LR_8_features,8,5,African-American,Male,Less than 25,1,0
7688,LR_8_features,8,5,African-American,Male,25 - 45,0,0
7726,LR_8_features,8,5,Caucasian,Male,Greater than 45,0,0
7757,LR_8_features,8,5,Hispanic,Male,25 - 45,0,0
7775,LR_8_features,8,5,African-American,Male,25 - 45,0,0
7785,LR_8_features,8,5,African-American,Male,25 - 45,1,1
7788,LR_8_features,8,5,African-American,Male,25 - 45,1,1
7819,LR_8_features,8,5,African-American,Male,Less than 25,1,1
7842,LR_8_features,8,5,African-American,Male,Greater than 45,0,0
7850,LR_8_features,8,5,Hispanic,Male,25 - 45,1,1
7884,LR_8_features,8,5,Caucasian,Male,25 - 45,1,1
7898,LR_8_features,8,5,African-American,Male,25 - 45,0,0
7905,LR_8_features,8,5,Other,Male,25 - 45,0,0
7912,LR_8_features,8,5,Caucasian,Male,Less than 25,1,0
7914,LR_8_features,8,5,Caucasian,Male,Greater than 45,0,0
7920,LR_8_features,8,5,African-American,Male,Less than 25,0,1
7968,LR_8_features,8,5,African-American,Male,25 - 45,1,1
7972,LR_8_features,8,5,Caucasian,Female,25 - 45,0,0
7973,LR_8_features,8,5,African-American,Male,25 - 45,0,0
8021,LR_8_features,8,5,Caucasian,Male,Greater than 45,0,1
8027,LR_8_features,8,5,Caucasian,Male,Greater than 45,1,0
8031,LR_8_features,8,5,African-American,Male,25 - 45,1,1
8036,LR_8_features,8,5,Hispanic,Male,25 - 45,0,0
8066,LR_8_features,8,5,Caucasian,Male,Less than 25,1,1
8072,LR_8_features,8,5,African-American,Male,Less than 25,1,1
8095,LR_8_features,8,5,Caucasian,Male,25 - 45,1,1
8104,LR_8_features,8,5,African-American,Female,25 - 45,0,1
8120,LR_8_features,8,5,African-American,Male,25 - 45,0,1
8172,LR_8_features,8,5,African-American,Male,25 - 45,1,0
8187,LR_8_features,8,5,African-American,Male,Less than 25,1,0
8236,LR_8_features,8,5,Hispanic,Male,Greater than 45,0,0
8240,LR_8_features,8,5,African-American,Female,25 - 45,0,0
8256,LR_8_features,8,5,African-American,Male,25 - 45,1,1
8269,LR_8_features,8,5,African-American,Female,25 - 45,1,1
8308,LR_8_features,8,5,African-American,Male,25 - 45,1,1
8311,LR_8_features,8,5,Caucasian,Female,Less than 25,0,0
8315,LR_8_features,8,5,African-American,Male,Less than 25,1,1
8400,LR_8_features,8,5,Hispanic,Male,Greater than 45,1,0
8411,LR_8_features,8,5,African-American,Male,25 - 45,0,1
8473,LR_8_features,8,5,Caucasian,Female,25 - 45,1,0
8488,LR_8_features,8,5,African-American,Male,25 - 45,0,1
8520,LR_8_features,8,5,African-American,Male,25 - 45,1,1
8523,LR_8_features,8,5,Hispanic,Female,Less than 25,0,0
8560,LR_8_features,8,5,Caucasian,Male,Greater than 45,0,0
8574,LR_8_features,8,5,Caucasian,Female,25 - 45,0,0
8598,LR_8_features,8,5,African-American,Male,Less than 25,1,1
8604,LR_8_features,8,5,African-American,Female,Less than 25,0,0
8633,LR_8_features,8,5,Caucasian,Male,Less than 25,1,1
8652,LR_8_features,8,5,African-American,Male,25 - 45,0,0
8659,LR_8_features,8,5,African-American,Male,Greater than 45,0,0
8665,LR_8_features,8,5,African-American,Male,25 - 45,1,1
8685,LR_8_features,8,5,African-American,Male,25 - 45,0,1
8711,LR_8_features,8,5,Other,Male,Less than 25,0,0
8723,LR_8_features,8,5,Hispanic,Male,25 - 45,0,1
8728,LR_8_features,8,5,Caucasian,Female,Less than 25,0,0
8731,LR_8_features,8,5,Caucasian,Male,25 - 45,1,0
8735,LR_8_features,8,5,African-American,Male,25 - 45,0,0
8741,LR_8_features,8,5,Caucasian,Female,25 - 45,1,0
8747,LR_8_features,8,5,Caucasian,Male,25 - 45,1,1
8786,LR_8_features,8,5,African-American,Male,25 - 45,0,0
8805,LR_8_features,8,5,African-American,Female,Greater than 45,0,0
8813,LR_8_features,8,5,African-American,Male,25 - 45,1,0
8869,LR_8_features,8,5,African-American,Male,Greater than 45,0,0
8884,LR_8_features,8,5,Caucasian,Male,25 - 45,0,0
8889,LR_8_features,8,5,Caucasian,Male,25 - 45,0,0
8902,LR_8_features,8,5,Other,Male,Less than 25,0,0
8909,LR_8_features,8,5,Caucasian,Male,Greater than 45,0,0
8914,LR_8_features,8,5,African-American,Male,Less than 25,1,1
8936,LR_8_features,8,5,African-American,Male,25 - 45,0,0
8939,LR_8_features,8,5,African-American,Female,25 - 45,0,0
8998,LR_8_features,8,5,Caucasian,Female,25 - 45,1,0
8999,LR_8_features,8,5,African-American,Male,Less than 25,1,1
9004,LR_8_features,8,5,African-American,Male,Less than 25,0,0
9045,LR_8_features,8,5,Caucasian,Male,Greater than 45,0,0
9076,LR_8_features,8,5,African-American,Female,25 - 45,1,0
9081,LR_8_features,8,5,Other,Male,Less than 25,0,0
9097,LR_8_features,8,5,African-American,Male,Less than 25,1,1
9126,LR_8_features,8,5,African-American,Male,25 - 45,0,0
9156,LR_8_features,8,5,Caucasian,Male,Less than 25,1,1
9160,LR_8_features,8,5,African-American,Male,25 - 45,0,1
9165,LR_8_features,8,5,African-American,Male,25 - 45,0,0
9173,LR_8_features,8,5,Caucasian,Male,Less than 25,0,1
9178,LR_8_features,8,5,African-American,Female,25 - 45,1,0
9196,LR_8_features,8,5,Caucasian,Male,25 - 45,1,0
9214,LR_8_features,8,5,African-American,Male,Less than 25,0,0
9227,LR_8_features,8,5,Caucasian,Male,25 - 45,0,0
9238,LR_8_features,8,5,African-American,Female,25 - 45,0,0
9264,LR_8_features,8,5,Hispanic,Male,Greater than 45,0,0
9292,LR_8_features,8,5,African-American,Male,25 - 45,0,0
9352,LR_8_features,8,5,Caucasian,Male,Less than 25,0,1
9369,LR_8_features,8,5,African-American,Male,25 - 45,0,0
9393,LR_8_features,8,5,Caucasian,Female,25 - 45,1,0
9404,LR_8_features,8,5,African-American,Male,25 - 45,1,0
9412,LR_8_features,8,5,African-American,Female,25 - 45,0,0
9429,LR_8_features,8,5,Hispanic,Male,Less than 25,1,1
9483,LR_8_features,8,5,African-American,Male,25 - 45,1,1
9486,LR_8_features,8,5,African-American,Male,Less than 25,1,1
9495,LR_8_features,8,5,Hispanic,Male,Less than 25,1,1
9515,LR_8_features,8,5,African-American,Male,25 - 45,0,1
9591,LR_8_features,8,5,African-American,Male,Less than 25,1,1
9658,LR_8_features,8,5,African-American,Male,25 - 45,0,1
9733,LR_8_features,8,5,African-American,Male,Less than 25,1,1
9745,LR_8_features,8,5,African-American,Male,Less than 25,1,1
9747,LR_8_features,8,5,African-American,Male,25 - 45,1,1
9754,LR_8_features,8,5,African-American,Male,25 - 45,1,1
9800,LR_8_features,8,5,Caucasian,Male,25 - 45,0,0
9877,LR_8_features,8,5,Caucasian,Male,Less than 25,1,1
9880,LR_8_features,8,5,Caucasian,Female,Greater than 45,0,0
9888,LR_8_features,8,5,African-American,Male,25 - 45,0,1
9917,LR_8_features,8,5,African-American,Male,25 - 45,0,0
9971,LR_8_features,8,5,Caucasian,Female,Greater than 45,0,0
9972,LR_8_features,8,5,African-American,Male,Less than 25,0,0
9979,LR_8_features,8,5,Caucasian,Female,25 - 45,0,0
10017,LR_8_features,8,5,Other,Male,Less than 25,1,0
10029,LR_8_features,8,5,Caucasian,Male,Greater than 45,0,0
10044,LR_8_features,8,5,Caucasian,Male,25 - 45,1,0
10077,LR_8_features,8,5,African-American,Male,25 - 45,0,1
10083,LR_8_features,8,5,Caucasian,Male,25 - 45,0,0
10086,LR_8_features,8,5,Caucasian,Female,25 - 45,1,0
10110,LR_8_features,8,5,African-American,Female,25 - 45,1,1
10120,LR_8_features,8,5,Other,Female,25 - 45,1,0
10129,LR_8_features,8,5,African-American,Male,25 - 45,1,1
10168,LR_8_features,8,5,Caucasian,Male,Greater than 45,0,0
10169,LR_8_features,8,5,Caucasian,Male,25 - 45,1,0
10179,LR_8_features,8,5,African-American,Male,Greater than 45,0,0
10243,LR_8_features,8,5,Hispanic,Female,25 - 45,0,0
10259,LR_8_features,8,5,Caucasian,Male,Greater than 45,0,0
10269,LR_8_features,8,5,Caucasian,Male,25 - 45,0,0
10289,LR_8_features,8,5,Caucasian,Male,25 - 45,1,0
10293,LR_8_features,8,5,Caucasian,Male,Less than 25,0,1
10302,LR_8_features,8,5,African-American,Male,Greater than 45,0,1
10317,LR_8_features,8,5,African-American,Male,Greater than 45,0,0
10336,LR_8_features,8,5,African-American,Male,25 - 45,1,1
10337,LR_8_features,8,5,Hispanic,Male,25 - 45,0,0
10343,LR_8_features,8,5,Other,Female,25 - 45,0,0
10360,LR_8_features,8,5,Caucasian,Male,25 - 45,0,0
10361,LR_8_features,8,5,Caucasian,Female,25 - 45,0,0
10370,LR_8_features,8,5,Caucasian,Female,25 - 45,0,0
10377,LR_8_features,8,5,Caucasian,Male,25 - 45,0,0
10378,LR_8_features,8,5,Caucasian,Male,Less than 25,1,0
10380,LR_8_features,8,5,Other,Female,25 - 45,0,0
10386,LR_8_features,8,5,Caucasian,Male,Less than 25,0,0
10399,LR_8_features,8,5,Caucasian,Male,25 - 45,0,0
10406,LR_8_features,8,5,African-American,Male,25 - 45,0,0
10431,LR_8_features,8,5,Caucasian,Male,25 - 45,0,0
10454,LR_8_features,8,5,African-American,Male,25 - 45,1,1
10455,LR_8_features,8,5,Hispanic,Female,25 - 45,0,0
10498,LR_8_features,8,5,Caucasian,Female,Greater than 45,0,0
10506,LR_8_features,8,5,African-American,Male,25 - 45,1,1
10507,LR_8_features,8,5,Caucasian,Male,25 - 45,0,0
10554,LR_8_features,8,5,African-American,Male,Less than 25,1,1
10560,LR_8_features,8,5,Caucasian,Male,25 - 45,1,0
10581,LR_8_features,8,5,African-American,Male,Less than 25,1,1
10595,LR_8_features,8,5,Caucasian,Male,25 - 45,0,0
10622,LR_8_features,8,5,African-American,Female,25 - 45,0,0
10631,LR_8_features,8,5,Caucasian,Male,Greater than 45,0,0
10666,LR_8_features,8,5,African-American,Male,Greater than 45,1,0
10673,LR_8_features,8,5,African-American,Female,25 - 45,1,1
10707,LR_8_features,8,5,Caucasian,Male,25 - 45,1,1
10721,LR_8_features,8,5,Caucasian,Male,Greater than 45,0,0
10733,LR_8_features,8,5,African-American,Male,25 - 45,1,1
10748,LR_8_features,8,5,Caucasian,Male,25 - 45,0,0
10758,LR_8_features,8,5,African-American,Male,Greater than 45,0,0
10781,LR_8_features,8,5,African-American,Male,Greater than 45,0,0
10784,LR_8_features,8,5,Caucasian,Male,25 - 45,0,0
10787,LR_8_features,8,5,African-American,Female,Greater than 45,0,0
10831,LR_8_features,8,5,Caucasian,Female,25 - 45,1,0
10838,LR_8_features,8,5,African-American,Female,25 - 45,1,0
10876,LR_8_features,8,5,African-American,Male,Greater than 45,0,0
10883,LR_8_features,8,5,African-American,Male,25 - 45,1,1
10919,LR_8_features,8,5,African-American,Male,25 - 45,1,1
10950,LR_8_features,8,5,Caucasian,Male,Greater than 45,1,0
10955,LR_8_features,8,5,Caucasian,Female,Greater than 45,0,0
10967,LR_8_features,8,5,African-American,Male,25 - 45,1,0
10979,LR_8_features,8,5,African-American,Male,25 - 45,0,0
10988,LR_8_features,8,5,Hispanic,Male,25 - 45,0,0
10994,LR_8_features,8,5,African-American,Male,25 - 45,1,0
21,LR_8_features,8,6,Hispanic,Male,25 - 45,0,0
28,LR_8_features,8,6,Caucasian,Female,Less than 25,0,0
80,LR_8_features,8,6,African-American,Male,Less than 25,1,1
83,LR_8_features,8,6,Hispanic,Male,25 - 45,0,0
97,LR_8_features,8,6,Hispanic,Male,Greater than 45,0,0
157,LR_8_features,8,6,Caucasian,Male,25 - 45,0,0
158,LR_8_features,8,6,Caucasian,Male,25 - 45,0,0
163,LR_8_features,8,6,Caucasian,Male,25 - 45,0,0
171,LR_8_features,8,6,Caucasian,Male,25 - 45,0,0
202,LR_8_features,8,6,Caucasian,Male,25 - 45,1,0
223,LR_8_features,8,6,African-American,Male,25 - 45,1,1
257,LR_8_features,8,6,Hispanic,Male,Less than 25,0,0
266,LR_8_features,8,6,Hispanic,Male,Greater than 45,0,0
289,LR_8_features,8,6,African-American,Male,25 - 45,1,1
315,LR_8_features,8,6,African-American,Male,25 - 45,0,0
317,LR_8_features,8,6,African-American,Female,25 - 45,0,0
337,LR_8_features,8,6,African-American,Male,Greater than 45,0,1
383,LR_8_features,8,6,Hispanic,Male,Less than 25,0,0
390,LR_8_features,8,6,African-American,Male,25 - 45,0,1
407,LR_8_features,8,6,African-American,Male,Less than 25,1,1
446,LR_8_features,8,6,African-American,Female,Less than 25,0,0
523,LR_8_features,8,6,African-American,Male,Less than 25,1,1
548,LR_8_features,8,6,African-American,Male,Less than 25,0,1
558,LR_8_features,8,6,African-American,Male,Less than 25,1,1
565,LR_8_features,8,6,Caucasian,Male,25 - 45,1,0
617,LR_8_features,8,6,Other,Male,Greater than 45,0,0
623,LR_8_features,8,6,Caucasian,Male,Greater than 45,0,0
639,LR_8_features,8,6,Other,Male,25 - 45,0,0
674,LR_8_features,8,6,African-American,Male,Less than 25,1,0
685,LR_8_features,8,6,African-American,Female,Greater than 45,1,0
687,LR_8_features,8,6,Other,Male,Less than 25,1,0
711,LR_8_features,8,6,African-American,Female,Less than 25,1,1
712,LR_8_features,8,6,African-American,Male,Greater than 45,0,0
729,LR_8_features,8,6,Caucasian,Male,Greater than 45,1,0
730,LR_8_features,8,6,Asian,Male,25 - 45,0,0
764,LR_8_features,8,6,Hispanic,Male,Greater than 45,0,1
771,LR_8_features,8,6,Caucasian,Male,25 - 45,0,0
787,LR_8_features,8,6,Hispanic,Male,25 - 45,0,1
807,LR_8_features,8,6,Caucasian,Male,Less than 25,0,0
810,LR_8_features,8,6,African-American,Male,25 - 45,1,0
836,LR_8_features,8,6,Hispanic,Male,25 - 45,1,0
844,LR_8_features,8,6,African-American,Male,Greater than 45,0,0
859,LR_8_features,8,6,African-American,Male,Less than 25,0,1
863,LR_8_features,8,6,Caucasian,Male,25 - 45,0,0
895,LR_8_features,8,6,Other,Male,25 - 45,0,0
905,LR_8_features,8,6,Hispanic,Male,25 - 45,0,0
906,LR_8_features,8,6,Caucasian,Female,Less than 25,0,0
926,LR_8_features,8,6,African-American,Male,25 - 45,1,1
934,LR_8_features,8,6,African-American,Male,25 - 45,1,1
948,LR_8_features,8,6,African-American,Female,Less than 25,0,0
969,LR_8_features,8,6,Other,Male,Less than 25,0,0
1002,LR_8_features,8,6,African-American,Male,Less than 25,0,1
1006,LR_8_features,8,6,African-American,Male,25 - 45,0,0
1008,LR_8_features,8,6,Caucasian,Male,Greater than 45,0,0
1024,LR_8_features,8,6,African-American,Male,25 - 45,0,0
1048,LR_8_features,8,6,African-American,Male,25 - 45,1,1
1066,LR_8_features,8,6,Caucasian,Male,25 - 45,0,0
1069,LR_8_features,8,6,Caucasian,Male,Greater than 45,0,0
1101,LR_8_features,8,6,Hispanic,Female,25 - 45,0,0
1106,LR_8_features,8,6,Caucasian,Male,25 - 45,0,0
1130,LR_8_features,8,6,Caucasian,Male,25 - 45,1,1
1151,LR_8_features,8,6,Other,Male,Less than 25,1,1
1159,LR_8_features,8,6,African-American,Female,Greater than 45,0,0
1217,LR_8_features,8,6,African-American,Male,25 - 45,1,0
1222,LR_8_features,8,6,African-American,Male,25 - 45,1,1
1233,LR_8_features,8,6,Caucasian,Male,25 - 45,0,1
1238,LR_8_features,8,6,Caucasian,Female,25 - 45,1,0
1243,LR_8_features,8,6,Caucasian,Male,25 - 45,0,0
1253,LR_8_features,8,6,Other,Male,Less than 25,1,0
1280,LR_8_features,8,6,Caucasian,Male,25 - 45,1,1
1281,LR_8_features,8,6,Caucasian,Female,25 - 45,1,0
1292,LR_8_features,8,6,Caucasian,Male,Greater than 45,0,0
1293,LR_8_features,8,6,African-American,Male,Less than 25,1,1
1306,LR_8_features,8,6,African-American,Male,25 - 45,1,1
1310,LR_8_features,8,6,Caucasian,Female,Less than 25,0,0
1320,LR_8_features,8,6,Other,Male,Greater than 45,0,0
1326,LR_8_features,8,6,African-American,Male,Less than 25,0,1
1342,LR_8_features,8,6,African-American,Male,25 - 45,0,0
1369,LR_8_features,8,6,Caucasian,Female,25 - 45,0,0
1377,LR_8_features,8,6,African-American,Male,25 - 45,1,1
1399,LR_8_features,8,6,Caucasian,Male,25 - 45,0,0
1443,LR_8_features,8,6,African-American,Male,Greater than 45,1,0
1491,LR_8_features,8,6,African-American,Female,25 - 45,0,0
1496,LR_8_features,8,6,African-American,Male,Less than 25,1,1
1499,LR_8_features,8,6,African-American,Male,25 - 45,1,1
1505,LR_8_features,8,6,African-American,Male,Less than 25,1,1
1508,LR_8_features,8,6,African-American,Female,Less than 25,0,0
1538,LR_8_features,8,6,Caucasian,Male,25 - 45,0,0
1551,LR_8_features,8,6,Hispanic,Male,Greater than 45,0,0
1565,LR_8_features,8,6,African-American,Male,25 - 45,1,1
1622,LR_8_features,8,6,African-American,Male,Greater than 45,0,0
1634,LR_8_features,8,6,Caucasian,Male,25 - 45,0,0
1640,LR_8_features,8,6,Caucasian,Male,Greater than 45,0,0
1653,LR_8_features,8,6,Caucasian,Male,25 - 45,0,1
1715,LR_8_features,8,6,African-American,Male,25 - 45,1,1
1755,LR_8_features,8,6,African-American,Female,Less than 25,0,0
1809,LR_8_features,8,6,Other,Male,25 - 45,1,0
1850,LR_8_features,8,6,African-American,Male,25 - 45,1,1
1893,LR_8_features,8,6,Caucasian,Male,Less than 25,0,1
1949,LR_8_features,8,6,Hispanic,Male,Greater than 45,0,0
1975,LR_8_features,8,6,Asian,Male,25 - 45,0,0
2010,LR_8_features,8,6,African-American,Male,25 - 45,0,0
2058,LR_8_features,8,6,African-American,Male,Less than 25,1,1
2062,LR_8_features,8,6,African-American,Male,Greater than 45,0,0
2069,LR_8_features,8,6,African-American,Male,Less than 25,0,1
2113,LR_8_features,8,6,African-American,Male,Less than 25,1,1
2125,LR_8_features,8,6,Caucasian,Male,25 - 45,0,1
2132,LR_8_features,8,6,Other,Male,Greater than 45,1,0
2162,LR_8_features,8,6,African-American,Female,25 - 45,0,0
2165,LR_8_features,8,6,African-American,Male,Greater than 45,1,0
2168,LR_8_features,8,6,Hispanic,Male,25 - 45,0,0
2183,LR_8_features,8,6,African-American,Male,25 - 45,0,0
2211,LR_8_features,8,6,African-American,Male,Less than 25,1,1
2224,LR_8_features,8,6,Caucasian,Female,Less than 25,0,0
2281,LR_8_features,8,6,Hispanic,Male,25 - 45,1,0
2289,LR_8_features,8,6,Caucasian,Female,Less than 25,1,0
2293,LR_8_features,8,6,Caucasian,Male,25 - 45,0,0
2297,LR_8_features,8,6,Caucasian,Male,Less than 25,1,1
2307,LR_8_features,8,6,Caucasian,Male,Greater than 45,0,0
2318,LR_8_features,8,6,Caucasian,Male,Less than 25,1,0
2332,LR_8_features,8,6,Caucasian,Male,Greater than 45,0,0
2381,LR_8_features,8,6,Hispanic,Male,Greater than 45,1,0
2389,LR_8_features,8,6,African-American,Male,25 - 45,0,0
2392,LR_8_features,8,6,African-American,Male,25 - 45,1,1
2402,LR_8_features,8,6,African-American,Male,Greater than 45,1,1
2443,LR_8_features,8,6,Other,Male,25 - 45,0,0
2494,LR_8_features,8,6,African-American,Female,Less than 25,1,1
2495,LR_8_features,8,6,Caucasian,Male,Less than 25,0,1
2504,LR_8_features,8,6,Caucasian,Male,Less than 25,1,0
2540,LR_8_features,8,6,Caucasian,Male,Less than 25,0,1
2556,LR_8_features,8,6,African-American,Male,Less than 25,0,1
2568,LR_8_features,8,6,African-American,Male,Greater than 45,1,1
2569,LR_8_features,8,6,Caucasian,Male,25 - 45,0,0
2572,LR_8_features,8,6,African-American,Female,25 - 45,1,0
2576,LR_8_features,8,6,Caucasian,Male,Less than 25,1,1
2588,LR_8_features,8,6,Hispanic,Male,25 - 45,0,0
2604,LR_8_features,8,6,African-American,Male,25 - 45,1,1
2637,LR_8_features,8,6,Caucasian,Male,25 - 45,1,1
2650,LR_8_features,8,6,African-American,Female,25 - 45,0,0
2679,LR_8_features,8,6,Caucasian,Female,25 - 45,0,0
2714,LR_8_features,8,6,Hispanic,Male,Greater than 45,0,0
2723,LR_8_features,8,6,African-American,Male,25 - 45,1,1
2745,LR_8_features,8,6,Caucasian,Male,25 - 45,0,0
2748,LR_8_features,8,6,Caucasian,Male,25 - 45,0,0
2766,LR_8_features,8,6,African-American,Male,25 - 45,1,1
2767,LR_8_features,8,6,Caucasian,Male,Greater than 45,1,0
2787,LR_8_features,8,6,African-American,Female,25 - 45,1,0
2846,LR_8_features,8,6,Caucasian,Male,25 - 45,1,0
2885,LR_8_features,8,6,African-American,Male,25 - 45,1,1
2886,LR_8_features,8,6,African-American,Male,25 - 45,1,1
2917,LR_8_features,8,6,Caucasian,Male,25 - 45,0,1
2927,LR_8_features,8,6,African-American,Male,25 - 45,1,1
2929,LR_8_features,8,6,Caucasian,Male,Less than 25,0,0
2959,LR_8_features,8,6,African-American,Male,25 - 45,0,0
2983,LR_8_features,8,6,Caucasian,Female,25 - 45,0,0
2984,LR_8_features,8,6,African-American,Male,Greater than 45,0,0
2997,LR_8_features,8,6,African-American,Male,25 - 45,1,1
3004,LR_8_features,8,6,African-American,Male,25 - 45,1,1
3040,LR_8_features,8,6,African-American,Male,Greater than 45,0,0
3053,LR_8_features,8,6,African-American,Male,25 - 45,0,0
3096,LR_8_features,8,6,African-American,Male,Greater than 45,0,0
3137,LR_8_features,8,6,Caucasian,Male,Greater than 45,0,0
3146,LR_8_features,8,6,Hispanic,Male,25 - 45,1,0
3152,LR_8_features,8,6,Caucasian,Female,25 - 45,0,0
3168,LR_8_features,8,6,African-American,Male,25 - 45,1,1
3174,LR_8_features,8,6,Other,Male,Less than 25,1,0
3236,LR_8_features,8,6,African-American,Male,25 - 45,1,1
3259,LR_8_features,8,6,Native American,Female,Greater than 45,1,1
3267,LR_8_features,8,6,African-American,Male,25 - 45,0,0
3270,LR_8_features,8,6,African-American,Male,Less than 25,1,1
3272,LR_8_features,8,6,African-American,Male,25 - 45,1,1
3295,LR_8_features,8,6,Hispanic,Male,25 - 45,0,0
3306,LR_8_features,8,6,Caucasian,Male,25 - 45,0,0
3314,LR_8_features,8,6,Caucasian,Male,25 - 45,0,0
3337,LR_8_features,8,6,African-American,Male,25 - 45,1,1
3339,LR_8_features,8,6,Caucasian,Male,Greater than 45,0,0
3351,LR_8_features,8,6,African-American,Female,25 - 45,1,0
3369,LR_8_features,8,6,African-American,Male,Less than 25,1,1
3370,LR_8_features,8,6,Hispanic,Female,25 - 45,1,0
3387,LR_8_features,8,6,African-American,Male,Greater than 45,1,0
3391,LR_8_features,8,6,African-American,Female,25 - 45,1,1
3394,LR_8_features,8,6,Caucasian,Male,Less than 25,1,1
3406,LR_8_features,8,6,Caucasian,Male,Less than 25,1,0
3409,LR_8_features,8,6,African-American,Male,Less than 25,0,0
3427,LR_8_features,8,6,Caucasian,Female,25 - 45,0,0
3431,LR_8_features,8,6,African-American,Female,25 - 45,0,0
3438,LR_8_features,8,6,Caucasian,Male,25 - 45,1,0
3448,LR_8_features,8,6,African-American,Female,25 - 45,1,1
3483,LR_8_features,8,6,Caucasian,Male,25 - 45,0,0
3492,LR_8_features,8,6,African-American,Male,Less than 25,0,1
3523,LR_8_features,8,6,Caucasian,Male,Greater than 45,0,0
3574,LR_8_features,8,6,African-American,Male,Less than 25,1,1
3601,LR_8_features,8,6,African-American,Female,25 - 45,1,1
3602,LR_8_features,8,6,African-American,Male,25 - 45,1,1
3626,LR_8_features,8,6,Caucasian,Male,Greater than 45,0,0
3647,LR_8_features,8,6,African-American,Male,Less than 25,0,1
3648,LR_8_features,8,6,African-American,Male,Greater than 45,1,1
3652,LR_8_features,8,6,African-American,Male,25 - 45,1,0
3657,LR_8_features,8,6,African-American,Female,25 - 45,0,0
3700,LR_8_features,8,6,African-American,Male,Less than 25,1,1
3725,LR_8_features,8,6,African-American,Male,Less than 25,1,1
3726,LR_8_features,8,6,Hispanic,Female,25 - 45,0,0
3738,LR_8_features,8,6,Caucasian,Male,25 - 45,0,1
3749,LR_8_features,8,6,African-American,Male,25 - 45,1,0
3768,LR_8_features,8,6,African-American,Female,25 - 45,0,0
3793,LR_8_features,8,6,Caucasian,Male,25 - 45,1,0
3801,LR_8_features,8,6,Caucasian,Male,Greater than 45,0,0
3805,LR_8_features,8,6,Caucasian,Male,25 - 45,1,0
3807,LR_8_features,8,6,Caucasian,Female,25 - 45,1,0
3812,LR_8_features,8,6,African-American,Male,25 - 45,1,1
3817,LR_8_features,8,6,African-American,Female,Less than 25,1,1
3847,LR_8_features,8,6,African-American,Male,Less than 25,1,1
3848,LR_8_features,8,6,African-American,Male,25 - 45,1,1
3857,LR_8_features,8,6,African-American,Female,25 - 45,0,0
3904,LR_8_features,8,6,African-American,Female,Greater than 45,0,0
3929,LR_8_features,8,6,African-American,Male,Less than 25,1,1
3933,LR_8_features,8,6,African-American,Female,25 - 45,1,1
3935,LR_8_features,8,6,African-American,Female,Less than 25,0,0
3946,LR_8_features,8,6,African-American,Male,25 - 45,1,0
3979,LR_8_features,8,6,Caucasian,Male,25 - 45,0,0
4002,LR_8_features,8,6,African-American,Male,25 - 45,0,0
4006,LR_8_features,8,6,Caucasian,Male,Greater than 45,0,0
4010,LR_8_features,8,6,African-American,Male,Less than 25,0,1
4061,LR_8_features,8,6,Caucasian,Female,Greater than 45,0,0
4078,LR_8_features,8,6,Hispanic,Male,Greater than 45,1,0
4105,LR_8_features,8,6,Caucasian,Male,25 - 45,1,1
4112,LR_8_features,8,6,African-American,Male,Less than 25,0,1
4121,LR_8_features,8,6,Hispanic,Male,25 - 45,0,0
4134,LR_8_features,8,6,African-American,Male,Greater than 45,1,0
4180,LR_8_features,8,6,Hispanic,Female,25 - 45,1,1
4193,LR_8_features,8,6,Hispanic,Male,25 - 45,0,0
4254,LR_8_features,8,6,African-American,Male,Greater than 45,0,1
4290,LR_8_features,8,6,African-American,Male,25 - 45,0,0
4292,LR_8_features,8,6,Other,Female,Less than 25,0,0
4306,LR_8_features,8,6,African-American,Male,Less than 25,1,1
4311,LR_8_features,8,6,African-American,Male,25 - 45,1,1
4333,LR_8_features,8,6,Other,Male,25 - 45,1,0
4348,LR_8_features,8,6,African-American,Male,Less than 25,1,0
4372,LR_8_features,8,6,African-American,Male,Less than 25,1,1
4414,LR_8_features,8,6,Caucasian,Male,25 - 45,0,0
4416,LR_8_features,8,6,Caucasian,Male,Greater than 45,0,0
4431,LR_8_features,8,6,Caucasian,Male,Greater than 45,1,0
4433,LR_8_features,8,6,Hispanic,Female,25 - 45,0,0
4444,LR_8_features,8,6,Caucasian,Female,25 - 45,0,0
4445,LR_8_features,8,6,African-American,Female,Less than 25,0,0
4453,LR_8_features,8,6,African-American,Male,25 - 45,1,1
4469,LR_8_features,8,6,Caucasian,Male,Greater than 45,0,0
4517,LR_8_features,8,6,African-American,Female,Less than 25,0,0
4521,LR_8_features,8,6,Caucasian,Female,25 - 45,0,0
4530,LR_8_features,8,6,Other,Male,25 - 45,0,1
4556,LR_8_features,8,6,African-American,Female,25 - 45,0,0
4593,LR_8_features,8,6,Asian,Male,25 - 45,0,0
4595,LR_8_features,8,6,African-American,Male,25 - 45,1,1
4611,LR_8_features,8,6,African-American,Male,25 - 45,0,0
4629,LR_8_features,8,6,Caucasian,Male,Greater than 45,1,0
4652,LR_8_features,8,6,African-American,Male,Less than 25,1,1
4661,LR_8_features,8,6,African-American,Male,25 - 45,0,1
4662,LR_8_features,8,6,Caucasian,Female,25 - 45,0,0
4677,LR_8_features,8,6,Other,Male,25 - 45,0,0
4712,LR_8_features,8,6,African-American,Male,Greater than 45,0,0
4754,LR_8_features,8,6,African-American,Male,Greater than 45,0,0
4765,LR_8_features,8,6,Caucasian,Male,Greater than 45,0,0
4792,LR_8_features,8,6,African-American,Female,Less than 25,0,0
4801,LR_8_features,8,6,Other,Male,25 - 45,0,1
4809,LR_8_features,8,6,Caucasian,Female,25 - 45,1,1
4833,LR_8_features,8,6,Caucasian,Male,25 - 45,0,1
4857,LR_8_features,8,6,African-American,Female,25 - 45,1,0
4921,LR_8_features,8,6,Hispanic,Male,Greater than 45,0,0
4928,LR_8_features,8,6,Other,Male,25 - 45,0,0
4947,LR_8_features,8,6,African-American,Male,Less than 25,1,1
4961,LR_8_features,8,6,Other,Male,25 - 45,1,0
4967,LR_8_features,8,6,African-American,Male,25 - 45,1,1
4978,LR_8_features,8,6,African-American,Male,25 - 45,0,1
4991,LR_8_features,8,6,African-American,Male,Greater than 45,1,1
5009,LR_8_features,8,6,Caucasian,Female,25 - 45,0,0
5012,LR_8_features,8,6,Caucasian,Male,25 - 45,0,0
5048,LR_8_features,8,6,African-American,Female,25 - 45,1,1
5078,LR_8_features,8,6,African-American,Male,25 - 45,0,0
5106,LR_8_features,8,6,Caucasian,Male,25 - 45,1,1
5108,LR_8_features,8,6,Caucasian,Male,Greater than 45,0,0
5116,LR_8_features,8,6,African-American,Male,25 - 45,1,1
5117,LR_8_features,8,6,African-American,Male,Less than 25,1,1
5142,LR_8_features,8,6,African-American,Female,Greater than 45,0,0
5150,LR_8_features,8,6,African-American,Male,25 - 45,0,0
5174,LR_8_features,8,6,African-American,Male,25 - 45,0,0
5177,LR_8_features,8,6,Hispanic,Male,25 - 45,1,0
5178,LR_8_features,8,6,African-American,Female,25 - 45,0,0
5179,LR_8_features,8,6,African-American,Male,25 - 45,1,1
5181,LR_8_features,8,6,Caucasian,Male,Greater than 45,0,0
5182,LR_8_features,8,6,Caucasian,Male,Greater than 45,0,0
5186,LR_8_features,8,6,African-American,Male,Greater than 45,0,1
5216,LR_8_features,8,6,African-American,Male,25 - 45,1,0
5244,LR_8_features,8,6,Caucasian,Male,25 - 45,0,0
5246,LR_8_features,8,6,Caucasian,Female,Greater than 45,0,0
5265,LR_8_features,8,6,African-American,Male,Less than 25,1,1
5293,LR_8_features,8,6,African-American,Female,25 - 45,0,1
5327,LR_8_features,8,6,Caucasian,Male,25 - 45,1,0
5331,LR_8_features,8,6,African-American,Male,25 - 45,0,0
5344,LR_8_features,8,6,Caucasian,Male,25 - 45,0,0
5351,LR_8_features,8,6,Caucasian,Male,Less than 25,0,0
5367,LR_8_features,8,6,African-American,Male,25 - 45,1,0
5372,LR_8_features,8,6,African-American,Female,25 - 45,0,0
5395,LR_8_features,8,6,African-American,Male,25 - 45,1,1
5402,LR_8_features,8,6,African-American,Female,Less than 25,1,1
5416,LR_8_features,8,6,African-American,Male,25 - 45,0,0
5417,LR_8_features,8,6,Caucasian,Male,25 - 45,0,0
5448,LR_8_features,8,6,Caucasian,Male,25 - 45,0,0
5491,LR_8_features,8,6,Caucasian,Male,Less than 25,0,1
5502,LR_8_features,8,6,African-American,Male,Less than 25,1,1
5534,LR_8_features,8,6,Hispanic,Male,25 - 45,0,0
5546,LR_8_features,8,6,Caucasian,Male,Greater than 45,0,0
5552,LR_8_features,8,6,African-American,Male,Greater than 45,1,1
5592,LR_8_features,8,6,Caucasian,Male,25 - 45,1,1
5613,LR_8_features,8,6,Caucasian,Male,Greater than 45,1,0
5627,LR_8_features,8,6,African-American,Male,25 - 45,1,1
5637,LR_8_features,8,6,Other,Male,Greater than 45,0,0
5651,LR_8_features,8,6,Caucasian,Male,25 - 45,0,1
5669,LR_8_features,8,6,African-American,Male,25 - 45,1,1
5671,LR_8_features,8,6,Caucasian,Male,25 - 45,1,0
5719,LR_8_features,8,6,African-American,Male,Less than 25,0,1
5728,LR_8_features,8,6,African-American,Female,25 - 45,0,0
5749,LR_8_features,8,6,Asian,Male,25 - 45,0,1
5763,LR_8_features,8,6,Hispanic,Male,25 - 45,0,0
5782,LR_8_features,8,6,Hispanic,Female,25 - 45,1,0
5785,LR_8_features,8,6,African-American,Male,25 - 45,0,0
5789,LR_8_features,8,6,Hispanic,Female,Greater than 45,0,0
5809,LR_8_features,8,6,African-American,Male,Greater than 45,0,1
5818,LR_8_features,8,6,African-American,Male,Less than 25,0,1
5849,LR_8_features,8,6,African-American,Male,25 - 45,0,0
5850,LR_8_features,8,6,Caucasian,Female,25 - 45,1,0
5863,LR_8_features,8,6,African-American,Male,Greater than 45,1,1
5864,LR_8_features,8,6,Hispanic,Male,25 - 45,1,1
5867,LR_8_features,8,6,Other,Male,25 - 45,0,0
5877,LR_8_features,8,6,African-American,Male,25 - 45,0,1
5880,LR_8_features,8,6,African-American,Male,25 - 45,0,0
5885,LR_8_features,8,6,Caucasian,Male,Greater than 45,1,0
5905,LR_8_features,8,6,Caucasian,Male,Greater than 45,1,1
5939,LR_8_features,8,6,Caucasian,Male,Greater than 45,0,0
5951,LR_8_features,8,6,Hispanic,Female,25 - 45,0,0
5957,LR_8_features,8,6,Other,Male,25 - 45,1,1
5974,LR_8_features,8,6,African-American,Male,Less than 25,0,1
5995,LR_8_features,8,6,Caucasian,Male,25 - 45,0,1
6075,LR_8_features,8,6,African-American,Male,25 - 45,1,1
6160,LR_8_features,8,6,African-American,Male,25 - 45,1,1
6161,LR_8_features,8,6,African-American,Male,25 - 45,0,1
6191,LR_8_features,8,6,African-American,Female,25 - 45,0,0
6196,LR_8_features,8,6,African-American,Male,Less than 25,1,1
6207,LR_8_features,8,6,African-American,Male,25 - 45,1,0
6208,LR_8_features,8,6,African-American,Male,25 - 45,0,1
6264,LR_8_features,8,6,African-American,Female,25 - 45,0,0
6278,LR_8_features,8,6,African-American,Female,25 - 45,0,0
6323,LR_8_features,8,6,Caucasian,Male,Greater than 45,1,0
6330,LR_8_features,8,6,Caucasian,Female,25 - 45,0,0
6360,LR_8_features,8,6,Caucasian,Male,25 - 45,0,0
6375,LR_8_features,8,6,African-American,Male,25 - 45,1,0
6398,LR_8_features,8,6,Caucasian,Female,25 - 45,0,0
6413,LR_8_features,8,6,African-American,Male,Greater than 45,0,1
6432,LR_8_features,8,6,Caucasian,Female,25 - 45,0,0
6442,LR_8_features,8,6,African-American,Male,Less than 25,1,0
6448,LR_8_features,8,6,Caucasian,Male,25 - 45,1,1
6451,LR_8_features,8,6,African-American,Male,25 - 45,1,1
6483,LR_8_features,8,6,Caucasian,Male,Greater than 45,0,1
6495,LR_8_features,8,6,Asian,Male,25 - 45,0,0
6572,LR_8_features,8,6,Caucasian,Male,25 - 45,0,0
6596,LR_8_features,8,6,African-American,Male,Greater than 45,1,0
6616,LR_8_features,8,6,Caucasian,Male,25 - 45,1,0
6631,LR_8_features,8,6,African-American,Male,25 - 45,1,0
6634,LR_8_features,8,6,African-American,Male,25 - 45,1,1
6649,LR_8_features,8,6,Caucasian,Male,25 - 45,1,0
6658,LR_8_features,8,6,African-American,Male,25 - 45,1,0
6668,LR_8_features,8,6,African-American,Male,25 - 45,1,0
6687,LR_8_features,8,6,Caucasian,Male,25 - 45,1,1
6693,LR_8_features,8,6,Caucasian,Male,25 - 45,0,0
6721,LR_8_features,8,6,African-American,Female,25 - 45,0,0
6732,LR_8_features,8,6,Caucasian,Male,Less than 25,1,1
6744,LR_8_features,8,6,African-American,Male,25 - 45,1,1
6783,LR_8_features,8,6,African-American,Female,Greater than 45,1,1
6796,LR_8_features,8,6,African-American,Male,Less than 25,1,1
6802,LR_8_features,8,6,Caucasian,Female,25 - 45,0,0
6840,LR_8_features,8,6,African-American,Male,25 - 45,1,1
6851,LR_8_features,8,6,Caucasian,Male,25 - 45,1,1
6852,LR_8_features,8,6,Other,Male,25 - 45,1,0
6881,LR_8_features,8,6,Hispanic,Male,25 - 45,0,0
6893,LR_8_features,8,6,African-American,Male,25 - 45,0,0
6937,LR_8_features,8,6,Caucasian,Female,25 - 45,0,0
6968,LR_8_features,8,6,African-American,Male,25 - 45,1,1
7027,LR_8_features,8,6,African-American,Male,Greater than 45,1,0
7064,LR_8_features,8,6,African-American,Male,25 - 45,1,1
7079,LR_8_features,8,6,Caucasian,Male,25 - 45,0,1
7112,LR_8_features,8,6,African-American,Male,Greater than 45,1,0
7117,LR_8_features,8,6,Caucasian,Male,Greater than 45,0,0
7123,LR_8_features,8,6,African-American,Male,25 - 45,1,0
7136,LR_8_features,8,6,African-American,Male,25 - 45,1,1
7153,LR_8_features,8,6,African-American,Male,Less than 25,0,0
7156,LR_8_features,8,6,African-American,Male,Greater than 45,0,0
7157,LR_8_features,8,6,Hispanic,Male,25 - 45,0,0
7190,LR_8_features,8,6,Hispanic,Female,25 - 45,1,0
7192,LR_8_features,8,6,Other,Female,Greater than 45,0,0
7199,LR_8_features,8,6,African-American,Male,25 - 45,0,0
7245,LR_8_features,8,6,African-American,Male,25 - 45,1,1
7269,LR_8_features,8,6,Caucasian,Female,Greater than 45,0,0
7305,LR_8_features,8,6,Other,Female,Greater than 45,1,0
7317,LR_8_features,8,6,African-American,Male,25 - 45,0,1
7320,LR_8_features,8,6,Caucasian,Male,Less than 25,1,1
7323,LR_8_features,8,6,African-American,Male,25 - 45,1,1
7326,LR_8_features,8,6,African-American,Male,Less than 25,0,1
7332,LR_8_features,8,6,Other,Male,25 - 45,1,0
7340,LR_8_features,8,6,Caucasian,Female,25 - 45,1,0
7356,LR_8_features,8,6,Native American,Male,Less than 25,1,0
7410,LR_8_features,8,6,Caucasian,Male,Greater than 45,0,0
7417,LR_8_features,8,6,Caucasian,Female,Greater than 45,0,0
7424,LR_8_features,8,6,African-American,Male,25 - 45,0,0
7432,LR_8_features,8,6,Caucasian,Male,25 - 45,0,1
7454,LR_8_features,8,6,African-American,Male,25 - 45,1,0
7462,LR_8_features,8,6,Caucasian,Male,Greater than 45,1,0
7482,LR_8_features,8,6,African-American,Male,25 - 45,1,1
7496,LR_8_features,8,6,Caucasian,Male,Less than 25,0,0
7519,LR_8_features,8,6,African-American,Male,25 - 45,0,0
7531,LR_8_features,8,6,African-American,Male,25 - 45,1,1
7536,LR_8_features,8,6,Caucasian,Male,25 - 45,0,0
7545,LR_8_features,8,6,Caucasian,Male,Less than 25,0,1
7548,LR_8_features,8,6,African-American,Male,25 - 45,0,0
7585,LR_8_features,8,6,Other,Male,25 - 45,0,0
7604,LR_8_features,8,6,Caucasian,Male,Greater than 45,0,0
7615,LR_8_features,8,6,African-American,Male,25 - 45,0,0
7622,LR_8_features,8,6,African-American,Male,Less than 25,1,1
7625,LR_8_features,8,6,Other,Male,25 - 45,1,0
7644,LR_8_features,8,6,African-American,Male,Less than 25,0,1
7660,LR_8_features,8,6,African-American,Male,Less than 25,0,1
7677,LR_8_features,8,6,Caucasian,Female,25 - 45,0,0
7683,LR_8_features,8,6,African-American,Female,Less than 25,1,0
7692,LR_8_features,8,6,Caucasian,Male,Greater than 45,0,0
7698,LR_8_features,8,6,African-American,Male,25 - 45,1,1
7706,LR_8_features,8,6,Hispanic,Male,Greater than 45,0,0
7717,LR_8_features,8,6,African-American,Male,25 - 45,1,1
7720,LR_8_features,8,6,African-American,Male,Greater than 45,1,0
7736,LR_8_features,8,6,African-American,Male,25 - 45,0,0
7759,LR_8_features,8,6,African-American,Male,Less than 25,1,1
7760,LR_8_features,8,6,African-American,Female,Less than 25,1,1
7786,LR_8_features,8,6,African-American,Male,25 - 45,0,1
7804,LR_8_features,8,6,African-American,Male,25 - 45,1,1
7834,LR_8_features,8,6,African-American,Male,25 - 45,0,0
7837,LR_8_features,8,6,Caucasian,Male,Greater than 45,0,0
7838,LR_8_features,8,6,African-American,Male,Less than 25,1,0
7862,LR_8_features,8,6,Hispanic,Male,Less than 25,1,0
7896,LR_8_features,8,6,African-American,Male,Less than 25,1,1
7931,LR_8_features,8,6,African-American,Male,25 - 45,0,1
7943,LR_8_features,8,6,Hispanic,Male,Greater than 45,0,0
8002,LR_8_features,8,6,African-American,Male,Greater than 45,0,0
8008,LR_8_features,8,6,African-American,Male,25 - 45,0,0
8010,LR_8_features,8,6,Caucasian,Male,Less than 25,0,0
8030,LR_8_features,8,6,African-American,Male,Less than 25,1,1
8041,LR_8_features,8,6,Hispanic,Male,25 - 45,1,1
8078,LR_8_features,8,6,Caucasian,Female,Greater than 45,0,0
8100,LR_8_features,8,6,African-American,Male,25 - 45,1,1
8111,LR_8_features,8,6,African-American,Male,25 - 45,1,1
8114,LR_8_features,8,6,African-American,Male,Less than 25,1,1
8116,LR_8_features,8,6,Caucasian,Male,Less than 25,0,1
8134,LR_8_features,8,6,Caucasian,Male,25 - 45,1,0
8168,LR_8_features,8,6,African-American,Female,Less than 25,1,0
8217,LR_8_features,8,6,Hispanic,Male,Less than 25,0,0
8218,LR_8_features,8,6,Caucasian,Female,Less than 25,0,0
8222,LR_8_features,8,6,Caucasian,Male,Less than 25,1,1
8224,LR_8_features,8,6,Hispanic,Male,25 - 45,0,0
8259,LR_8_features,8,6,African-American,Male,Greater than 45,0,0
8268,LR_8_features,8,6,Caucasian,Male,25 - 45,0,1
8281,LR_8_features,8,6,Caucasian,Female,25 - 45,0,0
8285,LR_8_features,8,6,African-American,Male,25 - 45,1,1
8288,LR_8_features,8,6,African-American,Male,25 - 45,0,1
8316,LR_8_features,8,6,Hispanic,Male,25 - 45,1,1
8318,LR_8_features,8,6,African-American,Male,Greater than 45,0,0
8326,LR_8_features,8,6,Caucasian,Male,25 - 45,1,1
8357,LR_8_features,8,6,African-American,Male,Less than 25,1,1
8385,LR_8_features,8,6,Hispanic,Male,25 - 45,1,1
8390,LR_8_features,8,6,Caucasian,Male,25 - 45,0,0
8399,LR_8_features,8,6,African-American,Male,25 - 45,1,1
8409,LR_8_features,8,6,Hispanic,Male,Less than 25,1,1
8422,LR_8_features,8,6,Caucasian,Female,25 - 45,1,0
8438,LR_8_features,8,6,Caucasian,Female,25 - 45,1,1
8452,LR_8_features,8,6,Caucasian,Male,25 - 45,0,0
8463,LR_8_features,8,6,African-American,Male,Less than 25,0,1
8467,LR_8_features,8,6,African-American,Male,25 - 45,1,1
8532,LR_8_features,8,6,African-American,Male,25 - 45,0,0
8552,LR_8_features,8,6,African-American,Male,25 - 45,1,1
8558,LR_8_features,8,6,African-American,Male,Greater than 45,1,0
8570,LR_8_features,8,6,Caucasian,Male,Greater than 45,1,0
8572,LR_8_features,8,6,African-American,Male,25 - 45,0,0
8575,LR_8_features,8,6,African-American,Male,25 - 45,0,0
8596,LR_8_features,8,6,African-American,Male,25 - 45,1,0
8627,LR_8_features,8,6,African-American,Male,25 - 45,0,0
8644,LR_8_features,8,6,African-American,Female,25 - 45,0,0
8646,LR_8_features,8,6,Caucasian,Female,Less than 25,0,0
8667,LR_8_features,8,6,African-American,Male,25 - 45,1,1
8675,LR_8_features,8,6,Caucasian,Male,25 - 45,0,0
8746,LR_8_features,8,6,Caucasian,Male,25 - 45,0,0
8756,LR_8_features,8,6,African-American,Male,Less than 25,1,1
8764,LR_8_features,8,6,African-American,Male,25 - 45,0,1
8797,LR_8_features,8,6,African-American,Male,25 - 45,0,0
8802,LR_8_features,8,6,African-American,Female,25 - 45,0,1
8816,LR_8_features,8,6,Caucasian,Male,25 - 45,0,0
8821,LR_8_features,8,6,African-American,Male,Less than 25,1,1
8832,LR_8_features,8,6,African-American,Male,Less than 25,1,1
8861,LR_8_features,8,6,African-American,Male,25 - 45,0,0
8879,LR_8_features,8,6,African-American,Male,Less than 25,0,1
8910,LR_8_features,8,6,African-American,Male,25 - 45,1,0
8933,LR_8_features,8,6,Caucasian,Male,25 - 45,1,1
8969,LR_8_features,8,6,African-American,Male,Less than 25,1,1
8989,LR_8_features,8,6,African-American,Male,Less than 25,1,0
9047,LR_8_features,8,6,Hispanic,Female,25 - 45,0,0
9070,LR_8_features,8,6,Caucasian,Male,Greater than 45,0,0
9106,LR_8_features,8,6,Caucasian,Female,25 - 45,1,0
9136,LR_8_features,8,6,African-American,Male,25 - 45,0,1
9171,LR_8_features,8,6,Hispanic,Male,25 - 45,1,0
9176,LR_8_features,8,6,Caucasian,Male,25 - 45,1,0
9197,LR_8_features,8,6,Other,Male,25 - 45,1,0
9245,LR_8_features,8,6,African-American,Male,25 - 45,0,0
9257,LR_8_features,8,6,African-American,Male,25 - 45,0,0
9273,LR_8_features,8,6,Caucasian,Male,Less than 25,1,1
9276,LR_8_features,8,6,Caucasian,Male,Greater than 45,0,0
9279,LR_8_features,8,6,Caucasian,Female,25 - 45,0,0
9299,LR_8_features,8,6,Other,Male,25 - 45,1,0
9307,LR_8_features,8,6,African-American,Male,Greater than 45,1,1
9327,LR_8_features,8,6,African-American,Male,Less than 25,1,1
9336,LR_8_features,8,6,African-American,Male,25 - 45,0,1
9416,LR_8_features,8,6,African-American,Male,25 - 45,0,1
9436,LR_8_features,8,6,African-American,Male,25 - 45,1,1
9440,LR_8_features,8,6,African-American,Male,Less than 25,0,1
9448,LR_8_features,8,6,Caucasian,Male,Greater than 45,0,0
9462,LR_8_features,8,6,Caucasian,Male,Greater than 45,1,0
9531,LR_8_features,8,6,Hispanic,Male,25 - 45,1,1
9537,LR_8_features,8,6,Hispanic,Male,25 - 45,0,0
9550,LR_8_features,8,6,African-American,Male,Greater than 45,1,1
9567,LR_8_features,8,6,African-American,Female,25 - 45,0,0
9574,LR_8_features,8,6,African-American,Male,25 - 45,0,1
9584,LR_8_features,8,6,African-American,Female,Greater than 45,1,0
9588,LR_8_features,8,6,Caucasian,Male,Greater than 45,0,0
9626,LR_8_features,8,6,African-American,Male,25 - 45,1,1
9634,LR_8_features,8,6,Hispanic,Male,Less than 25,0,1
9635,LR_8_features,8,6,Caucasian,Female,25 - 45,0,0
9644,LR_8_features,8,6,African-American,Male,Less than 25,0,0
9663,LR_8_features,8,6,African-American,Female,25 - 45,0,0
9674,LR_8_features,8,6,Caucasian,Male,Less than 25,1,1
9686,LR_8_features,8,6,African-American,Male,Less than 25,0,0
9687,LR_8_features,8,6,African-American,Male,25 - 45,0,0
9695,LR_8_features,8,6,Caucasian,Male,25 - 45,0,0
9703,LR_8_features,8,6,African-American,Female,25 - 45,1,0
9707,LR_8_features,8,6,Other,Female,25 - 45,1,0
9739,LR_8_features,8,6,African-American,Male,Greater than 45,1,1
9827,LR_8_features,8,6,Caucasian,Male,25 - 45,0,0
9838,LR_8_features,8,6,African-American,Male,Greater than 45,0,0
9843,LR_8_features,8,6,African-American,Male,25 - 45,1,1
9847,LR_8_features,8,6,African-American,Female,Greater than 45,1,0
9919,LR_8_features,8,6,African-American,Male,25 - 45,0,0
9935,LR_8_features,8,6,African-American,Male,Less than 25,1,1
9942,LR_8_features,8,6,Hispanic,Male,Greater than 45,0,0
9951,LR_8_features,8,6,Caucasian,Male,25 - 45,0,1
9953,LR_8_features,8,6,African-American,Male,Less than 25,1,1
9970,LR_8_features,8,6,African-American,Male,25 - 45,1,1
9991,LR_8_features,8,6,Caucasian,Male,Less than 25,0,0
10036,LR_8_features,8,6,African-American,Male,25 - 45,1,1
10062,LR_8_features,8,6,Caucasian,Female,25 - 45,1,0
10069,LR_8_features,8,6,Caucasian,Female,25 - 45,0,0
10092,LR_8_features,8,6,African-American,Male,Greater than 45,1,0
10094,LR_8_features,8,6,Caucasian,Male,Less than 25,0,0
10096,LR_8_features,8,6,Other,Female,Less than 25,0,0
10097,LR_8_features,8,6,African-American,Male,25 - 45,1,1
10112,LR_8_features,8,6,African-American,Male,25 - 45,1,1
10121,LR_8_features,8,6,African-American,Male,25 - 45,1,1
10131,LR_8_features,8,6,African-American,Male,Less than 25,0,1
10132,LR_8_features,8,6,Caucasian,Male,25 - 45,1,0
10145,LR_8_features,8,6,Hispanic,Female,25 - 45,0,0
10148,LR_8_features,8,6,African-American,Male,25 - 45,1,1
10159,LR_8_features,8,6,Caucasian,Male,Greater than 45,0,0
10178,LR_8_features,8,6,Caucasian,Male,Greater than 45,0,0
10195,LR_8_features,8,6,Other,Male,25 - 45,0,0
10216,LR_8_features,8,6,African-American,Female,25 - 45,0,0
10241,LR_8_features,8,6,African-American,Male,25 - 45,1,1
10251,LR_8_features,8,6,Caucasian,Male,25 - 45,0,0
10252,LR_8_features,8,6,African-American,Male,Less than 25,0,0
10254,LR_8_features,8,6,African-American,Male,25 - 45,0,1
10262,LR_8_features,8,6,Other,Male,25 - 45,0,0
10276,LR_8_features,8,6,African-American,Male,25 - 45,1,1
10307,LR_8_features,8,6,African-American,Male,25 - 45,0,1
10327,LR_8_features,8,6,Caucasian,Male,Less than 25,0,0
10346,LR_8_features,8,6,African-American,Male,25 - 45,1,1
10348,LR_8_features,8,6,African-American,Male,Less than 25,0,0
10372,LR_8_features,8,6,Caucasian,Male,25 - 45,1,0
10375,LR_8_features,8,6,African-American,Male,Less than 25,1,0
10413,LR_8_features,8,6,African-American,Male,Greater than 45,0,0
10416,LR_8_features,8,6,African-American,Male,Less than 25,0,0
10423,LR_8_features,8,6,Caucasian,Male,25 - 45,1,1
10429,LR_8_features,8,6,Other,Male,25 - 45,1,0
10430,LR_8_features,8,6,Hispanic,Male,25 - 45,1,1
10437,LR_8_features,8,6,Caucasian,Male,25 - 45,1,0
10440,LR_8_features,8,6,Caucasian,Male,25 - 45,0,0
10443,LR_8_features,8,6,Hispanic,Female,Greater than 45,0,0
10457,LR_8_features,8,6,African-American,Male,25 - 45,1,1
10462,LR_8_features,8,6,Caucasian,Female,25 - 45,0,0
10482,LR_8_features,8,6,Hispanic,Male,25 - 45,1,0
10494,LR_8_features,8,6,African-American,Female,Less than 25,1,0
10510,LR_8_features,8,6,Caucasian,Male,25 - 45,0,0
10528,LR_8_features,8,6,Hispanic,Male,25 - 45,0,0
10531,LR_8_features,8,6,Caucasian,Male,25 - 45,1,1
10542,LR_8_features,8,6,Caucasian,Male,25 - 45,1,1
10547,LR_8_features,8,6,African-American,Male,Greater than 45,1,0
10550,LR_8_features,8,6,Caucasian,Male,25 - 45,0,0
10567,LR_8_features,8,6,Caucasian,Female,25 - 45,0,0
10580,LR_8_features,8,6,Caucasian,Female,Less than 25,0,0
10628,LR_8_features,8,6,Other,Male,25 - 45,1,0
10713,LR_8_features,8,6,Hispanic,Female,Less than 25,0,0
10762,LR_8_features,8,6,Hispanic,Female,25 - 45,0,0
10836,LR_8_features,8,6,African-American,Male,25 - 45,1,1
10869,LR_8_features,8,6,African-American,Male,Greater than 45,1,0
10882,LR_8_features,8,6,Caucasian,Female,Less than 25,0,0
10888,LR_8_features,8,6,African-American,Female,25 - 45,1,1
10907,LR_8_features,8,6,Caucasian,Female,25 - 45,0,0
10963,LR_8_features,8,6,Caucasian,Male,25 - 45,0,0
18,LR_8_features,8,7,African-American,Male,25 - 45,0,0
23,LR_8_features,8,7,Caucasian,Male,25 - 45,1,1
25,LR_8_features,8,7,African-American,Male,Greater than 45,1,1
33,LR_8_features,8,7,Other,Male,25 - 45,0,0
53,LR_8_features,8,7,Caucasian,Male,Less than 25,1,0
54,LR_8_features,8,7,African-American,Male,25 - 45,1,1
56,LR_8_features,8,7,African-American,Female,Less than 25,0,1
66,LR_8_features,8,7,Caucasian,Male,25 - 45,1,1
84,LR_8_features,8,7,African-American,Male,Greater than 45,0,0
105,LR_8_features,8,7,African-American,Male,25 - 45,0,0
108,LR_8_features,8,7,Caucasian,Male,25 - 45,1,0
169,LR_8_features,8,7,Caucasian,Male,25 - 45,1,0
174,LR_8_features,8,7,African-American,Male,25 - 45,0,0
177,LR_8_features,8,7,African-American,Male,Less than 25,1,1
229,LR_8_features,8,7,African-American,Male,25 - 45,1,1
231,LR_8_features,8,7,African-American,Female,Less than 25,0,0
281,LR_8_features,8,7,African-American,Male,Greater than 45,0,0
282,LR_8_features,8,7,Caucasian,Male,Greater than 45,1,0
298,LR_8_features,8,7,Other,Male,25 - 45,1,0
327,LR_8_features,8,7,Caucasian,Male,Greater than 45,0,0
329,LR_8_features,8,7,Other,Male,25 - 45,1,0
366,LR_8_features,8,7,Caucasian,Male,Less than 25,1,0
369,LR_8_features,8,7,Other,Female,25 - 45,0,0
386,LR_8_features,8,7,African-American,Male,25 - 45,1,1
429,LR_8_features,8,7,African-American,Male,Less than 25,1,0
459,LR_8_features,8,7,African-American,Female,25 - 45,0,1
489,LR_8_features,8,7,Caucasian,Male,25 - 45,1,0
494,LR_8_features,8,7,Hispanic,Male,Less than 25,0,1
500,LR_8_features,8,7,African-American,Female,Less than 25,1,0
504,LR_8_features,8,7,Other,Male,25 - 45,1,0
533,LR_8_features,8,7,African-American,Female,Less than 25,1,0
537,LR_8_features,8,7,African-American,Male,Greater than 45,0,0
561,LR_8_features,8,7,Caucasian,Male,25 - 45,0,0
566,LR_8_features,8,7,African-American,Male,25 - 45,1,1
569,LR_8_features,8,7,African-American,Female,Less than 25,0,0
597,LR_8_features,8,7,African-American,Male,25 - 45,1,1
622,LR_8_features,8,7,Caucasian,Female,25 - 45,0,0
624,LR_8_features,8,7,African-American,Female,Less than 25,0,0
629,LR_8_features,8,7,Hispanic,Male,Less than 25,0,0
654,LR_8_features,8,7,Caucasian,Male,25 - 45,0,0
701,LR_8_features,8,7,African-American,Male,25 - 45,0,1
738,LR_8_features,8,7,Caucasian,Male,Less than 25,1,1
785,LR_8_features,8,7,African-American,Female,25 - 45,0,0
792,LR_8_features,8,7,Other,Male,25 - 45,0,0
825,LR_8_features,8,7,Caucasian,Male,Less than 25,1,1
830,LR_8_features,8,7,Hispanic,Male,Less than 25,1,0
838,LR_8_features,8,7,African-American,Male,25 - 45,0,0
847,LR_8_features,8,7,African-American,Male,25 - 45,0,1
855,LR_8_features,8,7,African-American,Male,25 - 45,0,0
857,LR_8_features,8,7,African-American,Male,25 - 45,1,1
930,LR_8_features,8,7,African-American,Male,Less than 25,1,1
943,LR_8_features,8,7,Caucasian,Male,25 - 45,1,0
946,LR_8_features,8,7,African-American,Male,Greater than 45,1,0
949,LR_8_features,8,7,Caucasian,Female,Less than 25,1,1
953,LR_8_features,8,7,African-American,Male,25 - 45,0,0
962,LR_8_features,8,7,Caucasian,Male,25 - 45,0,1
963,LR_8_features,8,7,Caucasian,Male,25 - 45,0,0
993,LR_8_features,8,7,Caucasian,Male,25 - 45,1,0
995,LR_8_features,8,7,African-American,Male,25 - 45,1,0
999,LR_8_features,8,7,Caucasian,Male,25 - 45,1,0
1060,LR_8_features,8,7,African-American,Male,25 - 45,0,0
1065,LR_8_features,8,7,African-American,Male,25 - 45,1,1
1082,LR_8_features,8,7,African-American,Male,Greater than 45,1,1
1093,LR_8_features,8,7,Caucasian,Male,Less than 25,0,0
1107,LR_8_features,8,7,Caucasian,Male,Less than 25,1,1
1173,LR_8_features,8,7,African-American,Male,25 - 45,1,1
1197,LR_8_features,8,7,African-American,Male,Less than 25,1,1
1209,LR_8_features,8,7,Caucasian,Male,Less than 25,0,1
1274,LR_8_features,8,7,Other,Male,25 - 45,0,0
1275,LR_8_features,8,7,Caucasian,Male,Greater than 45,0,0
1290,LR_8_features,8,7,African-American,Male,25 - 45,1,1
1324,LR_8_features,8,7,Caucasian,Male,25 - 45,0,0
1328,LR_8_features,8,7,African-American,Female,25 - 45,0,0
1346,LR_8_features,8,7,African-American,Male,25 - 45,0,1
1354,LR_8_features,8,7,Hispanic,Male,25 - 45,0,0
1360,LR_8_features,8,7,African-American,Male,25 - 45,1,1
1448,LR_8_features,8,7,Caucasian,Male,Less than 25,0,0
1482,LR_8_features,8,7,African-American,Female,Less than 25,0,1
1542,LR_8_features,8,7,African-American,Male,25 - 45,1,1
1545,LR_8_features,8,7,African-American,Male,25 - 45,0,0
1550,LR_8_features,8,7,Caucasian,Male,Greater than 45,0,0
1575,LR_8_features,8,7,African-American,Male,25 - 45,1,1
1587,LR_8_features,8,7,Caucasian,Male,Greater than 45,0,0
1588,LR_8_features,8,7,African-American,Male,25 - 45,1,0
1594,LR_8_features,8,7,African-American,Female,Less than 25,0,0
1595,LR_8_features,8,7,African-American,Male,Greater than 45,1,1
1625,LR_8_features,8,7,African-American,Male,Less than 25,1,1
1646,LR_8_features,8,7,Hispanic,Male,Greater than 45,0,0
1689,LR_8_features,8,7,Caucasian,Male,Greater than 45,1,0
1730,LR_8_features,8,7,African-American,Male,Greater than 45,0,0
1781,LR_8_features,8,7,Caucasian,Male,25 - 45,0,0
1791,LR_8_features,8,7,African-American,Male,25 - 45,1,1
1796,LR_8_features,8,7,African-American,Male,Less than 25,1,1
1803,LR_8_features,8,7,Caucasian,Male,25 - 45,0,0
1819,LR_8_features,8,7,Other,Male,Less than 25,0,1
1821,LR_8_features,8,7,Caucasian,Female,25 - 45,0,0
1852,LR_8_features,8,7,African-American,Male,25 - 45,1,1
1861,LR_8_features,8,7,African-American,Male,25 - 45,1,0
1866,LR_8_features,8,7,Hispanic,Male,25 - 45,0,0
1868,LR_8_features,8,7,African-American,Male,Less than 25,0,0
1886,LR_8_features,8,7,African-American,Male,Greater than 45,0,1
1901,LR_8_features,8,7,Caucasian,Female,25 - 45,1,0
1906,LR_8_features,8,7,Caucasian,Male,25 - 45,0,0
1929,LR_8_features,8,7,Hispanic,Male,25 - 45,1,0
1930,LR_8_features,8,7,Caucasian,Female,Greater than 45,0,0
1948,LR_8_features,8,7,Caucasian,Male,Greater than 45,0,0
2024,LR_8_features,8,7,Caucasian,Female,Greater than 45,0,0
2045,LR_8_features,8,7,Caucasian,Female,Less than 25,0,0
2051,LR_8_features,8,7,Caucasian,Male,25 - 45,1,0
2056,LR_8_features,8,7,African-American,Male,25 - 45,0,1
2063,LR_8_features,8,7,Hispanic,Male,Less than 25,0,1
2065,LR_8_features,8,7,Caucasian,Male,25 - 45,0,0
2075,LR_8_features,8,7,Caucasian,Female,Less than 25,0,0
2094,LR_8_features,8,7,African-American,Male,25 - 45,0,0
2095,LR_8_features,8,7,Caucasian,Male,Greater than 45,0,0
2108,LR_8_features,8,7,Hispanic,Male,Less than 25,0,0
2166,LR_8_features,8,7,African-American,Female,25 - 45,1,1
2182,LR_8_features,8,7,African-American,Female,25 - 45,1,0
2215,LR_8_features,8,7,African-American,Male,Less than 25,1,1
2216,LR_8_features,8,7,African-American,Male,25 - 45,0,0
2234,LR_8_features,8,7,Hispanic,Male,Greater than 45,0,0
2256,LR_8_features,8,7,Caucasian,Male,Greater than 45,0,0
2263,LR_8_features,8,7,Native American,Male,25 - 45,0,0
2276,LR_8_features,8,7,Other,Male,25 - 45,0,0
2285,LR_8_features,8,7,African-American,Male,25 - 45,0,1
2342,LR_8_features,8,7,African-American,Female,25 - 45,0,1
2344,LR_8_features,8,7,African-American,Female,Less than 25,1,0
2355,LR_8_features,8,7,African-American,Male,Less than 25,1,0
2374,LR_8_features,8,7,African-American,Male,Less than 25,0,0
2425,LR_8_features,8,7,Caucasian,Male,25 - 45,1,1
2445,LR_8_features,8,7,African-American,Male,25 - 45,1,1
2446,LR_8_features,8,7,Caucasian,Male,Less than 25,1,0
2457,LR_8_features,8,7,Other,Male,25 - 45,0,0
2474,LR_8_features,8,7,African-American,Male,Greater than 45,1,1
2493,LR_8_features,8,7,Caucasian,Female,25 - 45,1,1
2523,LR_8_features,8,7,African-American,Male,Greater than 45,0,1
2533,LR_8_features,8,7,Caucasian,Male,Less than 25,1,0
2544,LR_8_features,8,7,Caucasian,Male,25 - 45,1,1
2566,LR_8_features,8,7,African-American,Male,25 - 45,0,0
2578,LR_8_features,8,7,Other,Male,Greater than 45,1,1
2615,LR_8_features,8,7,African-American,Male,Greater than 45,0,0
2638,LR_8_features,8,7,Caucasian,Male,Less than 25,0,0
2643,LR_8_features,8,7,Caucasian,Male,25 - 45,0,0
2644,LR_8_features,8,7,Caucasian,Male,25 - 45,1,0
2655,LR_8_features,8,7,African-American,Male,Less than 25,0,1
2676,LR_8_features,8,7,Caucasian,Male,25 - 45,1,0
2685,LR_8_features,8,7,African-American,Female,Less than 25,0,0
2703,LR_8_features,8,7,African-American,Male,Greater than 45,0,0
2794,LR_8_features,8,7,Caucasian,Male,25 - 45,1,1
2824,LR_8_features,8,7,Hispanic,Male,Greater than 45,1,0
2891,LR_8_features,8,7,Hispanic,Male,Less than 25,1,0
2914,LR_8_features,8,7,African-American,Male,25 - 45,0,0
2961,LR_8_features,8,7,African-American,Male,25 - 45,1,0
2964,LR_8_features,8,7,Caucasian,Male,Less than 25,1,1
2969,LR_8_features,8,7,Caucasian,Male,Greater than 45,1,0
3014,LR_8_features,8,7,African-American,Male,Less than 25,1,1
3023,LR_8_features,8,7,African-American,Male,25 - 45,1,1
3029,LR_8_features,8,7,African-American,Male,25 - 45,1,0
3037,LR_8_features,8,7,Hispanic,Male,Less than 25,0,1
3056,LR_8_features,8,7,African-American,Male,25 - 45,0,0
3074,LR_8_features,8,7,Caucasian,Male,25 - 45,0,0
3159,LR_8_features,8,7,Caucasian,Male,25 - 45,0,0
3169,LR_8_features,8,7,Caucasian,Male,Greater than 45,0,0
3191,LR_8_features,8,7,African-American,Male,25 - 45,0,1
3200,LR_8_features,8,7,African-American,Male,25 - 45,1,0
3261,LR_8_features,8,7,Caucasian,Female,Greater than 45,0,0
3290,LR_8_features,8,7,African-American,Male,25 - 45,0,0
3302,LR_8_features,8,7,Caucasian,Female,25 - 45,1,0
3319,LR_8_features,8,7,Caucasian,Female,25 - 45,0,0
3320,LR_8_features,8,7,Caucasian,Male,Less than 25,0,0
3323,LR_8_features,8,7,African-American,Male,25 - 45,1,1
3341,LR_8_features,8,7,African-American,Male,Less than 25,0,1
3357,LR_8_features,8,7,African-American,Male,25 - 45,0,0
3390,LR_8_features,8,7,Caucasian,Male,Greater than 45,0,0
3392,LR_8_features,8,7,Caucasian,Male,Greater than 45,0,0
3393,LR_8_features,8,7,African-American,Male,25 - 45,1,1
3399,LR_8_features,8,7,African-American,Male,25 - 45,0,1
3415,LR_8_features,8,7,African-American,Male,25 - 45,1,0
3441,LR_8_features,8,7,Caucasian,Male,Greater than 45,1,0
3453,LR_8_features,8,7,African-American,Male,Greater than 45,1,1
3460,LR_8_features,8,7,African-American,Male,Less than 25,1,1
3462,LR_8_features,8,7,Caucasian,Male,25 - 45,1,0
3463,LR_8_features,8,7,Caucasian,Male,25 - 45,0,0
3475,LR_8_features,8,7,Caucasian,Male,25 - 45,0,0
3476,LR_8_features,8,7,African-American,Male,25 - 45,1,1
3501,LR_8_features,8,7,African-American,Male,Less than 25,1,1
3502,LR_8_features,8,7,Hispanic,Male,25 - 45,1,0
3535,LR_8_features,8,7,Caucasian,Male,25 - 45,0,0
3542,LR_8_features,8,7,Caucasian,Male,Less than 25,1,1
3544,LR_8_features,8,7,African-American,Male,Less than 25,1,1
3552,LR_8_features,8,7,Caucasian,Male,25 - 45,0,0
3577,LR_8_features,8,7,African-American,Male,25 - 45,0,0
3600,LR_8_features,8,7,Hispanic,Male,25 - 45,0,0
3653,LR_8_features,8,7,African-American,Male,25 - 45,0,0
3662,LR_8_features,8,7,African-American,Male,25 - 45,0,1
3673,LR_8_features,8,7,Other,Male,25 - 45,0,0
3711,LR_8_features,8,7,Caucasian,Male,25 - 45,1,0
3713,LR_8_features,8,7,African-American,Male,25 - 45,1,1
3732,LR_8_features,8,7,African-American,Male,25 - 45,0,0
3761,LR_8_features,8,7,African-American,Male,25 - 45,1,1
3763,LR_8_features,8,7,African-American,Male,25 - 45,1,1
3765,LR_8_features,8,7,Caucasian,Male,25 - 45,1,0
3766,LR_8_features,8,7,Caucasian,Male,Less than 25,1,0
3774,LR_8_features,8,7,Caucasian,Male,Greater than 45,0,0
3783,LR_8_features,8,7,Caucasian,Male,25 - 45,0,0
3797,LR_8_features,8,7,African-American,Male,25 - 45,0,1
3799,LR_8_features,8,7,African-American,Male,25 - 45,0,0
3858,LR_8_features,8,7,African-American,Female,25 - 45,1,0
3862,LR_8_features,8,7,Caucasian,Male,25 - 45,0,0
3864,LR_8_features,8,7,Caucasian,Male,Greater than 45,0,0
3865,LR_8_features,8,7,African-American,Male,Less than 25,0,0
3872,LR_8_features,8,7,Caucasian,Male,Less than 25,0,1
3885,LR_8_features,8,7,Caucasian,Male,Greater than 45,1,0
3924,LR_8_features,8,7,African-American,Female,25 - 45,0,1
3934,LR_8_features,8,7,African-American,Male,Greater than 45,0,0
3942,LR_8_features,8,7,African-American,Male,25 - 45,1,0
3950,LR_8_features,8,7,Caucasian,Male,25 - 45,1,0
3952,LR_8_features,8,7,Caucasian,Male,25 - 45,0,0
3972,LR_8_features,8,7,Caucasian,Male,25 - 45,0,1
4003,LR_8_features,8,7,Caucasian,Male,25 - 45,0,0
4011,LR_8_features,8,7,Caucasian,Male,25 - 45,0,0
4013,LR_8_features,8,7,Caucasian,Male,25 - 45,1,1
4036,LR_8_features,8,7,African-American,Male,25 - 45,0,1
4052,LR_8_features,8,7,African-American,Male,25 - 45,0,1
4075,LR_8_features,8,7,African-American,Male,25 - 45,0,1
4081,LR_8_features,8,7,Caucasian,Male,25 - 45,0,0
4082,LR_8_features,8,7,Caucasian,Male,Less than 25,1,0
4100,LR_8_features,8,7,Caucasian,Male,Less than 25,1,1
4127,LR_8_features,8,7,African-American,Female,Less than 25,1,0
4130,LR_8_features,8,7,Caucasian,Male,Greater than 45,0,0
4143,LR_8_features,8,7,African-American,Male,Greater than 45,0,0
4157,LR_8_features,8,7,African-American,Male,Less than 25,1,1
4192,LR_8_features,8,7,African-American,Male,25 - 45,1,1
4211,LR_8_features,8,7,Other,Male,Greater than 45,0,0
4228,LR_8_features,8,7,Caucasian,Male,25 - 45,1,1
4252,LR_8_features,8,7,Caucasian,Male,Greater than 45,0,0
4276,LR_8_features,8,7,African-American,Male,Less than 25,1,1
4280,LR_8_features,8,7,Hispanic,Male,25 - 45,0,0
4314,LR_8_features,8,7,African-American,Male,25 - 45,1,1
4338,LR_8_features,8,7,African-American,Male,Greater than 45,0,0
4340,LR_8_features,8,7,African-American,Male,25 - 45,1,1
4346,LR_8_features,8,7,Caucasian,Male,Greater than 45,1,0
4353,LR_8_features,8,7,Caucasian,Male,25 - 45,1,1
4389,LR_8_features,8,7,Caucasian,Male,25 - 45,0,0
4403,LR_8_features,8,7,African-American,Male,25 - 45,0,1
4439,LR_8_features,8,7,Caucasian,Female,Less than 25,0,0
4451,LR_8_features,8,7,Caucasian,Male,Greater than 45,0,0
4466,LR_8_features,8,7,African-American,Female,25 - 45,1,0
4496,LR_8_features,8,7,African-American,Male,Less than 25,0,0
4511,LR_8_features,8,7,African-American,Male,Greater than 45,0,0
4525,LR_8_features,8,7,Hispanic,Male,25 - 45,1,0
4631,LR_8_features,8,7,African-American,Male,25 - 45,1,1
4651,LR_8_features,8,7,African-American,Male,25 - 45,0,0
4674,LR_8_features,8,7,African-American,Male,Less than 25,1,0
4692,LR_8_features,8,7,Caucasian,Male,Greater than 45,0,0
4697,LR_8_features,8,7,African-American,Male,Less than 25,0,0
4722,LR_8_features,8,7,Caucasian,Male,25 - 45,0,0
4737,LR_8_features,8,7,African-American,Male,Greater than 45,0,0
4808,LR_8_features,8,7,African-American,Male,Greater than 45,1,1
4811,LR_8_features,8,7,Caucasian,Male,Greater than 45,0,0
4840,LR_8_features,8,7,Hispanic,Male,25 - 45,1,0
4845,LR_8_features,8,7,African-American,Male,25 - 45,1,1
4871,LR_8_features,8,7,Caucasian,Male,Greater than 45,1,0
4885,LR_8_features,8,7,African-American,Female,25 - 45,0,0
4890,LR_8_features,8,7,African-American,Male,Less than 25,1,0
4914,LR_8_features,8,7,African-American,Male,Less than 25,1,1
4945,LR_8_features,8,7,Caucasian,Female,25 - 45,1,0
4983,LR_8_features,8,7,Caucasian,Male,25 - 45,1,1
5004,LR_8_features,8,7,African-American,Male,25 - 45,1,0
5017,LR_8_features,8,7,Caucasian,Female,25 - 45,1,0
5022,LR_8_features,8,7,African-American,Male,Greater than 45,0,0
5046,LR_8_features,8,7,African-American,Female,Less than 25,0,0
5066,LR_8_features,8,7,Other,Male,Less than 25,1,1
5075,LR_8_features,8,7,African-American,Male,25 - 45,1,1
5133,LR_8_features,8,7,African-American,Male,25 - 45,1,0
5140,LR_8_features,8,7,African-American,Male,25 - 45,1,0
5149,LR_8_features,8,7,African-American,Male,25 - 45,1,1
5154,LR_8_features,8,7,African-American,Male,25 - 45,1,1
5163,LR_8_features,8,7,Hispanic,Male,25 - 45,1,1
5166,LR_8_features,8,7,Caucasian,Male,25 - 45,0,1
5184,LR_8_features,8,7,African-American,Male,25 - 45,0,0
5280,LR_8_features,8,7,Caucasian,Male,25 - 45,1,1
5298,LR_8_features,8,7,Caucasian,Male,25 - 45,0,1
5309,LR_8_features,8,7,Caucasian,Female,25 - 45,0,0
5330,LR_8_features,8,7,African-American,Male,25 - 45,1,0
5333,LR_8_features,8,7,African-American,Male,Less than 25,0,0
5334,LR_8_features,8,7,African-American,Male,25 - 45,0,1
5365,LR_8_features,8,7,Caucasian,Male,Greater than 45,0,0
5391,LR_8_features,8,7,Caucasian,Female,25 - 45,0,0
5394,LR_8_features,8,7,Caucasian,Male,Greater than 45,0,0
5411,LR_8_features,8,7,African-American,Male,Less than 25,1,1
5443,LR_8_features,8,7,African-American,Male,25 - 45,0,1
5479,LR_8_features,8,7,African-American,Male,Less than 25,0,1
5494,LR_8_features,8,7,Hispanic,Male,Greater than 45,1,0
5496,LR_8_features,8,7,African-American,Female,Less than 25,0,1
5522,LR_8_features,8,7,Other,Female,25 - 45,0,0
5544,LR_8_features,8,7,African-American,Female,Less than 25,0,0
5554,LR_8_features,8,7,African-American,Male,25 - 45,0,1
5563,LR_8_features,8,7,Caucasian,Male,25 - 45,1,0
5604,LR_8_features,8,7,African-American,Male,25 - 45,0,1
5605,LR_8_features,8,7,African-American,Male,25 - 45,0,0
5621,LR_8_features,8,7,Caucasian,Male,Greater than 45,0,0
5655,LR_8_features,8,7,Caucasian,Female,25 - 45,0,0
5664,LR_8_features,8,7,African-American,Female,25 - 45,0,0
5666,LR_8_features,8,7,Caucasian,Male,25 - 45,0,0
5668,LR_8_features,8,7,African-American,Male,25 - 45,0,0
5673,LR_8_features,8,7,African-American,Male,25 - 45,1,1
5678,LR_8_features,8,7,African-American,Male,25 - 45,1,1
5680,LR_8_features,8,7,African-American,Male,25 - 45,1,1
5693,LR_8_features,8,7,African-American,Male,25 - 45,1,1
5700,LR_8_features,8,7,Caucasian,Female,25 - 45,1,1
5722,LR_8_features,8,7,African-American,Male,Greater than 45,0,1
5732,LR_8_features,8,7,Caucasian,Female,25 - 45,1,0
5761,LR_8_features,8,7,Caucasian,Male,25 - 45,0,0
5784,LR_8_features,8,7,Caucasian,Male,25 - 45,1,0
5795,LR_8_features,8,7,Caucasian,Female,25 - 45,0,0
5846,LR_8_features,8,7,Hispanic,Male,25 - 45,0,0
5851,LR_8_features,8,7,Caucasian,Male,25 - 45,1,1
5871,LR_8_features,8,7,Caucasian,Male,Greater than 45,0,0
5890,LR_8_features,8,7,African-American,Male,25 - 45,1,0
5891,LR_8_features,8,7,Caucasian,Male,25 - 45,0,0
5892,LR_8_features,8,7,African-American,Female,Less than 25,1,0
5906,LR_8_features,8,7,African-American,Female,25 - 45,0,0
5915,LR_8_features,8,7,Caucasian,Male,Less than 25,1,0
5934,LR_8_features,8,7,African-American,Male,25 - 45,1,0
5942,LR_8_features,8,7,Caucasian,Male,25 - 45,1,0
5946,LR_8_features,8,7,Hispanic,Male,Less than 25,0,0
5960,LR_8_features,8,7,Caucasian,Male,Greater than 45,0,0
5968,LR_8_features,8,7,Caucasian,Male,Greater than 45,1,0
5973,LR_8_features,8,7,Caucasian,Male,Greater than 45,1,0
6010,LR_8_features,8,7,Caucasian,Male,Greater than 45,0,0
6023,LR_8_features,8,7,Other,Male,Greater than 45,0,0
6043,LR_8_features,8,7,Caucasian,Male,Greater than 45,0,0
6070,LR_8_features,8,7,African-American,Male,25 - 45,1,0
6084,LR_8_features,8,7,African-American,Male,25 - 45,0,0
6105,LR_8_features,8,7,African-American,Male,25 - 45,0,1
6113,LR_8_features,8,7,African-American,Male,Greater than 45,1,0
6123,LR_8_features,8,7,Caucasian,Female,Less than 25,0,0
6140,LR_8_features,8,7,African-American,Male,25 - 45,0,0
6149,LR_8_features,8,7,African-American,Male,Less than 25,1,1
6156,LR_8_features,8,7,Caucasian,Male,25 - 45,0,0
6165,LR_8_features,8,7,Caucasian,Male,25 - 45,1,0
6173,LR_8_features,8,7,African-American,Male,Greater than 45,0,0
6177,LR_8_features,8,7,African-American,Male,Less than 25,0,1
6201,LR_8_features,8,7,Caucasian,Female,Greater than 45,0,0
6229,LR_8_features,8,7,Caucasian,Male,25 - 45,1,0
6238,LR_8_features,8,7,Hispanic,Male,25 - 45,0,0
6250,LR_8_features,8,7,African-American,Male,Less than 25,1,1
6292,LR_8_features,8,7,African-American,Male,Greater than 45,0,0
6297,LR_8_features,8,7,Caucasian,Female,25 - 45,0,1
6299,LR_8_features,8,7,African-American,Female,Less than 25,0,0
6302,LR_8_features,8,7,African-American,Male,Less than 25,0,0
6359,LR_8_features,8,7,African-American,Male,Greater than 45,1,0
6393,LR_8_features,8,7,African-American,Male,Less than 25,1,0
6433,LR_8_features,8,7,Caucasian,Female,25 - 45,1,0
6467,LR_8_features,8,7,African-American,Male,25 - 45,0,1
6477,LR_8_features,8,7,Caucasian,Male,Greater than 45,1,0
6481,LR_8_features,8,7,African-American,Female,Less than 25,0,0
6489,LR_8_features,8,7,African-American,Male,25 - 45,1,1
6490,LR_8_features,8,7,African-American,Male,Less than 25,1,1
6491,LR_8_features,8,7,Caucasian,Female,25 - 45,1,0
6502,LR_8_features,8,7,African-American,Male,25 - 45,1,1
6522,LR_8_features,8,7,African-American,Male,Less than 25,1,1
6536,LR_8_features,8,7,Caucasian,Male,Greater than 45,0,0
6549,LR_8_features,8,7,African-American,Male,Greater than 45,1,0
6563,LR_8_features,8,7,Caucasian,Male,25 - 45,1,0
6592,LR_8_features,8,7,Caucasian,Female,Greater than 45,0,0
6594,LR_8_features,8,7,African-American,Male,Less than 25,0,0
6595,LR_8_features,8,7,African-American,Male,25 - 45,0,0
6608,LR_8_features,8,7,Caucasian,Male,25 - 45,1,1
6613,LR_8_features,8,7,African-American,Male,25 - 45,0,1
6624,LR_8_features,8,7,Hispanic,Male,Greater than 45,1,0
6629,LR_8_features,8,7,Caucasian,Female,25 - 45,1,0
6650,LR_8_features,8,7,African-American,Male,Less than 25,1,0
6659,LR_8_features,8,7,African-American,Male,Less than 25,0,1
6661,LR_8_features,8,7,Caucasian,Male,Less than 25,0,0
6670,LR_8_features,8,7,Caucasian,Male,25 - 45,1,0
6699,LR_8_features,8,7,Caucasian,Female,25 - 45,0,0
6706,LR_8_features,8,7,African-American,Male,25 - 45,1,1
6715,LR_8_features,8,7,African-American,Female,25 - 45,0,0
6737,LR_8_features,8,7,African-American,Male,Less than 25,1,1
6740,LR_8_features,8,7,African-American,Female,25 - 45,1,0
6748,LR_8_features,8,7,Other,Male,Less than 25,0,0
6749,LR_8_features,8,7,Caucasian,Female,Less than 25,0,0
6751,LR_8_features,8,7,Caucasian,Male,25 - 45,1,0
6776,LR_8_features,8,7,Caucasian,Male,Greater than 45,0,0
6780,LR_8_features,8,7,African-American,Female,25 - 45,0,0
6857,LR_8_features,8,7,African-American,Female,25 - 45,0,0
6883,LR_8_features,8,7,Caucasian,Female,Greater than 45,0,0
6885,LR_8_features,8,7,Other,Female,25 - 45,1,0
6899,LR_8_features,8,7,Caucasian,Male,25 - 45,0,0
6923,LR_8_features,8,7,African-American,Male,25 - 45,0,0
6932,LR_8_features,8,7,Caucasian,Male,Less than 25,1,1
6950,LR_8_features,8,7,Caucasian,Male,Greater than 45,0,0
6959,LR_8_features,8,7,Hispanic,Male,25 - 45,0,0
6965,LR_8_features,8,7,Other,Female,25 - 45,0,0
6975,LR_8_features,8,7,African-American,Male,Less than 25,1,1
7003,LR_8_features,8,7,African-American,Male,Greater than 45,1,1
7007,LR_8_features,8,7,African-American,Female,25 - 45,0,1
7023,LR_8_features,8,7,Caucasian,Male,25 - 45,0,1
7034,LR_8_features,8,7,Caucasian,Male,25 - 45,1,1
7036,LR_8_features,8,7,Hispanic,Male,25 - 45,1,0
7041,LR_8_features,8,7,African-American,Male,Less than 25,1,1
7048,LR_8_features,8,7,African-American,Male,25 - 45,1,0
7080,LR_8_features,8,7,Caucasian,Female,Greater than 45,0,0
7111,LR_8_features,8,7,Caucasian,Male,Greater than 45,1,0
7116,LR_8_features,8,7,African-American,Male,25 - 45,0,1
7130,LR_8_features,8,7,Caucasian,Male,25 - 45,1,0
7170,LR_8_features,8,7,Caucasian,Male,Less than 25,0,0
7171,LR_8_features,8,7,Caucasian,Male,25 - 45,0,0
7200,LR_8_features,8,7,African-American,Male,Less than 25,0,1
7238,LR_8_features,8,7,Caucasian,Female,Greater than 45,0,0
7258,LR_8_features,8,7,African-American,Male,25 - 45,1,1
7292,LR_8_features,8,7,African-American,Female,25 - 45,0,1
7330,LR_8_features,8,7,African-American,Female,25 - 45,1,0
7339,LR_8_features,8,7,African-American,Male,25 - 45,1,0
7342,LR_8_features,8,7,Caucasian,Male,25 - 45,1,0
7347,LR_8_features,8,7,African-American,Female,25 - 45,0,0
7388,LR_8_features,8,7,Asian,Male,25 - 45,0,0
7423,LR_8_features,8,7,African-American,Male,Greater than 45,1,0
7455,LR_8_features,8,7,African-American,Male,Less than 25,0,1
7472,LR_8_features,8,7,Caucasian,Male,Greater than 45,0,0
7484,LR_8_features,8,7,African-American,Female,25 - 45,1,1
7495,LR_8_features,8,7,Caucasian,Male,Greater than 45,0,0
7517,LR_8_features,8,7,African-American,Female,25 - 45,0,0
7553,LR_8_features,8,7,Other,Female,Less than 25,0,0
7561,LR_8_features,8,7,Caucasian,Male,25 - 45,0,1
7577,LR_8_features,8,7,Hispanic,Female,25 - 45,0,0
7607,LR_8_features,8,7,African-American,Female,Less than 25,0,0
7631,LR_8_features,8,7,Caucasian,Male,Less than 25,1,0
7636,LR_8_features,8,7,African-American,Female,25 - 45,0,0
7645,LR_8_features,8,7,African-American,Male,Greater than 45,1,0
7653,LR_8_features,8,7,African-American,Male,Less than 25,1,1
7655,LR_8_features,8,7,Other,Male,Greater than 45,0,0
7669,LR_8_features,8,7,African-American,Male,25 - 45,0,0
7679,LR_8_features,8,7,Caucasian,Male,Greater than 45,1,0
7766,LR_8_features,8,7,Caucasian,Female,25 - 45,1,1
7768,LR_8_features,8,7,Caucasian,Male,Greater than 45,0,0
7770,LR_8_features,8,7,African-American,Male,25 - 45,0,1
7791,LR_8_features,8,7,African-American,Male,Less than 25,1,0
7806,LR_8_features,8,7,Caucasian,Male,25 - 45,0,0
7817,LR_8_features,8,7,Hispanic,Male,25 - 45,0,0
7818,LR_8_features,8,7,Caucasian,Male,25 - 45,0,0
7820,LR_8_features,8,7,African-American,Male,25 - 45,1,1
7830,LR_8_features,8,7,African-American,Female,25 - 45,1,0
7848,LR_8_features,8,7,Caucasian,Female,Less than 25,0,0
7867,LR_8_features,8,7,African-American,Male,25 - 45,0,0
7916,LR_8_features,8,7,African-American,Male,25 - 45,0,0
7923,LR_8_features,8,7,Caucasian,Male,Greater than 45,1,0
7942,LR_8_features,8,7,African-American,Female,25 - 45,1,1
7974,LR_8_features,8,7,African-American,Male,25 - 45,1,0
8009,LR_8_features,8,7,African-American,Male,25 - 45,1,1
8016,LR_8_features,8,7,African-American,Male,25 - 45,1,1
8039,LR_8_features,8,7,Caucasian,Male,25 - 45,0,0
8054,LR_8_features,8,7,African-American,Male,Greater than 45,0,0
8056,LR_8_features,8,7,African-American,Male,25 - 45,0,0
8061,LR_8_features,8,7,Caucasian,Male,25 - 45,0,1
8098,LR_8_features,8,7,African-American,Female,Less than 25,0,0
8146,LR_8_features,8,7,African-American,Male,25 - 45,0,0
8171,LR_8_features,8,7,Caucasian,Male,25 - 45,0,0
8173,LR_8_features,8,7,Caucasian,Female,25 - 45,1,0
8183,LR_8_features,8,7,Caucasian,Male,Greater than 45,1,0
8209,LR_8_features,8,7,Asian,Male,25 - 45,0,1
8211,LR_8_features,8,7,Caucasian,Male,25 - 45,0,0
8216,LR_8_features,8,7,African-American,Male,25 - 45,0,1
8231,LR_8_features,8,7,African-American,Male,25 - 45,0,1
8249,LR_8_features,8,7,Caucasian,Female,25 - 45,1,1
8299,LR_8_features,8,7,African-American,Male,25 - 45,0,1
8307,LR_8_features,8,7,African-American,Female,Greater than 45,0,0
8312,LR_8_features,8,7,African-American,Male,25 - 45,0,0
8313,LR_8_features,8,7,Other,Male,Greater than 45,1,0
8341,LR_8_features,8,7,Caucasian,Male,Greater than 45,0,0
8353,LR_8_features,8,7,African-American,Female,25 - 45,1,0
8358,LR_8_features,8,7,African-American,Female,Less than 25,0,0
8361,LR_8_features,8,7,African-American,Male,25 - 45,0,1
8362,LR_8_features,8,7,Caucasian,Male,25 - 45,1,1
8375,LR_8_features,8,7,African-American,Male,Greater than 45,1,1
8407,LR_8_features,8,7,Caucasian,Male,25 - 45,1,0
8416,LR_8_features,8,7,African-American,Female,Less than 25,0,0
8421,LR_8_features,8,7,African-American,Female,Less than 25,0,0
8426,LR_8_features,8,7,Caucasian,Male,Greater than 45,0,0
8475,LR_8_features,8,7,Caucasian,Female,25 - 45,0,1
8486,LR_8_features,8,7,African-American,Female,Greater than 45,1,0
8487,LR_8_features,8,7,Caucasian,Male,25 - 45,0,0
8494,LR_8_features,8,7,Caucasian,Female,25 - 45,0,0
8503,LR_8_features,8,7,African-American,Male,25 - 45,0,0
8530,LR_8_features,8,7,Hispanic,Male,Greater than 45,0,0
8600,LR_8_features,8,7,Hispanic,Male,25 - 45,0,0
8612,LR_8_features,8,7,African-American,Male,Less than 25,1,1
8621,LR_8_features,8,7,African-American,Male,25 - 45,0,0
8636,LR_8_features,8,7,African-American,Male,25 - 45,1,1
8651,LR_8_features,8,7,African-American,Male,25 - 45,1,1
8664,LR_8_features,8,7,Hispanic,Male,Less than 25,1,1
8670,LR_8_features,8,7,Caucasian,Female,25 - 45,0,0
8706,LR_8_features,8,7,Caucasian,Male,25 - 45,1,1
8732,LR_8_features,8,7,African-American,Male,25 - 45,0,0
8768,LR_8_features,8,7,African-American,Male,Less than 25,0,1
8771,LR_8_features,8,7,Hispanic,Male,Greater than 45,0,0
8776,LR_8_features,8,7,Caucasian,Male,25 - 45,1,1
8800,LR_8_features,8,7,Caucasian,Female,25 - 45,1,1
8820,LR_8_features,8,7,African-American,Male,Less than 25,1,1
8863,LR_8_features,8,7,Hispanic,Male,25 - 45,1,1
8897,LR_8_features,8,7,African-American,Male,25 - 45,0,0
8921,LR_8_features,8,7,Caucasian,Male,25 - 45,1,0
8922,LR_8_features,8,7,Caucasian,Male,Greater than 45,0,0
8959,LR_8_features,8,7,Other,Male,25 - 45,1,1
8972,LR_8_features,8,7,African-American,Female,25 - 45,1,0
8988,LR_8_features,8,7,African-American,Male,Less than 25,0,1
9040,LR_8_features,8,7,African-American,Male,25 - 45,0,1
9060,LR_8_features,8,7,Caucasian,Male,25 - 45,0,0
9077,LR_8_features,8,7,Caucasian,Male,Less than 25,0,1
9079,LR_8_features,8,7,Hispanic,Male,Less than 25,1,0
9096,LR_8_features,8,7,African-American,Male,25 - 45,0,1
9131,LR_8_features,8,7,Other,Male,Less than 25,0,0
9181,LR_8_features,8,7,Hispanic,Female,Greater than 45,1,0
9182,LR_8_features,8,7,African-American,Female,25 - 45,1,1
9192,LR_8_features,8,7,African-American,Female,25 - 45,0,0
9201,LR_8_features,8,7,African-American,Male,Less than 25,1,1
9209,LR_8_features,8,7,African-American,Male,25 - 45,1,1
9248,LR_8_features,8,7,African-American,Male,Greater than 45,0,1
9254,LR_8_features,8,7,African-American,Male,25 - 45,0,1
9280,LR_8_features,8,7,Caucasian,Female,25 - 45,0,0
9309,LR_8_features,8,7,Other,Male,Greater than 45,0,0
9323,LR_8_features,8,7,Caucasian,Male,Less than 25,1,1
9337,LR_8_features,8,7,Caucasian,Male,25 - 45,0,0
9353,LR_8_features,8,7,Caucasian,Male,25 - 45,1,0
9399,LR_8_features,8,7,Hispanic,Male,25 - 45,1,0
9499,LR_8_features,8,7,African-American,Male,25 - 45,1,1
9516,LR_8_features,8,7,African-American,Male,25 - 45,0,1
9523,LR_8_features,8,7,African-American,Male,25 - 45,1,1
9545,LR_8_features,8,7,African-American,Male,Greater than 45,0,0
9553,LR_8_features,8,7,Caucasian,Male,Greater than 45,0,0
9561,LR_8_features,8,7,Caucasian,Male,25 - 45,1,1
9566,LR_8_features,8,7,Caucasian,Male,Less than 25,1,1
9603,LR_8_features,8,7,African-American,Female,25 - 45,1,1
9612,LR_8_features,8,7,Caucasian,Male,25 - 45,1,0
9617,LR_8_features,8,7,African-American,Male,25 - 45,1,1
9628,LR_8_features,8,7,African-American,Female,Less than 25,1,1
9690,LR_8_features,8,7,African-American,Female,25 - 45,0,0
9722,LR_8_features,8,7,Caucasian,Male,Less than 25,1,1
9767,LR_8_features,8,7,Caucasian,Male,25 - 45,0,0
9810,LR_8_features,8,7,African-American,Male,25 - 45,0,1
9824,LR_8_features,8,7,Hispanic,Male,Greater than 45,0,0
9834,LR_8_features,8,7,African-American,Male,25 - 45,0,0
9835,LR_8_features,8,7,African-American,Female,Greater than 45,0,0
9846,LR_8_features,8,7,Caucasian,Male,25 - 45,1,0
9854,LR_8_features,8,7,African-American,Male,Greater than 45,1,0
9857,LR_8_features,8,7,African-American,Male,Less than 25,1,1
9923,LR_8_features,8,7,African-American,Male,25 - 45,1,1
9952,LR_8_features,8,7,Caucasian,Male,25 - 45,0,0
9997,LR_8_features,8,7,African-American,Male,Less than 25,0,0
10004,LR_8_features,8,7,African-American,Male,25 - 45,0,1
10006,LR_8_features,8,7,Caucasian,Male,Less than 25,1,0
10009,LR_8_features,8,7,African-American,Male,25 - 45,1,1
10012,LR_8_features,8,7,African-American,Female,Less than 25,1,0
10019,LR_8_features,8,7,African-American,Male,Less than 25,1,1
10020,LR_8_features,8,7,Caucasian,Male,25 - 45,0,0
10035,LR_8_features,8,7,African-American,Female,Greater than 45,0,0
10054,LR_8_features,8,7,African-American,Male,Greater than 45,0,0
10059,LR_8_features,8,7,African-American,Female,25 - 45,0,0
10088,LR_8_features,8,7,African-American,Female,25 - 45,0,0
10134,LR_8_features,8,7,Hispanic,Male,25 - 45,1,1
10139,LR_8_features,8,7,African-American,Female,25 - 45,1,0
10158,LR_8_features,8,7,African-American,Male,Less than 25,1,0
10201,LR_8_features,8,7,Hispanic,Male,25 - 45,1,0
10211,LR_8_features,8,7,African-American,Female,Less than 25,0,0
10225,LR_8_features,8,7,Other,Male,25 - 45,0,0
10242,LR_8_features,8,7,Caucasian,Male,25 - 45,0,0
10258,LR_8_features,8,7,Caucasian,Male,Greater than 45,1,0
10271,LR_8_features,8,7,Hispanic,Male,25 - 45,0,0
10281,LR_8_features,8,7,Caucasian,Female,Greater than 45,0,0
10298,LR_8_features,8,7,African-American,Male,25 - 45,1,0
10309,LR_8_features,8,7,African-American,Male,Greater than 45,1,0
10326,LR_8_features,8,7,African-American,Male,25 - 45,1,1
10334,LR_8_features,8,7,African-American,Male,Less than 25,1,1
10349,LR_8_features,8,7,African-American,Male,25 - 45,1,0
10369,LR_8_features,8,7,Hispanic,Male,25 - 45,0,0
10376,LR_8_features,8,7,Caucasian,Female,Greater than 45,0,0
10468,LR_8_features,8,7,Native American,Female,25 - 45,1,0
10514,LR_8_features,8,7,Caucasian,Male,Less than 25,0,0
10519,LR_8_features,8,7,African-American,Male,25 - 45,1,0
10556,LR_8_features,8,7,African-American,Female,25 - 45,0,0
10559,LR_8_features,8,7,African-American,Male,25 - 45,0,1
10563,LR_8_features,8,7,African-American,Male,Greater than 45,0,1
10570,LR_8_features,8,7,Caucasian,Male,Greater than 45,0,0
10618,LR_8_features,8,7,African-American,Male,25 - 45,1,1
10626,LR_8_features,8,7,Caucasian,Male,Greater than 45,0,0
10645,LR_8_features,8,7,African-American,Male,25 - 45,0,0
10656,LR_8_features,8,7,African-American,Male,Less than 25,0,1
10670,LR_8_features,8,7,African-American,Female,Greater than 45,0,0
10689,LR_8_features,8,7,Hispanic,Male,25 - 45,0,0
10695,LR_8_features,8,7,Caucasian,Male,25 - 45,1,1
10698,LR_8_features,8,7,African-American,Male,Less than 25,1,0
10708,LR_8_features,8,7,Caucasian,Male,25 - 45,0,0
10720,LR_8_features,8,7,African-American,Male,Less than 25,1,0
10765,LR_8_features,8,7,African-American,Male,25 - 45,0,0
10766,LR_8_features,8,7,African-American,Male,25 - 45,1,1
10786,LR_8_features,8,7,Caucasian,Female,Greater than 45,0,0
10795,LR_8_features,8,7,African-American,Male,25 - 45,1,0
10811,LR_8_features,8,7,Caucasian,Male,25 - 45,0,0
10814,LR_8_features,8,7,African-American,Male,Greater than 45,1,1
10821,LR_8_features,8,7,African-American,Male,25 - 45,1,1
10835,LR_8_features,8,7,Hispanic,Male,Less than 25,0,1
10849,LR_8_features,8,7,African-American,Male,25 - 45,1,0
10859,LR_8_features,8,7,African-American,Female,25 - 45,0,1
10865,LR_8_features,8,7,Caucasian,Male,Greater than 45,0,0
10875,LR_8_features,8,7,Asian,Male,25 - 45,1,1
10903,LR_8_features,8,7,African-American,Male,Less than 25,1,1
10909,LR_8_features,8,7,Caucasian,Male,25 - 45,1,1
10917,LR_8_features,8,7,African-American,Male,25 - 45,1,1
10920,LR_8_features,8,7,Caucasian,Male,25 - 45,0,1
10931,LR_8_features,8,7,Hispanic,Male,25 - 45,0,0
10935,LR_8_features,8,7,Hispanic,Male,25 - 45,1,1
10940,LR_8_features,8,7,Caucasian,Male,25 - 45,0,0
10965,LR_8_features,8,7,Caucasian,Male,Greater than 45,1,1
10975,LR_8_features,8,7,African-American,Male,25 - 45,0,1
10987,LR_8_features,8,7,Hispanic,Male,25 - 45,0,0
7,LR_8_features,8,8,Other,Male,25 - 45,0,0
8,LR_8_features,8,8,Caucasian,Male,25 - 45,1,1
16,LR_8_features,8,8,Caucasian,Female,25 - 45,0,0
22,LR_8_features,8,8,African-American,Male,25 - 45,0,1
27,LR_8_features,8,8,Caucasian,Male,25 - 45,1,0
41,LR_8_features,8,8,Caucasian,Male,25 - 45,1,1
61,LR_8_features,8,8,African-American,Female,Greater than 45,0,0
111,LR_8_features,8,8,African-American,Male,25 - 45,0,0
127,LR_8_features,8,8,Other,Male,Greater than 45,1,0
153,LR_8_features,8,8,African-American,Male,25 - 45,0,0
178,LR_8_features,8,8,African-American,Male,25 - 45,1,1
195,LR_8_features,8,8,Caucasian,Female,25 - 45,0,0
220,LR_8_features,8,8,African-American,Female,Less than 25,0,0
228,LR_8_features,8,8,African-American,Female,25 - 45,1,1
235,LR_8_features,8,8,Other,Male,Greater than 45,1,1
239,LR_8_features,8,8,Hispanic,Male,25 - 45,0,0
271,LR_8_features,8,8,Other,Male,Less than 25,0,0
299,LR_8_features,8,8,Caucasian,Male,Greater than 45,0,0
306,LR_8_features,8,8,African-American,Male,25 - 45,1,1
319,LR_8_features,8,8,Caucasian,Male,Greater than 45,1,0
321,LR_8_features,8,8,African-American,Male,25 - 45,0,0
344,LR_8_features,8,8,African-American,Male,25 - 45,0,0
355,LR_8_features,8,8,African-American,Male,25 - 45,0,1
384,LR_8_features,8,8,African-American,Male,25 - 45,0,0
430,LR_8_features,8,8,African-American,Male,25 - 45,1,0
437,LR_8_features,8,8,Caucasian,Male,Less than 25,1,0
452,LR_8_features,8,8,Caucasian,Male,Greater than 45,0,0
457,LR_8_features,8,8,Other,Male,25 - 45,1,0
522,LR_8_features,8,8,Caucasian,Male,25 - 45,0,0
524,LR_8_features,8,8,Hispanic,Male,25 - 45,0,0
531,LR_8_features,8,8,African-American,Male,25 - 45,1,1
573,LR_8_features,8,8,African-American,Male,25 - 45,0,0
590,LR_8_features,8,8,Caucasian,Male,Greater than 45,1,1
616,LR_8_features,8,8,African-American,Male,25 - 45,0,1
628,LR_8_features,8,8,Caucasian,Male,25 - 45,1,0
644,LR_8_features,8,8,African-American,Male,Greater than 45,1,1
669,LR_8_features,8,8,African-American,Male,Less than 25,1,1
703,LR_8_features,8,8,Caucasian,Male,Greater than 45,0,0
709,LR_8_features,8,8,African-American,Male,25 - 45,1,1
713,LR_8_features,8,8,African-American,Male,Greater than 45,1,1
732,LR_8_features,8,8,Hispanic,Male,25 - 45,0,0
756,LR_8_features,8,8,Caucasian,Female,Greater than 45,0,0
788,LR_8_features,8,8,Other,Male,25 - 45,0,0
793,LR_8_features,8,8,African-American,Male,Greater than 45,1,0
814,LR_8_features,8,8,Caucasian,Male,25 - 45,1,0
821,LR_8_features,8,8,African-American,Male,25 - 45,0,0
852,LR_8_features,8,8,African-American,Male,Less than 25,1,1
872,LR_8_features,8,8,African-American,Male,25 - 45,0,1
881,LR_8_features,8,8,Caucasian,Female,Greater than 45,1,0
889,LR_8_features,8,8,Caucasian,Male,Less than 25,0,0
909,LR_8_features,8,8,African-American,Male,Less than 25,0,1
914,LR_8_features,8,8,African-American,Male,25 - 45,1,1
925,LR_8_features,8,8,Caucasian,Male,25 - 45,0,0
960,LR_8_features,8,8,Caucasian,Male,25 - 45,1,1
973,LR_8_features,8,8,Caucasian,Female,Greater than 45,1,0
1001,LR_8_features,8,8,African-American,Male,Greater than 45,0,1
1004,LR_8_features,8,8,Hispanic,Male,Less than 25,1,0
1014,LR_8_features,8,8,African-American,Male,Less than 25,0,1
1016,LR_8_features,8,8,Other,Male,25 - 45,1,0
1022,LR_8_features,8,8,African-American,Female,25 - 45,0,0
1026,LR_8_features,8,8,African-American,Male,Greater than 45,1,1
1038,LR_8_features,8,8,Caucasian,Male,Greater than 45,1,0
1057,LR_8_features,8,8,African-American,Male,Greater than 45,1,1
1128,LR_8_features,8,8,Caucasian,Female,Less than 25,0,0
1132,LR_8_features,8,8,Caucasian,Female,Greater than 45,0,0
1153,LR_8_features,8,8,Caucasian,Female,Less than 25,1,0
1156,LR_8_features,8,8,African-American,Female,Less than 25,0,0
1162,LR_8_features,8,8,African-American,Male,25 - 45,1,1
1166,LR_8_features,8,8,African-American,Male,25 - 45,1,1
1171,LR_8_features,8,8,Hispanic,Male,25 - 45,0,0
1194,LR_8_features,8,8,Other,Male,25 - 45,0,0
1213,LR_8_features,8,8,African-American,Female,25 - 45,0,0
1230,LR_8_features,8,8,African-American,Male,Less than 25,0,0
1237,LR_8_features,8,8,African-American,Male,25 - 45,0,0
1261,LR_8_features,8,8,African-American,Male,25 - 45,0,0
1303,LR_8_features,8,8,African-American,Male,Less than 25,1,1
1315,LR_8_features,8,8,African-American,Male,Less than 25,0,0
1318,LR_8_features,8,8,African-American,Male,25 - 45,1,1
1372,LR_8_features,8,8,Caucasian,Male,Less than 25,0,0
1461,LR_8_features,8,8,African-American,Male,Less than 25,1,1
1473,LR_8_features,8,8,African-American,Male,25 - 45,1,0
1481,LR_8_features,8,8,African-American,Male,25 - 45,0,0
1543,LR_8_features,8,8,African-American,Male,25 - 45,1,1
1584,LR_8_features,8,8,Other,Male,25 - 45,0,0
1597,LR_8_features,8,8,African-American,Male,25 - 45,0,0
1604,LR_8_features,8,8,African-American,Male,25 - 45,1,0
1606,LR_8_features,8,8,African-American,Female,25 - 45,0,0
1623,LR_8_features,8,8,African-American,Male,Greater than 45,0,1
1631,LR_8_features,8,8,Caucasian,Male,Greater than 45,1,0
1645,LR_8_features,8,8,African-American,Female,Less than 25,1,0
1664,LR_8_features,8,8,Caucasian,Male,25 - 45,0,0
1682,LR_8_features,8,8,Caucasian,Male,25 - 45,0,0
1684,LR_8_features,8,8,Caucasian,Female,Less than 25,0,0
1707,LR_8_features,8,8,African-American,Male,Less than 25,0,0
1746,LR_8_features,8,8,Caucasian,Male,25 - 45,1,0
1774,LR_8_features,8,8,Caucasian,Male,Less than 25,0,0
1787,LR_8_features,8,8,African-American,Male,Less than 25,0,0
1805,LR_8_features,8,8,African-American,Male,25 - 45,1,1
1815,LR_8_features,8,8,Native American,Male,25 - 45,0,0
1843,LR_8_features,8,8,Hispanic,Male,25 - 45,1,0
1847,LR_8_features,8,8,African-American,Male,25 - 45,0,0
1870,LR_8_features,8,8,African-American,Male,Less than 25,0,1
1894,LR_8_features,8,8,African-American,Male,25 - 45,1,0
1956,LR_8_features,8,8,Hispanic,Male,25 - 45,1,0
1957,LR_8_features,8,8,Caucasian,Male,25 - 45,0,0
1967,LR_8_features,8,8,African-American,Female,25 - 45,0,0
1971,LR_8_features,8,8,African-American,Male,25 - 45,0,0
2020,LR_8_features,8,8,Hispanic,Male,25 - 45,0,1
2054,LR_8_features,8,8,Caucasian,Male,25 - 45,0,0
2064,LR_8_features,8,8,African-American,Male,Greater than 45,1,0
2074,LR_8_features,8,8,Other,Male,Greater than 45,0,0
2079,LR_8_features,8,8,African-American,Male,25 - 45,0,0
2096,LR_8_features,8,8,Caucasian,Male,Greater than 45,1,1
2099,LR_8_features,8,8,African-American,Female,25 - 45,0,0
2101,LR_8_features,8,8,Caucasian,Male,25 - 45,1,1
2121,LR_8_features,8,8,African-American,Female,25 - 45,0,1
2130,LR_8_features,8,8,Caucasian,Male,Greater than 45,1,0
2143,LR_8_features,8,8,Caucasian,Female,25 - 45,1,0
2156,LR_8_features,8,8,Caucasian,Male,Greater than 45,1,0
2170,LR_8_features,8,8,African-American,Male,Less than 25,0,1
2205,LR_8_features,8,8,African-American,Female,Less than 25,0,0
2222,LR_8_features,8,8,African-American,Male,Greater than 45,0,0
2306,LR_8_features,8,8,Caucasian,Male,Greater than 45,0,0
2336,LR_8_features,8,8,African-American,Male,Less than 25,1,1
2376,LR_8_features,8,8,African-American,Male,25 - 45,1,1
2399,LR_8_features,8,8,Hispanic,Male,25 - 45,1,0
2410,LR_8_features,8,8,Hispanic,Female,25 - 45,0,0
2444,LR_8_features,8,8,African-American,Male,Greater than 45,0,0
2454,LR_8_features,8,8,Other,Male,25 - 45,0,0
2484,LR_8_features,8,8,Caucasian,Male,Greater than 45,0,0
2487,LR_8_features,8,8,African-American,Male,25 - 45,1,0
2503,LR_8_features,8,8,African-American,Female,25 - 45,1,1
2521,LR_8_features,8,8,African-American,Female,Less than 25,0,0
2529,LR_8_features,8,8,African-American,Male,25 - 45,1,0
2546,LR_8_features,8,8,African-American,Male,Greater than 45,0,0
2549,LR_8_features,8,8,African-American,Male,Greater than 45,0,0
2562,LR_8_features,8,8,Hispanic,Male,25 - 45,0,1
2575,LR_8_features,8,8,Caucasian,Female,25 - 45,1,0
2589,LR_8_features,8,8,Hispanic,Female,25 - 45,0,0
2610,LR_8_features,8,8,African-American,Male,Greater than 45,0,0
2614,LR_8_features,8,8,Caucasian,Male,25 - 45,0,1
2633,LR_8_features,8,8,African-American,Male,Greater than 45,1,1
2639,LR_8_features,8,8,African-American,Male,25 - 45,0,0
2641,LR_8_features,8,8,Other,Male,25 - 45,0,0
2668,LR_8_features,8,8,Caucasian,Female,25 - 45,0,0
2673,LR_8_features,8,8,African-American,Male,Less than 25,0,1
2678,LR_8_features,8,8,African-American,Male,Less than 25,0,0
2680,LR_8_features,8,8,African-American,Male,25 - 45,0,0
2692,LR_8_features,8,8,Hispanic,Male,25 - 45,1,0
2718,LR_8_features,8,8,African-American,Female,25 - 45,1,0
2732,LR_8_features,8,8,African-American,Male,Greater than 45,1,1
2749,LR_8_features,8,8,African-American,Male,25 - 45,0,1
2752,LR_8_features,8,8,Caucasian,Male,Greater than 45,0,0
2759,LR_8_features,8,8,Caucasian,Male,25 - 45,0,1
2765,LR_8_features,8,8,African-American,Female,25 - 45,0,0
2772,LR_8_features,8,8,African-American,Male,Less than 25,1,1
2775,LR_8_features,8,8,Caucasian,Male,25 - 45,1,1
2776,LR_8_features,8,8,Caucasian,Male,25 - 45,0,1
2792,LR_8_features,8,8,African-American,Male,25 - 45,0,1
2837,LR_8_features,8,8,African-American,Female,Greater than 45,0,0
2845,LR_8_features,8,8,Caucasian,Male,Greater than 45,1,1
2854,LR_8_features,8,8,African-American,Male,25 - 45,1,1
2867,LR_8_features,8,8,Caucasian,Male,25 - 45,0,0
2879,LR_8_features,8,8,Caucasian,Male,25 - 45,0,0
2934,LR_8_features,8,8,African-American,Male,25 - 45,1,1
2938,LR_8_features,8,8,African-American,Male,25 - 45,0,0
2990,LR_8_features,8,8,Caucasian,Male,Greater than 45,0,0
2993,LR_8_features,8,8,Hispanic,Male,Less than 25,1,1
2998,LR_8_features,8,8,Hispanic,Female,Less than 25,0,0
3010,LR_8_features,8,8,Caucasian,Male,Greater than 45,0,0
3031,LR_8_features,8,8,Caucasian,Male,25 - 45,1,1
3036,LR_8_features,8,8,African-American,Female,25 - 45,0,0
3042,LR_8_features,8,8,African-American,Female,25 - 45,0,0
3064,LR_8_features,8,8,Caucasian,Male,25 - 45,0,0
3081,LR_8_features,8,8,African-American,Male,25 - 45,0,1
3093,LR_8_features,8,8,Caucasian,Female,Less than 25,0,0
3158,LR_8_features,8,8,African-American,Male,25 - 45,0,1
3162,LR_8_features,8,8,Caucasian,Male,25 - 45,1,1
3206,LR_8_features,8,8,African-American,Male,25 - 45,0,1
3209,LR_8_features,8,8,African-American,Male,Less than 25,0,1
3214,LR_8_features,8,8,Hispanic,Female,25 - 45,1,0
3237,LR_8_features,8,8,Caucasian,Male,25 - 45,0,0
3255,LR_8_features,8,8,African-American,Male,Greater than 45,0,0
3278,LR_8_features,8,8,African-American,Male,25 - 45,1,1
3293,LR_8_features,8,8,Caucasian,Female,25 - 45,0,0
3310,LR_8_features,8,8,Hispanic,Male,25 - 45,0,0
3329,LR_8_features,8,8,Caucasian,Male,25 - 45,1,0
3331,LR_8_features,8,8,African-American,Male,25 - 45,1,1
3375,LR_8_features,8,8,Hispanic,Male,Greater than 45,1,0
3381,LR_8_features,8,8,African-American,Male,25 - 45,1,0
3413,LR_8_features,8,8,Caucasian,Male,25 - 45,1,0
3422,LR_8_features,8,8,Caucasian,Male,25 - 45,1,0
3437,LR_8_features,8,8,Caucasian,Female,Less than 25,0,0
3489,LR_8_features,8,8,African-American,Female,Less than 25,0,0
3517,LR_8_features,8,8,Hispanic,Male,Greater than 45,1,0
3521,LR_8_features,8,8,African-American,Male,Less than 25,1,1
3539,LR_8_features,8,8,African-American,Male,25 - 45,0,0
3540,LR_8_features,8,8,Caucasian,Male,Less than 25,0,0
3543,LR_8_features,8,8,Caucasian,Female,25 - 45,1,0
3564,LR_8_features,8,8,African-American,Male,25 - 45,1,1
3596,LR_8_features,8,8,Caucasian,Male,Greater than 45,0,0
3642,LR_8_features,8,8,African-American,Male,25 - 45,1,0
3658,LR_8_features,8,8,Other,Male,Greater than 45,0,0
3698,LR_8_features,8,8,Caucasian,Male,Greater than 45,0,0
3702,LR_8_features,8,8,Caucasian,Male,Greater than 45,1,0
3745,LR_8_features,8,8,Caucasian,Male,25 - 45,1,1
3751,LR_8_features,8,8,African-American,Male,25 - 45,1,1
3772,LR_8_features,8,8,Caucasian,Male,Less than 25,1,1
3794,LR_8_features,8,8,African-American,Male,Greater than 45,1,0
3831,LR_8_features,8,8,Caucasian,Male,Less than 25,1,0
3842,LR_8_features,8,8,Hispanic,Male,25 - 45,0,0
3853,LR_8_features,8,8,African-American,Male,25 - 45,0,0
3860,LR_8_features,8,8,Caucasian,Male,Greater than 45,0,0
3863,LR_8_features,8,8,Caucasian,Male,25 - 45,0,0
3870,LR_8_features,8,8,African-American,Male,25 - 45,1,1
3879,LR_8_features,8,8,Caucasian,Male,25 - 45,0,0
3917,LR_8_features,8,8,African-American,Male,Less than 25,0,1
3925,LR_8_features,8,8,African-American,Male,Less than 25,1,1
3936,LR_8_features,8,8,African-American,Male,25 - 45,1,0
3974,LR_8_features,8,8,African-American,Male,25 - 45,0,1
3975,LR_8_features,8,8,Caucasian,Male,25 - 45,0,0
3987,LR_8_features,8,8,Caucasian,Male,25 - 45,1,1
4000,LR_8_features,8,8,African-American,Male,25 - 45,1,1
4045,LR_8_features,8,8,Caucasian,Female,Greater than 45,1,0
4054,LR_8_features,8,8,African-American,Male,Less than 25,0,1
4076,LR_8_features,8,8,African-American,Male,25 - 45,0,1
4117,LR_8_features,8,8,Caucasian,Female,Greater than 45,0,0
4162,LR_8_features,8,8,African-American,Male,25 - 45,1,1
4164,LR_8_features,8,8,Caucasian,Female,25 - 45,0,0
4185,LR_8_features,8,8,Other,Male,Less than 25,1,0
4219,LR_8_features,8,8,African-American,Male,25 - 45,0,0
4229,LR_8_features,8,8,Caucasian,Male,Less than 25,1,1
4303,LR_8_features,8,8,African-American,Male,25 - 45,0,1
4310,LR_8_features,8,8,Caucasian,Male,Less than 25,1,1
4317,LR_8_features,8,8,African-American,Male,25 - 45,0,0
4320,LR_8_features,8,8,African-American,Male,25 - 45,0,1
4357,LR_8_features,8,8,African-American,Male,25 - 45,1,0
4367,LR_8_features,8,8,African-American,Female,25 - 45,1,0
4371,LR_8_features,8,8,Caucasian,Male,Greater than 45,0,0
4407,LR_8_features,8,8,Caucasian,Male,Greater than 45,1,0
4419,LR_8_features,8,8,Caucasian,Female,Less than 25,0,0
4425,LR_8_features,8,8,Other,Male,25 - 45,0,0
4450,LR_8_features,8,8,African-American,Male,Less than 25,0,1
4479,LR_8_features,8,8,African-American,Male,25 - 45,0,0
4516,LR_8_features,8,8,Caucasian,Male,Greater than 45,1,0
4524,LR_8_features,8,8,Caucasian,Male,Less than 25,0,1
4536,LR_8_features,8,8,Caucasian,Female,25 - 45,0,0
4596,LR_8_features,8,8,African-American,Male,Greater than 45,1,0
4604,LR_8_features,8,8,Hispanic,Male,Greater than 45,0,0
4612,LR_8_features,8,8,Caucasian,Male,25 - 45,1,1
4634,LR_8_features,8,8,Caucasian,Male,25 - 45,1,0
4637,LR_8_features,8,8,African-American,Male,25 - 45,1,0
4639,LR_8_features,8,8,Hispanic,Female,25 - 45,1,1
4641,LR_8_features,8,8,Caucasian,Female,25 - 45,0,0
4672,LR_8_features,8,8,Caucasian,Male,Greater than 45,1,1
4680,LR_8_features,8,8,Hispanic,Male,25 - 45,0,0
4682,LR_8_features,8,8,Caucasian,Male,25 - 45,0,0
4684,LR_8_features,8,8,Caucasian,Male,25 - 45,1,0
4724,LR_8_features,8,8,African-American,Female,Greater than 45,1,0
4731,LR_8_features,8,8,African-American,Male,Less than 25,1,1
4763,LR_8_features,8,8,Caucasian,Male,Less than 25,0,1
4767,LR_8_features,8,8,Caucasian,Male,25 - 45,0,0
4787,LR_8_features,8,8,African-American,Male,25 - 45,0,0
4796,LR_8_features,8,8,Other,Male,Less than 25,0,1
4800,LR_8_features,8,8,African-American,Female,25 - 45,1,1
4835,LR_8_features,8,8,African-American,Male,25 - 45,0,0
4839,LR_8_features,8,8,African-American,Male,25 - 45,0,1
4853,LR_8_features,8,8,Caucasian,Female,Greater than 45,1,0
4870,LR_8_features,8,8,Caucasian,Male,Less than 25,0,0
4877,LR_8_features,8,8,Caucasian,Male,Less than 25,1,1
4927,LR_8_features,8,8,African-American,Female,25 - 45,1,1
4935,LR_8_features,8,8,African-American,Male,25 - 45,0,1
4944,LR_8_features,8,8,African-American,Male,Less than 25,1,1
4958,LR_8_features,8,8,Caucasian,Male,Less than 25,1,0
4964,LR_8_features,8,8,African-American,Male,25 - 45,1,0
4977,LR_8_features,8,8,Caucasian,Male,25 - 45,1,1
4993,LR_8_features,8,8,Hispanic,Male,Greater than 45,0,0
4994,LR_8_features,8,8,Caucasian,Male,25 - 45,1,0
4996,LR_8_features,8,8,Caucasian,Male,25 - 45,0,0
5033,LR_8_features,8,8,African-American,Male,25 - 45,0,0
5047,LR_8_features,8,8,African-American,Male,25 - 45,0,0
5061,LR_8_features,8,8,African-American,Female,Less than 25,1,0
5074,LR_8_features,8,8,African-American,Male,25 - 45,1,0
5100,LR_8_features,8,8,Caucasian,Female,25 - 45,1,0
5113,LR_8_features,8,8,African-American,Male,Less than 25,1,1
5126,LR_8_features,8,8,African-American,Male,25 - 45,0,1
5130,LR_8_features,8,8,African-American,Male,25 - 45,0,0
5141,LR_8_features,8,8,African-American,Male,Greater than 45,1,0
5158,LR_8_features,8,8,African-American,Male,Greater than 45,0,0
5171,LR_8_features,8,8,Caucasian,Male,25 - 45,0,0
5189,LR_8_features,8,8,Caucasian,Female,25 - 45,0,0
5193,LR_8_features,8,8,African-American,Female,25 - 45,1,0
5203,LR_8_features,8,8,African-American,Male,Less than 25,1,1
5204,LR_8_features,8,8,African-American,Female,25 - 45,0,1
5219,LR_8_features,8,8,Caucasian,Female,Greater than 45,1,0
5259,LR_8_features,8,8,Hispanic,Male,Greater than 45,1,0
5312,LR_8_features,8,8,Caucasian,Male,25 - 45,1,1
5314,LR_8_features,8,8,African-American,Male,25 - 45,0,1
5347,LR_8_features,8,8,African-American,Male,25 - 45,0,0
5420,LR_8_features,8,8,African-American,Male,Less than 25,1,1
5428,LR_8_features,8,8,Caucasian,Male,25 - 45,1,1
5446,LR_8_features,8,8,African-American,Male,Greater than 45,0,0
5449,LR_8_features,8,8,Caucasian,Male,25 - 45,0,0
5458,LR_8_features,8,8,African-American,Male,Less than 25,1,1
5461,LR_8_features,8,8,African-American,Male,25 - 45,0,0
5463,LR_8_features,8,8,African-American,Male,Less than 25,1,1
5474,LR_8_features,8,8,African-American,Male,25 - 45,0,1
5484,LR_8_features,8,8,Caucasian,Male,Greater than 45,0,0
5525,LR_8_features,8,8,Caucasian,Male,25 - 45,1,1
5545,LR_8_features,8,8,Caucasian,Male,25 - 45,1,1
5557,LR_8_features,8,8,African-American,Male,Greater than 45,1,0
5596,LR_8_features,8,8,Caucasian,Male,25 - 45,0,0
5607,LR_8_features,8,8,Caucasian,Male,25 - 45,0,0
5611,LR_8_features,8,8,Other,Male,25 - 45,1,0
5660,LR_8_features,8,8,Caucasian,Male,25 - 45,0,0
5698,LR_8_features,8,8,Hispanic,Male,25 - 45,0,0
5701,LR_8_features,8,8,Hispanic,Male,Less than 25,1,0
5725,LR_8_features,8,8,African-American,Male,Less than 25,1,1
5729,LR_8_features,8,8,Caucasian,Male,Less than 25,1,1
5742,LR_8_features,8,8,African-American,Male,25 - 45,0,0
5756,LR_8_features,8,8,African-American,Male,25 - 45,0,1
5757,LR_8_features,8,8,African-American,Male,25 - 45,0,0
5760,LR_8_features,8,8,Caucasian,Male,25 - 45,0,0
5797,LR_8_features,8,8,Hispanic,Male,Greater than 45,0,1
5821,LR_8_features,8,8,Caucasian,Male,25 - 45,0,0
5833,LR_8_features,8,8,Caucasian,Male,Greater than 45,0,0
5873,LR_8_features,8,8,African-American,Male,25 - 45,1,1
5929,LR_8_features,8,8,Caucasian,Male,25 - 45,1,1
5947,LR_8_features,8,8,Caucasian,Male,25 - 45,0,0
5975,LR_8_features,8,8,Caucasian,Male,Greater than 45,0,0
5976,LR_8_features,8,8,Caucasian,Male,25 - 45,1,0
5984,LR_8_features,8,8,African-American,Male,25 - 45,0,0
5988,LR_8_features,8,8,Caucasian,Female,Less than 25,0,0
5989,LR_8_features,8,8,Caucasian,Female,25 - 45,0,0
6064,LR_8_features,8,8,Caucasian,Female,25 - 45,0,0
6073,LR_8_features,8,8,Caucasian,Male,25 - 45,0,0
6089,LR_8_features,8,8,African-American,Male,25 - 45,1,1
6095,LR_8_features,8,8,African-American,Male,25 - 45,1,1
6109,LR_8_features,8,8,Caucasian,Male,Less than 25,0,1
6133,LR_8_features,8,8,Caucasian,Male,Greater than 45,0,0
6146,LR_8_features,8,8,African-American,Male,25 - 45,0,0
6148,LR_8_features,8,8,African-American,Female,25 - 45,0,0
6153,LR_8_features,8,8,African-American,Male,25 - 45,0,0
6192,LR_8_features,8,8,Caucasian,Male,Greater than 45,0,1
6215,LR_8_features,8,8,Other,Female,Less than 25,0,0
6216,LR_8_features,8,8,African-American,Male,Less than 25,1,1
6286,LR_8_features,8,8,African-American,Male,Less than 25,1,1
6300,LR_8_features,8,8,African-American,Male,25 - 45,0,0
6332,LR_8_features,8,8,African-American,Male,Greater than 45,1,0
6354,LR_8_features,8,8,Caucasian,Female,Greater than 45,1,0
6356,LR_8_features,8,8,Hispanic,Male,25 - 45,1,0
6368,LR_8_features,8,8,African-American,Male,25 - 45,1,1
6371,LR_8_features,8,8,African-American,Male,25 - 45,1,1
6382,LR_8_features,8,8,African-American,Male,25 - 45,0,1
6401,LR_8_features,8,8,Caucasian,Male,Greater than 45,0,0
6426,LR_8_features,8,8,Other,Male,25 - 45,1,1
6430,LR_8_features,8,8,African-American,Male,Greater than 45,0,0
6469,LR_8_features,8,8,Other,Male,Less than 25,1,0
6496,LR_8_features,8,8,Caucasian,Male,Less than 25,0,0
6503,LR_8_features,8,8,Hispanic,Male,25 - 45,1,0
6520,LR_8_features,8,8,African-American,Female,25 - 45,0,0
6521,LR_8_features,8,8,Caucasian,Female,25 - 45,1,1
6560,LR_8_features,8,8,African-American,Female,Greater than 45,0,0
6587,LR_8_features,8,8,African-American,Male,Less than 25,1,1
6626,LR_8_features,8,8,African-American,Male,25 - 45,0,0
6636,LR_8_features,8,8,Caucasian,Male,Less than 25,0,0
6638,LR_8_features,8,8,African-American,Male,Less than 25,1,1
6672,LR_8_features,8,8,African-American,Male,Less than 25,1,1
6692,LR_8_features,8,8,Caucasian,Male,25 - 45,0,0
6739,LR_8_features,8,8,African-American,Male,Greater than 45,1,0
6759,LR_8_features,8,8,African-American,Male,25 - 45,1,1
6760,LR_8_features,8,8,African-American,Male,25 - 45,0,0
6771,LR_8_features,8,8,African-American,Male,Greater than 45,0,0
6774,LR_8_features,8,8,Hispanic,Male,25 - 45,0,0
6781,LR_8_features,8,8,Caucasian,Male,Greater than 45,0,0
6800,LR_8_features,8,8,African-American,Male,Less than 25,0,1
6801,LR_8_features,8,8,Caucasian,Male,25 - 45,0,0
6811,LR_8_features,8,8,African-American,Male,Less than 25,1,1
6828,LR_8_features,8,8,Caucasian,Male,25 - 45,0,1
6830,LR_8_features,8,8,Caucasian,Female,Less than 25,1,1
6855,LR_8_features,8,8,Caucasian,Male,25 - 45,1,0
6858,LR_8_features,8,8,Caucasian,Male,Greater than 45,0,0
6870,LR_8_features,8,8,Caucasian,Male,25 - 45,0,1
6886,LR_8_features,8,8,African-American,Male,Greater than 45,1,1
6901,LR_8_features,8,8,African-American,Female,Less than 25,0,0
6920,LR_8_features,8,8,African-American,Male,25 - 45,0,1
6939,LR_8_features,8,8,Caucasian,Male,Greater than 45,0,0
6943,LR_8_features,8,8,African-American,Female,Less than 25,1,1
6944,LR_8_features,8,8,Caucasian,Female,25 - 45,0,0
6957,LR_8_features,8,8,African-American,Male,25 - 45,1,1
7022,LR_8_features,8,8,African-American,Male,25 - 45,1,0
7024,LR_8_features,8,8,Caucasian,Male,25 - 45,0,0
7051,LR_8_features,8,8,African-American,Male,Greater than 45,0,0
7077,LR_8_features,8,8,African-American,Male,25 - 45,1,1
7100,LR_8_features,8,8,African-American,Male,25 - 45,1,1
7120,LR_8_features,8,8,Caucasian,Male,Greater than 45,1,0
7158,LR_8_features,8,8,Caucasian,Male,25 - 45,1,1
7163,LR_8_features,8,8,African-American,Male,25 - 45,1,1
7176,LR_8_features,8,8,Caucasian,Male,25 - 45,0,0
7184,LR_8_features,8,8,African-American,Male,25 - 45,1,1
7197,LR_8_features,8,8,Caucasian,Male,25 - 45,0,0
7210,LR_8_features,8,8,African-American,Male,25 - 45,0,0
7225,LR_8_features,8,8,African-American,Male,25 - 45,1,1
7226,LR_8_features,8,8,Caucasian,Male,25 - 45,1,0
7247,LR_8_features,8,8,African-American,Female,Less than 25,1,0
7259,LR_8_features,8,8,Caucasian,Male,25 - 45,0,1
7276,LR_8_features,8,8,Caucasian,Male,Greater than 45,0,0
7285,LR_8_features,8,8,African-American,Male,Less than 25,1,1
7298,LR_8_features,8,8,African-American,Female,25 - 45,0,0
7302,LR_8_features,8,8,African-American,Male,25 - 45,1,1
7310,LR_8_features,8,8,Caucasian,Male,25 - 45,0,1
7319,LR_8_features,8,8,Caucasian,Male,25 - 45,1,0
7322,LR_8_features,8,8,Other,Male,Less than 25,1,0
7348,LR_8_features,8,8,African-American,Male,25 - 45,0,0
7370,LR_8_features,8,8,African-American,Male,Greater than 45,0,0
7383,LR_8_features,8,8,Caucasian,Male,Less than 25,1,1
7387,LR_8_features,8,8,Caucasian,Male,25 - 45,0,1
7412,LR_8_features,8,8,Caucasian,Male,25 - 45,1,0
7422,LR_8_features,8,8,African-American,Male,Less than 25,0,1
7426,LR_8_features,8,8,African-American,Male,25 - 45,0,1
7429,LR_8_features,8,8,Caucasian,Male,Less than 25,1,0
7435,LR_8_features,8,8,African-American,Female,25 - 45,0,0
7459,LR_8_features,8,8,African-American,Male,25 - 45,1,1
7479,LR_8_features,8,8,Caucasian,Male,Less than 25,0,0
7502,LR_8_features,8,8,Caucasian,Male,25 - 45,1,1
7524,LR_8_features,8,8,Hispanic,Female,25 - 45,0,0
7530,LR_8_features,8,8,African-American,Female,25 - 45,0,1
7540,LR_8_features,8,8,African-American,Male,25 - 45,1,1
7541,LR_8_features,8,8,Caucasian,Male,Greater than 45,0,0
7570,LR_8_features,8,8,African-American,Male,25 - 45,0,0
7586,LR_8_features,8,8,Other,Male,25 - 45,0,0
7634,LR_8_features,8,8,African-American,Male,25 - 45,0,0
7675,LR_8_features,8,8,Caucasian,Male,Less than 25,1,1
7685,LR_8_features,8,8,Other,Female,25 - 45,0,0
7703,LR_8_features,8,8,African-American,Male,25 - 45,1,1
7704,LR_8_features,8,8,African-American,Male,25 - 45,0,0
7707,LR_8_features,8,8,Hispanic,Male,Less than 25,1,0
7712,LR_8_features,8,8,African-American,Male,Less than 25,0,0
7723,LR_8_features,8,8,Hispanic,Male,Less than 25,0,0
7725,LR_8_features,8,8,African-American,Male,Greater than 45,0,0
7737,LR_8_features,8,8,Caucasian,Male,Less than 25,0,0
7738,LR_8_features,8,8,Caucasian,Male,25 - 45,0,0
7741,LR_8_features,8,8,African-American,Male,Less than 25,1,1
7756,LR_8_features,8,8,Other,Male,25 - 45,1,1
7794,LR_8_features,8,8,Caucasian,Female,Less than 25,0,0
7851,LR_8_features,8,8,Hispanic,Male,25 - 45,0,0
7856,LR_8_features,8,8,Caucasian,Female,Less than 25,1,0
7902,LR_8_features,8,8,Caucasian,Male,Greater than 45,0,0
7903,LR_8_features,8,8,African-American,Female,Greater than 45,0,0
7904,LR_8_features,8,8,African-American,Female,25 - 45,0,0
7962,LR_8_features,8,8,African-American,Female,25 - 45,0,0
7966,LR_8_features,8,8,African-American,Male,25 - 45,1,1
7969,LR_8_features,8,8,Hispanic,Male,Less than 25,0,0
7986,LR_8_features,8,8,African-American,Female,Less than 25,1,0
8003,LR_8_features,8,8,Caucasian,Male,25 - 45,0,0
8007,LR_8_features,8,8,African-American,Male,25 - 45,0,1
8026,LR_8_features,8,8,African-American,Male,25 - 45,1,0
8032,LR_8_features,8,8,Caucasian,Male,25 - 45,0,0
8094,LR_8_features,8,8,Caucasian,Male,Greater than 45,0,0
8097,LR_8_features,8,8,African-American,Male,25 - 45,1,1
8110,LR_8_features,8,8,Caucasian,Female,Less than 25,0,0
8118,LR_8_features,8,8,African-American,Male,25 - 45,0,0
8133,LR_8_features,8,8,African-American,Male,25 - 45,1,0
8136,LR_8_features,8,8,Caucasian,Male,Greater than 45,1,0
8141,LR_8_features,8,8,Caucasian,Male,Less than 25,0,0
8142,LR_8_features,8,8,African-American,Male,Less than 25,1,1
8145,LR_8_features,8,8,African-American,Male,Less than 25,1,0
8195,LR_8_features,8,8,African-American,Male,25 - 45,0,1
8196,LR_8_features,8,8,Caucasian,Male,Greater than 45,1,0
8215,LR_8_features,8,8,Asian,Male,Greater than 45,0,0
8232,LR_8_features,8,8,African-American,Female,25 - 45,1,1
8245,LR_8_features,8,8,Caucasian,Female,25 - 45,0,0
8264,LR_8_features,8,8,African-American,Male,25 - 45,1,0
8294,LR_8_features,8,8,Caucasian,Female,Greater than 45,0,0
8325,LR_8_features,8,8,African-American,Male,Less than 25,1,1
8340,LR_8_features,8,8,Caucasian,Male,Greater than 45,0,0
8359,LR_8_features,8,8,Caucasian,Male,Greater than 45,1,0
8373,LR_8_features,8,8,Caucasian,Male,Greater than 45,0,0
8380,LR_8_features,8,8,Caucasian,Female,25 - 45,1,0
8396,LR_8_features,8,8,African-American,Male,25 - 45,1,1
8408,LR_8_features,8,8,Caucasian,Male,25 - 45,0,0
8437,LR_8_features,8,8,African-American,Male,25 - 45,0,1
8440,LR_8_features,8,8,Caucasian,Male,25 - 45,0,1
8453,LR_8_features,8,8,Hispanic,Male,Less than 25,1,0
8461,LR_8_features,8,8,Hispanic,Male,Less than 25,1,1
8484,LR_8_features,8,8,Caucasian,Male,Less than 25,1,0
8526,LR_8_features,8,8,African-American,Female,25 - 45,0,0
8642,LR_8_features,8,8,Caucasian,Male,Greater than 45,0,0
8668,LR_8_features,8,8,Caucasian,Female,25 - 45,0,0
8674,LR_8_features,8,8,African-American,Male,25 - 45,0,0
8702,LR_8_features,8,8,Caucasian,Male,25 - 45,1,1
8748,LR_8_features,8,8,Caucasian,Male,Greater than 45,1,0
8794,LR_8_features,8,8,Caucasian,Female,25 - 45,0,0
8798,LR_8_features,8,8,Hispanic,Male,25 - 45,0,0
8814,LR_8_features,8,8,African-American,Female,25 - 45,0,0
8847,LR_8_features,8,8,African-American,Female,25 - 45,1,0
8859,LR_8_features,8,8,African-American,Female,25 - 45,1,0
8873,LR_8_features,8,8,African-American,Male,25 - 45,1,1
8890,LR_8_features,8,8,African-American,Male,25 - 45,0,0
8908,LR_8_features,8,8,African-American,Male,25 - 45,0,0
8926,LR_8_features,8,8,African-American,Male,Less than 25,1,1
8940,LR_8_features,8,8,Other,Male,Greater than 45,0,0
8942,LR_8_features,8,8,Caucasian,Male,Less than 25,1,1
8945,LR_8_features,8,8,African-American,Male,Less than 25,0,1
8976,LR_8_features,8,8,Caucasian,Female,25 - 45,0,0
8996,LR_8_features,8,8,African-American,Male,Less than 25,0,1
9028,LR_8_features,8,8,African-American,Male,25 - 45,0,0
9033,LR_8_features,8,8,Other,Male,Less than 25,0,0
9056,LR_8_features,8,8,African-American,Male,Greater than 45,1,0
9061,LR_8_features,8,8,African-American,Male,Less than 25,1,1
9064,LR_8_features,8,8,African-American,Male,25 - 45,1,1
9115,LR_8_features,8,8,Caucasian,Male,Greater than 45,1,0
9133,LR_8_features,8,8,Caucasian,Female,25 - 45,0,0
9147,LR_8_features,8,8,Other,Male,25 - 45,1,0
9150,LR_8_features,8,8,Caucasian,Male,Less than 25,1,1
9157,LR_8_features,8,8,African-American,Male,25 - 45,1,1
9180,LR_8_features,8,8,African-American,Male,Less than 25,0,1
9210,LR_8_features,8,8,Hispanic,Male,Less than 25,1,1
9212,LR_8_features,8,8,Caucasian,Male,Greater than 45,0,0
9216,LR_8_features,8,8,Caucasian,Male,Greater than 45,0,0
9226,LR_8_features,8,8,Caucasian,Male,25 - 45,1,0
9241,LR_8_features,8,8,Caucasian,Male,25 - 45,0,0
9268,LR_8_features,8,8,Caucasian,Male,25 - 45,1,0
9277,LR_8_features,8,8,African-American,Female,25 - 45,0,0
9297,LR_8_features,8,8,African-American,Male,Greater than 45,0,0
9298,LR_8_features,8,8,Hispanic,Male,25 - 45,0,0
9303,LR_8_features,8,8,African-American,Male,25 - 45,0,0
9324,LR_8_features,8,8,Caucasian,Female,25 - 45,1,0
9326,LR_8_features,8,8,Caucasian,Male,25 - 45,1,0
9335,LR_8_features,8,8,African-American,Male,Greater than 45,1,0
9344,LR_8_features,8,8,African-American,Male,Greater than 45,1,0
9378,LR_8_features,8,8,Caucasian,Female,25 - 45,1,0
9405,LR_8_features,8,8,African-American,Female,25 - 45,1,1
9439,LR_8_features,8,8,African-American,Male,25 - 45,1,1
9441,LR_8_features,8,8,African-American,Male,25 - 45,1,1
9452,LR_8_features,8,8,African-American,Male,25 - 45,1,1
9518,LR_8_features,8,8,Caucasian,Female,25 - 45,0,0
9532,LR_8_features,8,8,African-American,Male,Less than 25,1,1
9547,LR_8_features,8,8,Caucasian,Male,25 - 45,0,0
9548,LR_8_features,8,8,Caucasian,Female,Greater than 45,0,0
9560,LR_8_features,8,8,Caucasian,Female,Less than 25,1,1
9581,LR_8_features,8,8,African-American,Female,Less than 25,0,0
9597,LR_8_features,8,8,Caucasian,Male,Less than 25,0,0
9600,LR_8_features,8,8,Caucasian,Male,25 - 45,1,1
9608,LR_8_features,8,8,Caucasian,Female,Less than 25,0,0
9613,LR_8_features,8,8,Caucasian,Male,Greater than 45,1,0
9632,LR_8_features,8,8,Caucasian,Male,Greater than 45,0,0
9654,LR_8_features,8,8,African-American,Male,Greater than 45,1,0
9659,LR_8_features,8,8,African-American,Male,25 - 45,0,0
9731,LR_8_features,8,8,African-American,Female,Less than 25,0,0
9750,LR_8_features,8,8,African-American,Male,Less than 25,0,0
9755,LR_8_features,8,8,African-American,Male,25 - 45,1,1
9759,LR_8_features,8,8,Caucasian,Male,Greater than 45,0,0
9790,LR_8_features,8,8,African-American,Male,25 - 45,1,1
9817,LR_8_features,8,8,African-American,Male,25 - 45,1,1
9822,LR_8_features,8,8,Caucasian,Male,25 - 45,1,1
9830,LR_8_features,8,8,Caucasian,Male,Greater than 45,0,0
9905,LR_8_features,8,8,Caucasian,Male,Less than 25,1,1
9933,LR_8_features,8,8,African-American,Male,25 - 45,1,1
9940,LR_8_features,8,8,African-American,Female,25 - 45,1,1
9945,LR_8_features,8,8,Caucasian,Male,Less than 25,1,0
9960,LR_8_features,8,8,African-American,Female,25 - 45,0,0
10022,LR_8_features,8,8,African-American,Male,25 - 45,1,1
10025,LR_8_features,8,8,African-American,Male,Less than 25,1,1
10066,LR_8_features,8,8,African-American,Male,Greater than 45,0,0
10091,LR_8_features,8,8,African-American,Male,25 - 45,1,1
10095,LR_8_features,8,8,African-American,Male,25 - 45,0,1
10118,LR_8_features,8,8,Hispanic,Male,Greater than 45,0,0
10127,LR_8_features,8,8,Caucasian,Male,Greater than 45,0,0
10181,LR_8_features,8,8,African-American,Male,25 - 45,0,0
10188,LR_8_features,8,8,Caucasian,Male,25 - 45,1,0
10194,LR_8_features,8,8,African-American,Male,Less than 25,1,1
10196,LR_8_features,8,8,Caucasian,Male,25 - 45,0,1
10218,LR_8_features,8,8,African-American,Male,Less than 25,1,0
10226,LR_8_features,8,8,African-American,Male,25 - 45,1,1
10234,LR_8_features,8,8,African-American,Male,25 - 45,1,1
10261,LR_8_features,8,8,African-American,Male,25 - 45,0,1
10300,LR_8_features,8,8,Caucasian,Male,Greater than 45,0,0
10355,LR_8_features,8,8,Other,Male,25 - 45,0,1
10357,LR_8_features,8,8,Caucasian,Male,25 - 45,0,0
10408,LR_8_features,8,8,Hispanic,Male,25 - 45,0,0
10412,LR_8_features,8,8,Caucasian,Male,Greater than 45,0,0
10424,LR_8_features,8,8,African-American,Male,Greater than 45,0,0
10439,LR_8_features,8,8,African-American,Male,Less than 25,0,1
10451,LR_8_features,8,8,African-American,Female,25 - 45,1,1
10493,LR_8_features,8,8,Other,Male,Greater than 45,0,0
10502,LR_8_features,8,8,Caucasian,Male,25 - 45,0,0
10520,LR_8_features,8,8,African-American,Female,Less than 25,1,0
10523,LR_8_features,8,8,Other,Male,25 - 45,1,1
10530,LR_8_features,8,8,African-American,Female,25 - 45,0,0
10555,LR_8_features,8,8,African-American,Male,25 - 45,1,1
10558,LR_8_features,8,8,African-American,Male,25 - 45,1,1
10571,LR_8_features,8,8,Caucasian,Male,Less than 25,1,1
10584,LR_8_features,8,8,Caucasian,Male,25 - 45,1,1
10594,LR_8_features,8,8,Hispanic,Female,25 - 45,0,0
10614,LR_8_features,8,8,African-American,Male,25 - 45,1,1
10623,LR_8_features,8,8,Other,Male,Greater than 45,1,1
10636,LR_8_features,8,8,Caucasian,Male,Less than 25,0,0
10671,LR_8_features,8,8,African-American,Male,25 - 45,1,1
10677,LR_8_features,8,8,African-American,Male,25 - 45,1,1
10735,LR_8_features,8,8,African-American,Male,Greater than 45,0,0
10750,LR_8_features,8,8,Caucasian,Female,Greater than 45,0,0
10779,LR_8_features,8,8,Caucasian,Male,Greater than 45,0,0
10799,LR_8_features,8,8,African-American,Female,Less than 25,1,0
10803,LR_8_features,8,8,Caucasian,Male,25 - 45,0,1
10807,LR_8_features,8,8,Caucasian,Male,25 - 45,1,1
10837,LR_8_features,8,8,African-American,Male,Greater than 45,0,1
10854,LR_8_features,8,8,Other,Male,25 - 45,0,0
10863,LR_8_features,8,8,African-American,Male,25 - 45,1,1
10921,LR_8_features,8,8,African-American,Male,25 - 45,0,1
10925,LR_8_features,8,8,Caucasian,Male,25 - 45,1,1
10930,LR_8_features,8,8,African-American,Male,25 - 45,1,1
10936,LR_8_features,8,8,African-American,Male,Less than 25,1,1
10951,LR_8_features,8,8,Hispanic,Male,Less than 25,0,0
10956,LR_8_features,8,8,Caucasian,Female,Greater than 45,0,0
10969,LR_8_features,8,8,African-American,Male,Less than 25,1,1
10992,LR_8_features,8,8,Caucasian,Male,Less than 25,1,0
10,LR_8_features,8,9,Caucasian,Female,25 - 45,0,0
15,LR_8_features,8,9,African-American,Male,Less than 25,1,1
72,LR_8_features,8,9,Other,Female,25 - 45,0,0
137,LR_8_features,8,9,African-American,Male,25 - 45,1,1
148,LR_8_features,8,9,Caucasian,Female,Greater than 45,0,0
154,LR_8_features,8,9,Caucasian,Female,25 - 45,1,0
216,LR_8_features,8,9,Caucasian,Male,Greater than 45,1,0
224,LR_8_features,8,9,African-American,Male,25 - 45,1,1
232,LR_8_features,8,9,Caucasian,Female,25 - 45,0,0
243,LR_8_features,8,9,Caucasian,Male,25 - 45,0,0
246,LR_8_features,8,9,Caucasian,Male,Greater than 45,0,0
248,LR_8_features,8,9,African-American,Male,Less than 25,0,1
260,LR_8_features,8,9,African-American,Male,Greater than 45,0,0
264,LR_8_features,8,9,Hispanic,Male,25 - 45,1,1
275,LR_8_features,8,9,African-American,Male,Less than 25,1,1
288,LR_8_features,8,9,Caucasian,Male,25 - 45,1,0
301,LR_8_features,8,9,Caucasian,Male,25 - 45,0,0
302,LR_8_features,8,9,African-American,Female,25 - 45,1,1
308,LR_8_features,8,9,African-American,Male,25 - 45,0,0
332,LR_8_features,8,9,African-American,Female,25 - 45,0,0
345,LR_8_features,8,9,Caucasian,Male,Greater than 45,0,0
358,LR_8_features,8,9,Caucasian,Male,25 - 45,1,0
359,LR_8_features,8,9,African-American,Male,25 - 45,0,1
389,LR_8_features,8,9,Other,Male,25 - 45,0,0
400,LR_8_features,8,9,African-American,Female,Less than 25,1,0
402,LR_8_features,8,9,African-American,Female,Greater than 45,0,0
406,LR_8_features,8,9,African-American,Male,25 - 45,1,1
423,LR_8_features,8,9,Caucasian,Male,25 - 45,0,0
431,LR_8_features,8,9,Hispanic,Male,25 - 45,1,0
441,LR_8_features,8,9,Other,Male,Less than 25,0,0
468,LR_8_features,8,9,African-American,Male,25 - 45,0,0
499,LR_8_features,8,9,Caucasian,Male,25 - 45,0,0
505,LR_8_features,8,9,African-American,Male,25 - 45,0,0
510,LR_8_features,8,9,Hispanic,Male,Greater than 45,0,0
602,LR_8_features,8,9,African-American,Male,25 - 45,1,1
637,LR_8_features,8,9,Caucasian,Male,Less than 25,1,1
641,LR_8_features,8,9,Caucasian,Male,25 - 45,1,0
645,LR_8_features,8,9,African-American,Male,Less than 25,0,1
653,LR_8_features,8,9,Caucasian,Male,Less than 25,1,1
681,LR_8_features,8,9,Caucasian,Male,Less than 25,0,0
688,LR_8_features,8,9,African-American,Male,25 - 45,1,1
693,LR_8_features,8,9,Caucasian,Male,Greater than 45,1,0
745,LR_8_features,8,9,Caucasian,Female,25 - 45,0,0
769,LR_8_features,8,9,Caucasian,Male,25 - 45,0,1
789,LR_8_features,8,9,African-American,Male,25 - 45,0,0
815,LR_8_features,8,9,Caucasian,Male,Less than 25,1,0
837,LR_8_features,8,9,Caucasian,Male,Greater than 45,1,0
849,LR_8_features,8,9,African-American,Male,25 - 45,1,0
951,LR_8_features,8,9,African-American,Male,25 - 45,0,0
959,LR_8_features,8,9,African-American,Male,Less than 25,1,1
967,LR_8_features,8,9,African-American,Male,25 - 45,1,1
996,LR_8_features,8,9,African-American,Male,Less than 25,1,1
1005,LR_8_features,8,9,African-American,Male,Greater than 45,1,0
1044,LR_8_features,8,9,African-American,Male,25 - 45,0,0
1051,LR_8_features,8,9,African-American,Male,25 - 45,1,0
1058,LR_8_features,8,9,African-American,Male,25 - 45,0,0
1150,LR_8_features,8,9,African-American,Female,Greater than 45,1,1
1170,LR_8_features,8,9,Other,Male,25 - 45,1,0
1177,LR_8_features,8,9,Caucasian,Male,Greater than 45,0,0
1220,LR_8_features,8,9,African-American,Male,25 - 45,0,0
1221,LR_8_features,8,9,Other,Male,25 - 45,0,0
1225,LR_8_features,8,9,African-American,Male,Less than 25,1,1
1241,LR_8_features,8,9,Caucasian,Male,25 - 45,1,0
1257,LR_8_features,8,9,African-American,Male,Less than 25,1,1
1314,LR_8_features,8,9,African-American,Male,25 - 45,1,1
1331,LR_8_features,8,9,African-American,Male,Less than 25,1,1
1352,LR_8_features,8,9,Caucasian,Male,25 - 45,1,0
1353,LR_8_features,8,9,Caucasian,Male,Greater than 45,1,0
1384,LR_8_features,8,9,Caucasian,Male,Greater than 45,0,0
1393,LR_8_features,8,9,African-American,Male,Greater than 45,1,0
1396,LR_8_features,8,9,African-American,Male,25 - 45,1,1
1411,LR_8_features,8,9,Hispanic,Female,Greater than 45,0,0
1418,LR_8_features,8,9,Hispanic,Male,Greater than 45,0,0
1445,LR_8_features,8,9,African-American,Male,25 - 45,1,1
1446,LR_8_features,8,9,Caucasian,Male,25 - 45,0,0
1474,LR_8_features,8,9,African-American,Female,Less than 25,0,0
1516,LR_8_features,8,9,Hispanic,Male,Greater than 45,1,1
1531,LR_8_features,8,9,Hispanic,Male,Less than 25,1,1
1533,LR_8_features,8,9,African-American,Male,25 - 45,0,0
1557,LR_8_features,8,9,African-American,Female,Greater than 45,0,0
1611,LR_8_features,8,9,African-American,Male,Greater than 45,0,0
1613,LR_8_features,8,9,African-American,Male,25 - 45,0,0
1637,LR_8_features,8,9,African-American,Male,25 - 45,0,0
1652,LR_8_features,8,9,Caucasian,Male,Greater than 45,0,0
1692,LR_8_features,8,9,Caucasian,Male,Greater than 45,0,0
1718,LR_8_features,8,9,African-American,Male,25 - 45,1,1
1727,LR_8_features,8,9,African-American,Female,Greater than 45,0,0
1729,LR_8_features,8,9,African-American,Male,25 - 45,1,0
1771,LR_8_features,8,9,Hispanic,Male,Less than 25,1,0
1783,LR_8_features,8,9,Hispanic,Male,Less than 25,0,0
1800,LR_8_features,8,9,African-American,Male,Greater than 45,0,0
1801,LR_8_features,8,9,African-American,Female,Less than 25,0,0
1816,LR_8_features,8,9,Caucasian,Female,25 - 45,1,1
1822,LR_8_features,8,9,Caucasian,Male,25 - 45,1,0
1888,LR_8_features,8,9,African-American,Male,25 - 45,0,1
1908,LR_8_features,8,9,Caucasian,Male,Less than 25,1,0
1923,LR_8_features,8,9,Caucasian,Male,25 - 45,1,1
1939,LR_8_features,8,9,Caucasian,Male,Less than 25,1,0
1943,LR_8_features,8,9,African-American,Male,Less than 25,1,0
1955,LR_8_features,8,9,Hispanic,Male,Greater than 45,0,0
1976,LR_8_features,8,9,Caucasian,Male,Less than 25,1,1
2002,LR_8_features,8,9,Caucasian,Male,Greater than 45,0,1
2006,LR_8_features,8,9,African-American,Male,Less than 25,1,1
2035,LR_8_features,8,9,African-American,Male,25 - 45,1,0
2098,LR_8_features,8,9,Caucasian,Female,Greater than 45,0,0
2129,LR_8_features,8,9,African-American,Male,Less than 25,0,1
2138,LR_8_features,8,9,African-American,Male,25 - 45,1,1
2140,LR_8_features,8,9,Caucasian,Female,Greater than 45,0,0
2171,LR_8_features,8,9,African-American,Male,Less than 25,0,1
2178,LR_8_features,8,9,African-American,Male,25 - 45,1,1
2186,LR_8_features,8,9,Caucasian,Male,25 - 45,1,0
2209,LR_8_features,8,9,Hispanic,Male,25 - 45,1,1
2217,LR_8_features,8,9,Caucasian,Male,25 - 45,0,0
2223,LR_8_features,8,9,Other,Male,Greater than 45,0,0
2233,LR_8_features,8,9,Caucasian,Male,Less than 25,1,1
2240,LR_8_features,8,9,African-American,Male,25 - 45,1,1
2247,LR_8_features,8,9,African-American,Male,25 - 45,1,1
2259,LR_8_features,8,9,African-American,Male,25 - 45,0,1
2283,LR_8_features,8,9,African-American,Male,25 - 45,1,1
2328,LR_8_features,8,9,Asian,Male,Less than 25,0,0
2372,LR_8_features,8,9,African-American,Male,Greater than 45,0,0
2385,LR_8_features,8,9,African-American,Female,Less than 25,1,1
2390,LR_8_features,8,9,African-American,Male,25 - 45,1,1
2400,LR_8_features,8,9,African-American,Male,25 - 45,0,1
2408,LR_8_features,8,9,Caucasian,Female,Greater than 45,0,0
2412,LR_8_features,8,9,Caucasian,Male,25 - 45,0,1
2451,LR_8_features,8,9,Caucasian,Male,Greater than 45,0,0
2464,LR_8_features,8,9,African-American,Male,Greater than 45,0,1
2476,LR_8_features,8,9,African-American,Male,25 - 45,1,1
2477,LR_8_features,8,9,Caucasian,Male,25 - 45,1,1
2478,LR_8_features,8,9,African-American,Male,25 - 45,0,0
2526,LR_8_features,8,9,Caucasian,Male,Greater than 45,0,0
2530,LR_8_features,8,9,African-American,Male,Less than 25,1,1
2536,LR_8_features,8,9,African-American,Male,Greater than 45,0,1
2541,LR_8_features,8,9,Caucasian,Male,Greater than 45,0,0
2592,LR_8_features,8,9,Caucasian,Male,25 - 45,1,0
2594,LR_8_features,8,9,African-American,Male,Greater than 45,0,0
2613,LR_8_features,8,9,Caucasian,Male,Greater than 45,0,0
2619,LR_8_features,8,9,African-American,Male,25 - 45,0,1
2630,LR_8_features,8,9,African-American,Male,25 - 45,0,1
2658,LR_8_features,8,9,Caucasian,Male,25 - 45,0,0
2682,LR_8_features,8,9,African-American,Male,25 - 45,0,1
2687,LR_8_features,8,9,Caucasian,Male,Greater than 45,0,0
2698,LR_8_features,8,9,Caucasian,Female,Greater than 45,1,0
2713,LR_8_features,8,9,Caucasian,Male,25 - 45,0,0
2721,LR_8_features,8,9,Other,Male,25 - 45,1,1
2746,LR_8_features,8,9,Caucasian,Male,Greater than 45,1,0
2786,LR_8_features,8,9,African-American,Male,25 - 45,0,0
2790,LR_8_features,8,9,Caucasian,Male,25 - 45,0,0
2814,LR_8_features,8,9,Caucasian,Male,25 - 45,1,0
2819,LR_8_features,8,9,African-American,Male,Less than 25,1,0
2856,LR_8_features,8,9,African-American,Male,25 - 45,0,1
2923,LR_8_features,8,9,Other,Male,25 - 45,0,0
2930,LR_8_features,8,9,African-American,Male,25 - 45,1,1
2933,LR_8_features,8,9,African-American,Male,25 - 45,1,1
2937,LR_8_features,8,9,Caucasian,Male,Less than 25,1,1
2962,LR_8_features,8,9,African-American,Male,25 - 45,0,0
2963,LR_8_features,8,9,Caucasian,Male,25 - 45,0,0
2965,LR_8_features,8,9,Hispanic,Male,25 - 45,0,0
2979,LR_8_features,8,9,African-American,Male,25 - 45,0,1
3022,LR_8_features,8,9,African-American,Male,25 - 45,0,0
3035,LR_8_features,8,9,Caucasian,Male,25 - 45,0,1
3067,LR_8_features,8,9,African-American,Male,25 - 45,1,1
3068,LR_8_features,8,9,African-American,Male,25 - 45,0,1
3085,LR_8_features,8,9,African-American,Male,Less than 25,0,1
3094,LR_8_features,8,9,African-American,Male,25 - 45,1,1
3131,LR_8_features,8,9,Hispanic,Male,25 - 45,1,1
3153,LR_8_features,8,9,Caucasian,Male,25 - 45,0,0
3165,LR_8_features,8,9,Caucasian,Male,25 - 45,1,0
3178,LR_8_features,8,9,Caucasian,Male,Less than 25,1,1
3190,LR_8_features,8,9,African-American,Male,Less than 25,0,0
3203,LR_8_features,8,9,Caucasian,Female,Less than 25,0,0
3227,LR_8_features,8,9,Caucasian,Male,25 - 45,1,0
3230,LR_8_features,8,9,African-American,Female,Greater than 45,0,0
3242,LR_8_features,8,9,African-American,Male,Less than 25,0,1
3246,LR_8_features,8,9,Caucasian,Male,25 - 45,0,0
3247,LR_8_features,8,9,Caucasian,Male,25 - 45,0,0
3260,LR_8_features,8,9,African-American,Male,Greater than 45,1,1
3273,LR_8_features,8,9,African-American,Male,Less than 25,1,1
3304,LR_8_features,8,9,African-American,Male,25 - 45,0,0
3312,LR_8_features,8,9,Caucasian,Male,Greater than 45,0,0
3350,LR_8_features,8,9,African-American,Male,25 - 45,0,0
3358,LR_8_features,8,9,African-American,Male,25 - 45,0,0
3359,LR_8_features,8,9,African-American,Male,25 - 45,1,1
3371,LR_8_features,8,9,African-American,Male,Less than 25,0,1
3401,LR_8_features,8,9,African-American,Male,Greater than 45,1,0
3484,LR_8_features,8,9,African-American,Male,Greater than 45,1,1
3528,LR_8_features,8,9,African-American,Female,Less than 25,0,0
3531,LR_8_features,8,9,Caucasian,Female,25 - 45,0,0
3536,LR_8_features,8,9,Caucasian,Male,25 - 45,1,0
3538,LR_8_features,8,9,African-American,Male,Less than 25,0,1
3550,LR_8_features,8,9,African-American,Male,25 - 45,1,1
3593,LR_8_features,8,9,Caucasian,Male,Greater than 45,0,0
3631,LR_8_features,8,9,Caucasian,Female,25 - 45,0,0
3721,LR_8_features,8,9,Caucasian,Female,Greater than 45,0,0
3773,LR_8_features,8,9,Hispanic,Male,Less than 25,0,0
3789,LR_8_features,8,9,Caucasian,Male,25 - 45,0,0
3790,LR_8_features,8,9,Caucasian,Male,25 - 45,0,0
3884,LR_8_features,8,9,Caucasian,Female,Greater than 45,1,0
3891,LR_8_features,8,9,African-American,Female,Less than 25,1,0
3902,LR_8_features,8,9,Caucasian,Male,25 - 45,0,1
3910,LR_8_features,8,9,African-American,Male,25 - 45,1,1
3944,LR_8_features,8,9,Hispanic,Male,25 - 45,1,0
3961,LR_8_features,8,9,Hispanic,Male,25 - 45,0,0
3985,LR_8_features,8,9,Hispanic,Male,25 - 45,1,1
3991,LR_8_features,8,9,Hispanic,Male,25 - 45,0,0
3992,LR_8_features,8,9,Hispanic,Male,25 - 45,1,1
4012,LR_8_features,8,9,African-American,Male,Less than 25,0,1
4014,LR_8_features,8,9,African-American,Male,25 - 45,1,1
4018,LR_8_features,8,9,African-American,Male,Greater than 45,0,0
4064,LR_8_features,8,9,Caucasian,Female,25 - 45,0,0
4080,LR_8_features,8,9,African-American,Male,Less than 25,0,1
4085,LR_8_features,8,9,Caucasian,Male,Greater than 45,0,0
4104,LR_8_features,8,9,African-American,Male,Greater than 45,1,0
4128,LR_8_features,8,9,African-American,Male,Less than 25,1,0
4136,LR_8_features,8,9,African-American,Male,25 - 45,0,0
4169,LR_8_features,8,9,Caucasian,Male,25 - 45,0,0
4182,LR_8_features,8,9,Caucasian,Male,25 - 45,0,0
4190,LR_8_features,8,9,African-American,Male,25 - 45,1,1
4204,LR_8_features,8,9,African-American,Male,25 - 45,0,1
4205,LR_8_features,8,9,Caucasian,Female,25 - 45,1,0
4220,LR_8_features,8,9,Other,Male,Less than 25,1,1
4233,LR_8_features,8,9,African-American,Male,25 - 45,0,0
4247,LR_8_features,8,9,African-American,Male,25 - 45,0,1
4256,LR_8_features,8,9,African-American,Male,25 - 45,1,0
4258,LR_8_features,8,9,Caucasian,Male,25 - 45,0,0
4265,LR_8_features,8,9,African-American,Male,Greater than 45,0,0
4293,LR_8_features,8,9,Other,Male,Less than 25,1,1
4328,LR_8_features,8,9,African-American,Male,Less than 25,1,1
4330,LR_8_features,8,9,African-American,Male,25 - 45,1,0
4384,LR_8_features,8,9,African-American,Male,Less than 25,1,1
4396,LR_8_features,8,9,Caucasian,Male,Greater than 45,1,1
4422,LR_8_features,8,9,African-American,Male,25 - 45,0,0
4448,LR_8_features,8,9,African-American,Male,25 - 45,0,0
4457,LR_8_features,8,9,African-American,Male,25 - 45,1,1
4475,LR_8_features,8,9,African-American,Male,25 - 45,0,0
4486,LR_8_features,8,9,Caucasian,Male,Less than 25,1,1
4495,LR_8_features,8,9,African-American,Male,Less than 25,0,1
4505,LR_8_features,8,9,Caucasian,Male,Less than 25,0,0
4514,LR_8_features,8,9,African-American,Male,Greater than 45,0,1
4533,LR_8_features,8,9,Caucasian,Male,Less than 25,1,1
4537,LR_8_features,8,9,African-American,Male,25 - 45,0,1
4541,LR_8_features,8,9,Caucasian,Male,25 - 45,0,1
4558,LR_8_features,8,9,Caucasian,Male,25 - 45,0,0
4560,LR_8_features,8,9,Hispanic,Male,25 - 45,0,0
4588,LR_8_features,8,9,African-American,Male,Less than 25,1,1
4610,LR_8_features,8,9,African-American,Male,25 - 45,1,1
4615,LR_8_features,8,9,African-American,Female,Less than 25,0,0
4620,LR_8_features,8,9,Caucasian,Male,25 - 45,0,0
4640,LR_8_features,8,9,African-American,Male,25 - 45,1,1
4647,LR_8_features,8,9,Caucasian,Male,Less than 25,0,0
4648,LR_8_features,8,9,Caucasian,Male,25 - 45,0,0
4649,LR_8_features,8,9,Hispanic,Male,Less than 25,0,0
4657,LR_8_features,8,9,Caucasian,Male,25 - 45,1,0
4675,LR_8_features,8,9,Other,Male,Greater than 45,1,0
4774,LR_8_features,8,9,Caucasian,Male,Greater than 45,0,0
4827,LR_8_features,8,9,African-American,Female,Greater than 45,0,0
4861,LR_8_features,8,9,African-American,Male,25 - 45,1,1
4862,LR_8_features,8,9,Other,Male,Less than 25,1,0
4873,LR_8_features,8,9,African-American,Female,25 - 45,1,1
4888,LR_8_features,8,9,African-American,Male,Greater than 45,0,0
4906,LR_8_features,8,9,African-American,Male,Less than 25,1,1
4907,LR_8_features,8,9,African-American,Male,25 - 45,1,1
4911,LR_8_features,8,9,African-American,Male,Less than 25,0,0
4941,LR_8_features,8,9,Hispanic,Male,25 - 45,0,0
4956,LR_8_features,8,9,African-American,Male,25 - 45,0,1
4969,LR_8_features,8,9,African-American,Male,Less than 25,0,0
4999,LR_8_features,8,9,African-American,Male,25 - 45,1,0
5005,LR_8_features,8,9,Hispanic,Male,25 - 45,1,1
5045,LR_8_features,8,9,Caucasian,Female,25 - 45,0,0
5051,LR_8_features,8,9,Caucasian,Male,25 - 45,0,1
5053,LR_8_features,8,9,African-American,Male,Less than 25,1,1
5058,LR_8_features,8,9,African-American,Male,Less than 25,1,1
5062,LR_8_features,8,9,Caucasian,Female,25 - 45,1,1
5068,LR_8_features,8,9,Caucasian,Male,25 - 45,0,0
5099,LR_8_features,8,9,African-American,Male,Greater than 45,0,0
5132,LR_8_features,8,9,African-American,Male,25 - 45,0,0
5148,LR_8_features,8,9,Caucasian,Male,25 - 45,1,0
5188,LR_8_features,8,9,African-American,Male,25 - 45,1,1
5218,LR_8_features,8,9,Caucasian,Male,Greater than 45,0,0
5251,LR_8_features,8,9,Caucasian,Male,Less than 25,0,1
5252,LR_8_features,8,9,Other,Male,25 - 45,0,0
5294,LR_8_features,8,9,African-American,Male,25 - 45,0,1
5321,LR_8_features,8,9,Caucasian,Female,Less than 25,1,0
5326,LR_8_features,8,9,Caucasian,Male,25 - 45,1,0
5337,LR_8_features,8,9,African-American,Male,Greater than 45,1,0
5369,LR_8_features,8,9,African-American,Male,Greater than 45,0,0
5388,LR_8_features,8,9,Caucasian,Male,25 - 45,1,1
5400,LR_8_features,8,9,African-American,Male,25 - 45,0,1
5427,LR_8_features,8,9,African-American,Female,25 - 45,0,0
5431,LR_8_features,8,9,Caucasian,Female,25 - 45,1,0
5432,LR_8_features,8,9,Caucasian,Male,Greater than 45,1,0
5440,LR_8_features,8,9,African-American,Female,25 - 45,1,0
5456,LR_8_features,8,9,African-American,Male,25 - 45,1,1
5465,LR_8_features,8,9,African-American,Female,Less than 25,1,0
5475,LR_8_features,8,9,African-American,Male,25 - 45,0,0
5505,LR_8_features,8,9,African-American,Male,Greater than 45,0,0
5508,LR_8_features,8,9,African-American,Male,25 - 45,0,0
5528,LR_8_features,8,9,Caucasian,Female,25 - 45,0,0
5532,LR_8_features,8,9,Hispanic,Female,25 - 45,1,0
5537,LR_8_features,8,9,African-American,Female,Less than 25,1,0
5542,LR_8_features,8,9,African-American,Female,25 - 45,0,0
5558,LR_8_features,8,9,Caucasian,Male,25 - 45,0,0
5561,LR_8_features,8,9,African-American,Male,25 - 45,0,0
5591,LR_8_features,8,9,African-American,Male,25 - 45,1,1
5593,LR_8_features,8,9,Caucasian,Male,25 - 45,1,0
5598,LR_8_features,8,9,Hispanic,Male,25 - 45,0,0
5631,LR_8_features,8,9,Hispanic,Male,25 - 45,0,0
5632,LR_8_features,8,9,Caucasian,Female,25 - 45,1,0
5657,LR_8_features,8,9,African-American,Male,25 - 45,1,1
5675,LR_8_features,8,9,Caucasian,Male,Greater than 45,1,0
5681,LR_8_features,8,9,African-American,Male,25 - 45,1,1
5685,LR_8_features,8,9,Hispanic,Male,25 - 45,0,0
5730,LR_8_features,8,9,African-American,Female,25 - 45,1,1
5759,LR_8_features,8,9,African-American,Male,25 - 45,0,0
5762,LR_8_features,8,9,Caucasian,Female,25 - 45,1,0
5765,LR_8_features,8,9,African-American,Male,Greater than 45,0,1
5768,LR_8_features,8,9,African-American,Male,Greater than 45,0,0
5817,LR_8_features,8,9,Caucasian,Male,25 - 45,1,0
5837,LR_8_features,8,9,Caucasian,Female,25 - 45,0,0
5842,LR_8_features,8,9,African-American,Male,25 - 45,1,1
5857,LR_8_features,8,9,African-American,Male,Less than 25,0,1
5869,LR_8_features,8,9,Caucasian,Male,25 - 45,0,1
5878,LR_8_features,8,9,Other,Female,25 - 45,1,0
5882,LR_8_features,8,9,African-American,Male,25 - 45,1,0
5883,LR_8_features,8,9,Caucasian,Female,25 - 45,1,0
5899,LR_8_features,8,9,African-American,Male,25 - 45,0,0
5916,LR_8_features,8,9,African-American,Male,25 - 45,1,1
5926,LR_8_features,8,9,African-American,Male,Greater than 45,0,0
5928,LR_8_features,8,9,Caucasian,Male,Greater than 45,0,0
5935,LR_8_features,8,9,African-American,Male,Less than 25,1,1
5970,LR_8_features,8,9,Caucasian,Male,25 - 45,0,0
5978,LR_8_features,8,9,African-American,Male,25 - 45,0,1
6001,LR_8_features,8,9,African-American,Male,25 - 45,1,1
6002,LR_8_features,8,9,African-American,Female,25 - 45,0,0
6040,LR_8_features,8,9,African-American,Male,25 - 45,1,0
6055,LR_8_features,8,9,African-American,Female,Less than 25,1,0
6056,LR_8_features,8,9,Caucasian,Male,25 - 45,1,1
6097,LR_8_features,8,9,Caucasian,Male,25 - 45,1,1
6101,LR_8_features,8,9,Caucasian,Male,25 - 45,0,0
6135,LR_8_features,8,9,African-American,Male,25 - 45,1,1
6164,LR_8_features,8,9,African-American,Female,25 - 45,0,0
6195,LR_8_features,8,9,Caucasian,Female,Less than 25,1,0
6223,LR_8_features,8,9,Other,Male,Greater than 45,0,0
6228,LR_8_features,8,9,Caucasian,Male,Greater than 45,0,0
6230,LR_8_features,8,9,Other,Female,Greater than 45,0,0
6259,LR_8_features,8,9,Caucasian,Male,Greater than 45,0,0
6284,LR_8_features,8,9,African-American,Male,Less than 25,0,1
6322,LR_8_features,8,9,Caucasian,Male,25 - 45,1,1
6381,LR_8_features,8,9,African-American,Male,25 - 45,1,1
6386,LR_8_features,8,9,Hispanic,Male,25 - 45,1,0
6473,LR_8_features,8,9,African-American,Male,25 - 45,1,1
6485,LR_8_features,8,9,African-American,Male,Greater than 45,0,0
6551,LR_8_features,8,9,Caucasian,Male,25 - 45,0,0
6570,LR_8_features,8,9,Caucasian,Male,Greater than 45,0,0
6580,LR_8_features,8,9,Caucasian,Male,Greater than 45,0,0
6589,LR_8_features,8,9,African-American,Female,25 - 45,1,0
6621,LR_8_features,8,9,Hispanic,Male,25 - 45,1,0
6695,LR_8_features,8,9,African-American,Male,25 - 45,0,1
6722,LR_8_features,8,9,Caucasian,Male,25 - 45,0,0
6733,LR_8_features,8,9,African-American,Male,Less than 25,0,1
6747,LR_8_features,8,9,African-American,Male,Less than 25,1,1
6778,LR_8_features,8,9,African-American,Male,Less than 25,0,1
6793,LR_8_features,8,9,Caucasian,Female,25 - 45,0,0
6803,LR_8_features,8,9,African-American,Male,Greater than 45,1,0
6808,LR_8_features,8,9,Other,Male,25 - 45,0,0
6809,LR_8_features,8,9,African-American,Male,25 - 45,0,0
6812,LR_8_features,8,9,Caucasian,Male,Less than 25,0,1
6816,LR_8_features,8,9,African-American,Female,25 - 45,0,0
6838,LR_8_features,8,9,Caucasian,Female,25 - 45,1,0
6846,LR_8_features,8,9,African-American,Male,Less than 25,1,0
6847,LR_8_features,8,9,African-American,Female,25 - 45,0,1
6866,LR_8_features,8,9,African-American,Female,Less than 25,0,0
6882,LR_8_features,8,9,African-American,Male,25 - 45,1,1
6900,LR_8_features,8,9,African-American,Male,25 - 45,1,0
6921,LR_8_features,8,9,African-American,Male,25 - 45,0,0
6926,LR_8_features,8,9,Caucasian,Male,25 - 45,1,0
6927,LR_8_features,8,9,African-American,Male,25 - 45,1,0
6936,LR_8_features,8,9,African-American,Male,Less than 25,1,1
6960,LR_8_features,8,9,African-American,Female,25 - 45,0,0
6977,LR_8_features,8,9,Asian,Female,Greater than 45,1,0
7037,LR_8_features,8,9,African-American,Male,25 - 45,1,1
7047,LR_8_features,8,9,Native American,Male,25 - 45,0,0
7054,LR_8_features,8,9,Caucasian,Male,Greater than 45,0,0
7074,LR_8_features,8,9,Caucasian,Female,Less than 25,1,0
7092,LR_8_features,8,9,Caucasian,Male,25 - 45,0,0
7114,LR_8_features,8,9,African-American,Male,Less than 25,1,1
7144,LR_8_features,8,9,African-American,Male,25 - 45,0,0
7145,LR_8_features,8,9,African-American,Male,25 - 45,1,0
7154,LR_8_features,8,9,Caucasian,Male,Greater than 45,0,0
7160,LR_8_features,8,9,African-American,Male,Less than 25,1,1
7187,LR_8_features,8,9,African-American,Male,25 - 45,1,1
7196,LR_8_features,8,9,African-American,Male,Greater than 45,0,0
7205,LR_8_features,8,9,Caucasian,Male,25 - 45,1,0
7234,LR_8_features,8,9,Hispanic,Male,25 - 45,0,0
7243,LR_8_features,8,9,African-American,Male,25 - 45,1,0
7257,LR_8_features,8,9,Caucasian,Male,Less than 25,1,1
7279,LR_8_features,8,9,African-American,Male,25 - 45,1,0
7286,LR_8_features,8,9,Caucasian,Male,25 - 45,0,0
7301,LR_8_features,8,9,African-American,Male,25 - 45,1,0
7304,LR_8_features,8,9,Caucasian,Male,25 - 45,0,0
7311,LR_8_features,8,9,Hispanic,Male,Greater than 45,0,0
7343,LR_8_features,8,9,Caucasian,Male,25 - 45,0,0
7344,LR_8_features,8,9,African-American,Male,25 - 45,1,1
7354,LR_8_features,8,9,Caucasian,Female,Greater than 45,0,0
7358,LR_8_features,8,9,Other,Male,25 - 45,0,0
7373,LR_8_features,8,9,African-American,Male,25 - 45,1,1
7381,LR_8_features,8,9,African-American,Female,25 - 45,0,0
7386,LR_8_features,8,9,African-American,Male,Less than 25,1,1
7396,LR_8_features,8,9,Hispanic,Male,Greater than 45,0,0
7406,LR_8_features,8,9,African-American,Male,Less than 25,1,1
7419,LR_8_features,8,9,African-American,Male,Less than 25,0,1
7439,LR_8_features,8,9,African-American,Male,25 - 45,1,0
7441,LR_8_features,8,9,Other,Male,Less than 25,0,1
7457,LR_8_features,8,9,African-American,Male,25 - 45,1,1
7464,LR_8_features,8,9,African-American,Male,Less than 25,1,1
7465,LR_8_features,8,9,Caucasian,Male,Less than 25,0,0
7469,LR_8_features,8,9,African-American,Male,25 - 45,1,1
7476,LR_8_features,8,9,African-American,Male,Greater than 45,0,0
7490,LR_8_features,8,9,African-American,Female,25 - 45,0,0
7497,LR_8_features,8,9,African-American,Male,Less than 25,1,1
7510,LR_8_features,8,9,African-American,Male,25 - 45,0,0
7511,LR_8_features,8,9,African-American,Male,Less than 25,1,1
7513,LR_8_features,8,9,African-American,Male,Less than 25,1,1
7543,LR_8_features,8,9,Hispanic,Male,Less than 25,1,1
7576,LR_8_features,8,9,African-American,Male,25 - 45,1,0
7635,LR_8_features,8,9,Caucasian,Male,Greater than 45,0,0
7650,LR_8_features,8,9,Caucasian,Male,25 - 45,1,0
7652,LR_8_features,8,9,African-American,Male,25 - 45,1,1
7659,LR_8_features,8,9,Caucasian,Male,25 - 45,0,0
7670,LR_8_features,8,9,African-American,Male,25 - 45,1,1
7686,LR_8_features,8,9,Other,Male,Greater than 45,0,0
7740,LR_8_features,8,9,African-American,Male,25 - 45,0,1
7763,LR_8_features,8,9,African-American,Male,Greater than 45,0,1
7823,LR_8_features,8,9,Caucasian,Female,Greater than 45,1,0
7859,LR_8_features,8,9,Other,Male,25 - 45,1,1
7869,LR_8_features,8,9,African-American,Female,Less than 25,1,0
7894,LR_8_features,8,9,African-American,Male,Less than 25,0,1
7895,LR_8_features,8,9,Caucasian,Female,25 - 45,0,0
7964,LR_8_features,8,9,African-American,Male,25 - 45,0,0
7985,LR_8_features,8,9,African-American,Male,25 - 45,0,0
8024,LR_8_features,8,9,African-American,Female,25 - 45,1,0
8035,LR_8_features,8,9,African-American,Male,25 - 45,1,1
8040,LR_8_features,8,9,African-American,Male,25 - 45,0,0
8046,LR_8_features,8,9,African-American,Male,25 - 45,1,1
8047,LR_8_features,8,9,African-American,Male,Less than 25,0,1
8062,LR_8_features,8,9,African-American,Male,Greater than 45,1,1
8065,LR_8_features,8,9,African-American,Male,25 - 45,1,1
8068,LR_8_features,8,9,Caucasian,Male,25 - 45,0,1
8090,LR_8_features,8,9,Caucasian,Male,25 - 45,1,0
8093,LR_8_features,8,9,African-American,Female,25 - 45,0,0
8107,LR_8_features,8,9,Caucasian,Female,Greater than 45,0,0
8117,LR_8_features,8,9,Caucasian,Male,25 - 45,1,0
8147,LR_8_features,8,9,African-American,Male,25 - 45,1,1
8161,LR_8_features,8,9,African-American,Female,Less than 25,0,0
8164,LR_8_features,8,9,African-American,Male,25 - 45,0,1
8197,LR_8_features,8,9,Caucasian,Male,Greater than 45,1,0
8214,LR_8_features,8,9,African-American,Female,Less than 25,1,0
8237,LR_8_features,8,9,Hispanic,Male,Greater than 45,0,0
8258,LR_8_features,8,9,African-American,Male,25 - 45,1,1
8283,LR_8_features,8,9,Caucasian,Female,25 - 45,1,0
8301,LR_8_features,8,9,Other,Male,25 - 45,0,0
8354,LR_8_features,8,9,Caucasian,Male,25 - 45,1,1
8392,LR_8_features,8,9,Hispanic,Male,Less than 25,1,0
8403,LR_8_features,8,9,African-American,Male,Less than 25,1,1
8428,LR_8_features,8,9,Caucasian,Female,25 - 45,1,1
8462,LR_8_features,8,9,Caucasian,Male,25 - 45,0,0
8496,LR_8_features,8,9,Caucasian,Male,Less than 25,1,1
8501,LR_8_features,8,9,African-American,Male,25 - 45,1,1
8507,LR_8_features,8,9,Other,Female,Less than 25,0,0
8508,LR_8_features,8,9,African-American,Male,25 - 45,0,0
8528,LR_8_features,8,9,African-American,Male,25 - 45,0,0
8533,LR_8_features,8,9,African-American,Male,25 - 45,0,0
8544,LR_8_features,8,9,Caucasian,Male,25 - 45,1,0
8551,LR_8_features,8,9,Caucasian,Female,Greater than 45,0,0
8576,LR_8_features,8,9,African-American,Male,Less than 25,1,0
8590,LR_8_features,8,9,Hispanic,Female,25 - 45,0,0
8617,LR_8_features,8,9,African-American,Male,25 - 45,0,1
8629,LR_8_features,8,9,Other,Male,25 - 45,0,0
8635,LR_8_features,8,9,African-American,Male,Greater than 45,0,0
8639,LR_8_features,8,9,African-American,Female,Less than 25,0,1
8672,LR_8_features,8,9,African-American,Female,25 - 45,0,0
8684,LR_8_features,8,9,African-American,Male,25 - 45,0,0
8724,LR_8_features,8,9,African-American,Male,25 - 45,1,1
8737,LR_8_features,8,9,African-American,Female,25 - 45,0,1
8749,LR_8_features,8,9,Other,Male,Greater than 45,1,0
8761,LR_8_features,8,9,Caucasian,Male,25 - 45,1,0
8770,LR_8_features,8,9,Asian,Male,25 - 45,0,0
8773,LR_8_features,8,9,African-American,Male,25 - 45,1,1
8818,LR_8_features,8,9,African-American,Male,25 - 45,0,0
8819,LR_8_features,8,9,Other,Female,25 - 45,0,0
8827,LR_8_features,8,9,Hispanic,Male,25 - 45,0,1
8841,LR_8_features,8,9,African-American,Male,25 - 45,1,0
8846,LR_8_features,8,9,Other,Male,Greater than 45,1,0
8857,LR_8_features,8,9,Caucasian,Male,25 - 45,0,0
8858,LR_8_features,8,9,African-American,Male,Less than 25,0,1
8924,LR_8_features,8,9,African-American,Male,25 - 45,1,1
8925,LR_8_features,8,9,African-American,Male,25 - 45,0,0
8949,LR_8_features,8,9,African-American,Female,25 - 45,0,0
8974,LR_8_features,8,9,African-American,Male,Less than 25,0,1
9005,LR_8_features,8,9,Caucasian,Female,25 - 45,0,0
9017,LR_8_features,8,9,Hispanic,Male,Less than 25,1,1
9039,LR_8_features,8,9,African-American,Male,Less than 25,0,1
9043,LR_8_features,8,9,Caucasian,Male,25 - 45,1,1
9046,LR_8_features,8,9,Caucasian,Male,25 - 45,0,0
9086,LR_8_features,8,9,African-American,Male,25 - 45,1,1
9089,LR_8_features,8,9,Caucasian,Male,25 - 45,0,0
9091,LR_8_features,8,9,Other,Male,25 - 45,1,0
9093,LR_8_features,8,9,African-American,Male,Less than 25,0,1
9116,LR_8_features,8,9,Hispanic,Male,Greater than 45,0,0
9129,LR_8_features,8,9,African-American,Male,25 - 45,0,1
9145,LR_8_features,8,9,African-American,Male,Less than 25,1,1
9189,LR_8_features,8,9,Caucasian,Male,Greater than 45,0,0
9231,LR_8_features,8,9,Caucasian,Male,25 - 45,0,0
9242,LR_8_features,8,9,Caucasian,Male,25 - 45,0,0
9243,LR_8_features,8,9,Caucasian,Male,25 - 45,0,0
9247,LR_8_features,8,9,African-American,Male,25 - 45,1,0
9256,LR_8_features,8,9,Caucasian,Male,25 - 45,1,1
9260,LR_8_features,8,9,Caucasian,Female,Greater than 45,0,0
9267,LR_8_features,8,9,Caucasian,Female,25 - 45,0,0
9275,LR_8_features,8,9,African-American,Male,25 - 45,0,0
9350,LR_8_features,8,9,Caucasian,Male,25 - 45,0,1
9364,LR_8_features,8,9,African-American,Male,Greater than 45,0,1
9392,LR_8_features,8,9,Caucasian,Male,Greater than 45,0,0
9407,LR_8_features,8,9,African-American,Male,25 - 45,0,1
9419,LR_8_features,8,9,African-American,Male,Greater than 45,1,0
9425,LR_8_features,8,9,Caucasian,Female,Greater than 45,0,0
9451,LR_8_features,8,9,African-American,Male,25 - 45,1,1
9464,LR_8_features,8,9,Caucasian,Male,Less than 25,0,0
9484,LR_8_features,8,9,Caucasian,Female,25 - 45,0,0
9491,LR_8_features,8,9,Caucasian,Male,Less than 25,0,0
9509,LR_8_features,8,9,African-American,Male,25 - 45,1,1
9534,LR_8_features,8,9,African-American,Male,Greater than 45,1,1
9536,LR_8_features,8,9,African-American,Female,25 - 45,1,1
9568,LR_8_features,8,9,African-American,Male,25 - 45,1,1
9569,LR_8_features,8,9,Caucasian,Male,25 - 45,0,0
9586,LR_8_features,8,9,African-American,Female,Less than 25,1,0
9592,LR_8_features,8,9,Caucasian,Male,25 - 45,0,0
9606,LR_8_features,8,9,Caucasian,Female,25 - 45,1,0
9609,LR_8_features,8,9,Hispanic,Female,25 - 45,1,1
9630,LR_8_features,8,9,Caucasian,Male,25 - 45,0,0
9643,LR_8_features,8,9,Caucasian,Male,25 - 45,0,0
9666,LR_8_features,8,9,African-American,Male,Less than 25,0,1
9667,LR_8_features,8,9,Caucasian,Male,Less than 25,1,1
9669,LR_8_features,8,9,African-American,Male,25 - 45,0,0
9685,LR_8_features,8,9,African-American,Male,Less than 25,1,0
9699,LR_8_features,8,9,Other,Male,25 - 45,0,0
9806,LR_8_features,8,9,Other,Male,Greater than 45,0,0
9809,LR_8_features,8,9,Hispanic,Male,Less than 25,1,0
9840,LR_8_features,8,9,Caucasian,Female,25 - 45,0,0
9861,LR_8_features,8,9,Caucasian,Male,25 - 45,0,0
9875,LR_8_features,8,9,African-American,Male,25 - 45,1,1
9892,LR_8_features,8,9,African-American,Male,25 - 45,1,1
9912,LR_8_features,8,9,Hispanic,Male,25 - 45,0,0
9922,LR_8_features,8,9,African-American,Female,25 - 45,0,1
9948,LR_8_features,8,9,African-American,Male,25 - 45,0,1
9956,LR_8_features,8,9,African-American,Male,Greater than 45,1,0
9983,LR_8_features,8,9,African-American,Male,Less than 25,1,1
9996,LR_8_features,8,9,Caucasian,Female,25 - 45,1,0
10021,LR_8_features,8,9,Caucasian,Male,Less than 25,0,0
10046,LR_8_features,8,9,Caucasian,Male,Less than 25,1,0
10058,LR_8_features,8,9,African-American,Male,Greater than 45,0,1
10133,LR_8_features,8,9,Caucasian,Male,25 - 45,0,0
10161,LR_8_features,8,9,Caucasian,Female,25 - 45,0,0
10184,LR_8_features,8,9,African-American,Male,25 - 45,0,0
10185,LR_8_features,8,9,African-American,Male,25 - 45,0,0
10202,LR_8_features,8,9,African-American,Female,25 - 45,1,0
10214,LR_8_features,8,9,African-American,Male,Less than 25,0,1
10217,LR_8_features,8,9,African-American,Male,25 - 45,1,1
10224,LR_8_features,8,9,African-American,Male,25 - 45,0,0
10292,LR_8_features,8,9,African-American,Male,Less than 25,0,1
10303,LR_8_features,8,9,Hispanic,Male,Less than 25,1,0
10305,LR_8_features,8,9,African-American,Male,Less than 25,1,1
10319,LR_8_features,8,9,African-American,Male,25 - 45,1,0
10324,LR_8_features,8,9,African-American,Female,Less than 25,1,0
10379,LR_8_features,8,9,African-American,Male,25 - 45,1,1
10388,LR_8_features,8,9,African-American,Male,25 - 45,1,1
10402,LR_8_features,8,9,Caucasian,Male,Greater than 45,0,0
10407,LR_8_features,8,9,African-American,Male,Greater than 45,1,1
10410,LR_8_features,8,9,Caucasian,Female,Greater than 45,0,1
10432,LR_8_features,8,9,African-American,Male,Greater than 45,0,1
10449,LR_8_features,8,9,African-American,Female,Greater than 45,0,0
10461,LR_8_features,8,9,Other,Male,25 - 45,0,0
10479,LR_8_features,8,9,Hispanic,Male,25 - 45,0,1
10480,LR_8_features,8,9,African-American,Male,Greater than 45,1,1
10486,LR_8_features,8,9,Caucasian,Male,Greater than 45,0,0
10509,LR_8_features,8,9,African-American,Male,25 - 45,0,1
10511,LR_8_features,8,9,African-American,Male,25 - 45,1,1
10513,LR_8_features,8,9,Caucasian,Female,25 - 45,0,0
10533,LR_8_features,8,9,African-American,Female,25 - 45,1,1
10540,LR_8_features,8,9,Caucasian,Female,25 - 45,1,0
10546,LR_8_features,8,9,Caucasian,Female,25 - 45,0,0
10625,LR_8_features,8,9,African-American,Male,Less than 25,0,1
10660,LR_8_features,8,9,Hispanic,Male,Less than 25,1,0
10686,LR_8_features,8,9,Caucasian,Male,25 - 45,0,0
10692,LR_8_features,8,9,African-American,Male,25 - 45,1,1
10700,LR_8_features,8,9,African-American,Male,25 - 45,1,1
10712,LR_8_features,8,9,African-American,Male,Less than 25,1,1
10729,LR_8_features,8,9,African-American,Male,25 - 45,1,0
10730,LR_8_features,8,9,African-American,Female,25 - 45,0,0
10760,LR_8_features,8,9,Hispanic,Male,Less than 25,1,0
10783,LR_8_features,8,9,Caucasian,Male,Greater than 45,0,0
10788,LR_8_features,8,9,Asian,Male,Less than 25,0,0
10810,LR_8_features,8,9,African-American,Male,25 - 45,0,0
10824,LR_8_features,8,9,African-American,Female,Less than 25,1,0
10860,LR_8_features,8,9,African-American,Male,25 - 45,0,0
10879,LR_8_features,8,9,Caucasian,Male,Greater than 45,0,0
10893,LR_8_features,8,9,Caucasian,Male,Greater than 45,0,0
10894,LR_8_features,8,9,African-American,Male,25 - 45,0,1
10895,LR_8_features,8,9,African-American,Female,25 - 45,1,1
10899,LR_8_features,8,9,Caucasian,Male,25 - 45,1,1
10918,LR_8_features,8,9,Caucasian,Male,25 - 45,0,0
10927,LR_8_features,8,9,African-American,Male,Less than 25,0,1
10954,LR_8_features,8,9,Caucasian,Female,Less than 25,0,0
10966,LR_8_features,8,9,Caucasian,Male,25 - 45,0,0
10976,LR_8_features,8,9,Caucasian,Female,25 - 45,1,0
10984,LR_8_features,8,9,African-American,Female,Less than 25,1,0
50,LR_8_features,8,10,Other,Male,Greater than 45,1,0
79,LR_8_features,8,10,African-American,Male,25 - 45,0,1
87,LR_8_features,8,10,African-American,Male,25 - 45,0,1
93,LR_8_features,8,10,African-American,Male,Less than 25,1,1
98,LR_8_features,8,10,African-American,Male,25 - 45,1,1
101,LR_8_features,8,10,Hispanic,Male,Greater than 45,1,0
122,LR_8_features,8,10,African-American,Male,25 - 45,1,1
131,LR_8_features,8,10,African-American,Male,Less than 25,1,1
138,LR_8_features,8,10,Caucasian,Male,25 - 45,1,1
139,LR_8_features,8,10,Other,Male,Less than 25,1,1
190,LR_8_features,8,10,African-American,Male,25 - 45,1,1
194,LR_8_features,8,10,Caucasian,Male,25 - 45,0,1
200,LR_8_features,8,10,Other,Female,25 - 45,0,0
225,LR_8_features,8,10,African-American,Male,25 - 45,1,1
227,LR_8_features,8,10,African-American,Female,25 - 45,1,0
234,LR_8_features,8,10,African-American,Female,Greater than 45,1,0
238,LR_8_features,8,10,African-American,Female,25 - 45,1,0
267,LR_8_features,8,10,Hispanic,Male,Greater than 45,0,0
291,LR_8_features,8,10,Caucasian,Male,Greater than 45,0,0
293,LR_8_features,8,10,African-American,Male,Less than 25,1,0
333,LR_8_features,8,10,African-American,Female,25 - 45,0,0
347,LR_8_features,8,10,Caucasian,Male,25 - 45,1,1
356,LR_8_features,8,10,Hispanic,Male,25 - 45,0,1
372,LR_8_features,8,10,Other,Female,25 - 45,0,0
381,LR_8_features,8,10,Hispanic,Male,Less than 25,1,1
382,LR_8_features,8,10,Caucasian,Female,Less than 25,1,1
432,LR_8_features,8,10,Caucasian,Male,25 - 45,0,1
445,LR_8_features,8,10,Caucasian,Male,Greater than 45,0,0
461,LR_8_features,8,10,Hispanic,Male,Less than 25,0,0
557,LR_8_features,8,10,African-American,Male,Less than 25,1,1
563,LR_8_features,8,10,Caucasian,Female,Greater than 45,1,0
584,LR_8_features,8,10,African-American,Male,25 - 45,0,0
603,LR_8_features,8,10,African-American,Male,25 - 45,0,1
640,LR_8_features,8,10,African-American,Male,Less than 25,1,1
715,LR_8_features,8,10,Caucasian,Male,Less than 25,1,0
716,LR_8_features,8,10,African-American,Male,25 - 45,0,0
718,LR_8_features,8,10,African-American,Male,Less than 25,1,1
775,LR_8_features,8,10,Caucasian,Male,Greater than 45,0,0
786,LR_8_features,8,10,Caucasian,Female,Greater than 45,0,0
796,LR_8_features,8,10,Caucasian,Male,Less than 25,0,0
808,LR_8_features,8,10,Caucasian,Male,25 - 45,0,1
848,LR_8_features,8,10,Other,Female,Greater than 45,0,0
874,LR_8_features,8,10,Hispanic,Male,25 - 45,0,1
887,LR_8_features,8,10,African-American,Male,25 - 45,1,1
899,LR_8_features,8,10,African-American,Male,25 - 45,0,0
919,LR_8_features,8,10,Hispanic,Male,25 - 45,1,0
977,LR_8_features,8,10,African-American,Female,Less than 25,0,0
987,LR_8_features,8,10,African-American,Male,25 - 45,1,1
998,LR_8_features,8,10,African-American,Male,25 - 45,1,1
1000,LR_8_features,8,10,African-American,Male,25 - 45,1,1
1003,LR_8_features,8,10,African-American,Male,25 - 45,1,0
1015,LR_8_features,8,10,African-American,Male,25 - 45,0,1
1032,LR_8_features,8,10,Hispanic,Male,25 - 45,1,1
1043,LR_8_features,8,10,African-American,Male,25 - 45,0,1
1088,LR_8_features,8,10,Caucasian,Male,Greater than 45,0,0
1103,LR_8_features,8,10,African-American,Male,Less than 25,0,1
1121,LR_8_features,8,10,African-American,Male,25 - 45,0,0
1125,LR_8_features,8,10,African-American,Male,25 - 45,1,1
1127,LR_8_features,8,10,African-American,Male,Less than 25,0,0
1131,LR_8_features,8,10,African-American,Male,Less than 25,1,1
1144,LR_8_features,8,10,African-American,Female,25 - 45,0,0
1145,LR_8_features,8,10,African-American,Male,Less than 25,1,1
1157,LR_8_features,8,10,Native American,Male,25 - 45,0,0
1165,LR_8_features,8,10,Other,Male,Less than 25,0,0
1196,LR_8_features,8,10,Caucasian,Male,25 - 45,0,0
1247,LR_8_features,8,10,African-American,Female,Less than 25,0,0
1248,LR_8_features,8,10,Caucasian,Male,25 - 45,0,0
1262,LR_8_features,8,10,Caucasian,Male,Greater than 45,0,0
1283,LR_8_features,8,10,African-American,Male,Less than 25,1,1
1286,LR_8_features,8,10,Caucasian,Male,Less than 25,1,1
1329,LR_8_features,8,10,Caucasian,Male,Less than 25,1,1
1347,LR_8_features,8,10,Caucasian,Female,25 - 45,1,0
1356,LR_8_features,8,10,Hispanic,Female,Greater than 45,0,0
1366,LR_8_features,8,10,Caucasian,Female,25 - 45,0,0
1367,LR_8_features,8,10,African-American,Male,25 - 45,1,0
1382,LR_8_features,8,10,African-American,Male,25 - 45,0,0
1439,LR_8_features,8,10,Caucasian,Male,Less than 25,0,1
1456,LR_8_features,8,10,African-American,Male,25 - 45,1,1
1471,LR_8_features,8,10,Caucasian,Male,Less than 25,1,1
1497,LR_8_features,8,10,Caucasian,Male,25 - 45,0,1
1509,LR_8_features,8,10,Hispanic,Male,Greater than 45,0,0
1513,LR_8_features,8,10,African-American,Male,25 - 45,1,1
1520,LR_8_features,8,10,Caucasian,Male,Less than 25,0,1
1522,LR_8_features,8,10,African-American,Male,Less than 25,0,1
1532,LR_8_features,8,10,Hispanic,Male,Greater than 45,0,0
1559,LR_8_features,8,10,Caucasian,Male,Less than 25,0,1
1576,LR_8_features,8,10,African-American,Male,25 - 45,1,1
1602,LR_8_features,8,10,African-American,Male,25 - 45,0,0
1615,LR_8_features,8,10,Caucasian,Female,25 - 45,0,0
1624,LR_8_features,8,10,African-American,Male,Less than 25,1,1
1632,LR_8_features,8,10,African-American,Male,25 - 45,1,1
1638,LR_8_features,8,10,African-American,Male,Greater than 45,1,1
1656,LR_8_features,8,10,Hispanic,Male,25 - 45,0,0
1669,LR_8_features,8,10,Caucasian,Female,25 - 45,1,1
1686,LR_8_features,8,10,African-American,Female,Less than 25,1,1
1699,LR_8_features,8,10,Caucasian,Female,25 - 45,0,0
1737,LR_8_features,8,10,African-American,Female,25 - 45,0,1
1749,LR_8_features,8,10,Caucasian,Female,Greater than 45,0,0
1752,LR_8_features,8,10,Caucasian,Female,Greater than 45,0,0
1776,LR_8_features,8,10,African-American,Male,Less than 25,1,1
1792,LR_8_features,8,10,Native American,Male,25 - 45,0,1
1823,LR_8_features,8,10,Hispanic,Male,25 - 45,0,0
1833,LR_8_features,8,10,Asian,Male,Less than 25,0,0
1848,LR_8_features,8,10,Caucasian,Male,25 - 45,1,0
1849,LR_8_features,8,10,African-American,Male,25 - 45,1,1
1874,LR_8_features,8,10,Caucasian,Female,25 - 45,0,0
1910,LR_8_features,8,10,Caucasian,Male,Greater than 45,1,0
1913,LR_8_features,8,10,African-American,Male,Less than 25,0,1
1938,LR_8_features,8,10,Caucasian,Female,25 - 45,0,0
1953,LR_8_features,8,10,Other,Male,25 - 45,1,0
1961,LR_8_features,8,10,Caucasian,Male,25 - 45,1,1
1987,LR_8_features,8,10,Caucasian,Male,Greater than 45,0,0
2009,LR_8_features,8,10,African-American,Male,25 - 45,1,1
2038,LR_8_features,8,10,Other,Male,25 - 45,0,1
2044,LR_8_features,8,10,Other,Male,25 - 45,0,0
2055,LR_8_features,8,10,African-American,Male,Less than 25,0,1
2059,LR_8_features,8,10,Hispanic,Male,25 - 45,0,0
2066,LR_8_features,8,10,Caucasian,Male,25 - 45,0,1
2070,LR_8_features,8,10,African-American,Male,25 - 45,0,0
2078,LR_8_features,8,10,Caucasian,Male,25 - 45,1,0
2083,LR_8_features,8,10,African-American,Male,Less than 25,1,1
2109,LR_8_features,8,10,Caucasian,Male,25 - 45,0,0
2116,LR_8_features,8,10,African-American,Male,25 - 45,0,0
2134,LR_8_features,8,10,African-American,Male,Less than 25,0,0
2149,LR_8_features,8,10,African-American,Male,25 - 45,1,0
2157,LR_8_features,8,10,African-American,Female,Less than 25,1,0
2188,LR_8_features,8,10,African-American,Male,Less than 25,1,0
2195,LR_8_features,8,10,African-American,Male,25 - 45,1,1
2218,LR_8_features,8,10,African-American,Female,25 - 45,0,0
2220,LR_8_features,8,10,African-American,Male,Greater than 45,1,1
2226,LR_8_features,8,10,Caucasian,Male,25 - 45,1,0
2258,LR_8_features,8,10,Caucasian,Female,Less than 25,1,0
2262,LR_8_features,8,10,African-American,Male,Less than 25,1,0
2268,LR_8_features,8,10,Caucasian,Female,25 - 45,0,1
2277,LR_8_features,8,10,Caucasian,Male,25 - 45,1,1
2316,LR_8_features,8,10,Caucasian,Male,Greater than 45,0,0
2326,LR_8_features,8,10,African-American,Male,25 - 45,0,1
2327,LR_8_features,8,10,African-American,Male,Greater than 45,1,1
2329,LR_8_features,8,10,African-American,Male,25 - 45,1,1
2334,LR_8_features,8,10,Hispanic,Male,25 - 45,1,0
2349,LR_8_features,8,10,African-American,Male,Greater than 45,0,0
2353,LR_8_features,8,10,Caucasian,Male,Greater than 45,0,0
2356,LR_8_features,8,10,Caucasian,Male,Greater than 45,1,0
2383,LR_8_features,8,10,Other,Male,25 - 45,0,0
2411,LR_8_features,8,10,African-American,Female,25 - 45,0,0
2420,LR_8_features,8,10,Caucasian,Male,25 - 45,1,0
2422,LR_8_features,8,10,African-American,Male,25 - 45,0,0
2427,LR_8_features,8,10,African-American,Male,25 - 45,1,1
2460,LR_8_features,8,10,Caucasian,Male,Greater than 45,1,0
2502,LR_8_features,8,10,Hispanic,Male,Greater than 45,0,0
2514,LR_8_features,8,10,African-American,Male,25 - 45,1,1
2519,LR_8_features,8,10,African-American,Male,25 - 45,1,1
2525,LR_8_features,8,10,Caucasian,Male,25 - 45,0,0
2554,LR_8_features,8,10,Caucasian,Female,Greater than 45,0,0
2567,LR_8_features,8,10,Caucasian,Male,25 - 45,0,0
2579,LR_8_features,8,10,African-American,Female,25 - 45,0,0
2593,LR_8_features,8,10,African-American,Female,25 - 45,0,1
2595,LR_8_features,8,10,Hispanic,Female,Greater than 45,0,0
2608,LR_8_features,8,10,African-American,Male,25 - 45,1,0
2609,LR_8_features,8,10,African-American,Male,25 - 45,0,1
2620,LR_8_features,8,10,African-American,Male,25 - 45,1,1
2677,LR_8_features,8,10,Caucasian,Male,Less than 25,0,1
2683,LR_8_features,8,10,Caucasian,Male,Greater than 45,0,0
2689,LR_8_features,8,10,African-American,Female,25 - 45,0,0
2700,LR_8_features,8,10,African-American,Male,Less than 25,0,1
2711,LR_8_features,8,10,Caucasian,Male,25 - 45,1,0
2720,LR_8_features,8,10,Hispanic,Male,25 - 45,0,0
2722,LR_8_features,8,10,Hispanic,Male,25 - 45,0,1
2737,LR_8_features,8,10,African-American,Male,25 - 45,1,1
2764,LR_8_features,8,10,Caucasian,Male,25 - 45,0,0
2800,LR_8_features,8,10,African-American,Male,Less than 25,0,0
2809,LR_8_features,8,10,African-American,Male,Less than 25,0,0
2825,LR_8_features,8,10,Caucasian,Male,Less than 25,1,1
2843,LR_8_features,8,10,Caucasian,Male,25 - 45,0,0
2869,LR_8_features,8,10,Hispanic,Male,25 - 45,0,0
2873,LR_8_features,8,10,Caucasian,Male,25 - 45,1,1
2892,LR_8_features,8,10,African-American,Male,Greater than 45,0,0
2901,LR_8_features,8,10,African-American,Male,25 - 45,1,1
2925,LR_8_features,8,10,Hispanic,Male,Greater than 45,0,0
2935,LR_8_features,8,10,Caucasian,Male,Greater than 45,0,0
2939,LR_8_features,8,10,African-American,Female,Less than 25,0,1
2972,LR_8_features,8,10,African-American,Male,Greater than 45,0,0
2976,LR_8_features,8,10,African-American,Male,25 - 45,0,1
2991,LR_8_features,8,10,African-American,Male,Greater than 45,1,0
3027,LR_8_features,8,10,African-American,Male,Greater than 45,1,0
3041,LR_8_features,8,10,Caucasian,Male,25 - 45,1,0
3066,LR_8_features,8,10,African-American,Female,25 - 45,0,0
3086,LR_8_features,8,10,Hispanic,Male,25 - 45,1,1
3104,LR_8_features,8,10,Other,Female,25 - 45,0,0
3118,LR_8_features,8,10,African-American,Male,25 - 45,0,0
3134,LR_8_features,8,10,African-American,Male,Less than 25,1,0
3139,LR_8_features,8,10,Hispanic,Male,25 - 45,0,0
3155,LR_8_features,8,10,Other,Male,25 - 45,1,0
3157,LR_8_features,8,10,Caucasian,Male,Less than 25,0,0
3164,LR_8_features,8,10,African-American,Male,25 - 45,1,1
3197,LR_8_features,8,10,Other,Female,25 - 45,0,0
3198,LR_8_features,8,10,Other,Male,Less than 25,0,0
3207,LR_8_features,8,10,Other,Male,Greater than 45,0,0
3232,LR_8_features,8,10,African-American,Female,Greater than 45,0,0
3240,LR_8_features,8,10,African-American,Female,25 - 45,0,1
3268,LR_8_features,8,10,Caucasian,Male,25 - 45,1,1
3283,LR_8_features,8,10,Caucasian,Male,Greater than 45,0,0
3289,LR_8_features,8,10,African-American,Male,25 - 45,0,1
3301,LR_8_features,8,10,African-American,Female,25 - 45,0,0
3326,LR_8_features,8,10,African-American,Male,25 - 45,0,1
3332,LR_8_features,8,10,African-American,Male,Greater than 45,0,0
3340,LR_8_features,8,10,African-American,Male,25 - 45,1,1
3342,LR_8_features,8,10,African-American,Male,25 - 45,1,0
3347,LR_8_features,8,10,African-American,Female,25 - 45,1,1
3403,LR_8_features,8,10,African-American,Male,25 - 45,1,1
3419,LR_8_features,8,10,African-American,Male,25 - 45,1,1
3420,LR_8_features,8,10,African-American,Male,25 - 45,0,0
3434,LR_8_features,8,10,African-American,Male,25 - 45,1,1
3444,LR_8_features,8,10,Caucasian,Male,25 - 45,1,0
3455,LR_8_features,8,10,African-American,Female,25 - 45,0,0
3485,LR_8_features,8,10,African-American,Male,25 - 45,1,1
3498,LR_8_features,8,10,African-American,Male,25 - 45,1,1
3512,LR_8_features,8,10,African-American,Male,25 - 45,1,1
3554,LR_8_features,8,10,Caucasian,Male,Greater than 45,0,0
3562,LR_8_features,8,10,African-American,Male,Greater than 45,0,0
3594,LR_8_features,8,10,African-American,Male,Greater than 45,1,0
3618,LR_8_features,8,10,Caucasian,Male,25 - 45,1,1
3624,LR_8_features,8,10,African-American,Male,Less than 25,1,1
3627,LR_8_features,8,10,Caucasian,Male,25 - 45,0,1
3636,LR_8_features,8,10,African-American,Female,Greater than 45,0,0
3643,LR_8_features,8,10,African-American,Male,Less than 25,1,1
3660,LR_8_features,8,10,Other,Male,Greater than 45,0,0
3663,LR_8_features,8,10,African-American,Male,25 - 45,0,1
3667,LR_8_features,8,10,African-American,Male,25 - 45,0,0
3709,LR_8_features,8,10,African-American,Female,25 - 45,0,0
3736,LR_8_features,8,10,Caucasian,Male,25 - 45,0,0
3737,LR_8_features,8,10,Caucasian,Female,25 - 45,0,0
3754,LR_8_features,8,10,African-American,Male,Less than 25,1,1
3759,LR_8_features,8,10,African-American,Female,25 - 45,0,1
3769,LR_8_features,8,10,Caucasian,Male,Greater than 45,0,0
3780,LR_8_features,8,10,Caucasian,Male,Less than 25,0,0
3816,LR_8_features,8,10,Other,Male,Less than 25,1,1
3821,LR_8_features,8,10,African-American,Female,Greater than 45,0,0
3859,LR_8_features,8,10,Other,Male,25 - 45,1,0
3911,LR_8_features,8,10,Hispanic,Male,Greater than 45,0,1
3919,LR_8_features,8,10,Asian,Male,Greater than 45,1,0
3960,LR_8_features,8,10,African-American,Male,25 - 45,0,0
3977,LR_8_features,8,10,Caucasian,Male,Greater than 45,0,0
4005,LR_8_features,8,10,Caucasian,Male,25 - 45,0,0
4029,LR_8_features,8,10,Hispanic,Male,25 - 45,1,0
4037,LR_8_features,8,10,Caucasian,Male,Less than 25,1,1
4068,LR_8_features,8,10,Caucasian,Female,Greater than 45,0,0
4101,LR_8_features,8,10,African-American,Male,25 - 45,1,1
4106,LR_8_features,8,10,Caucasian,Male,25 - 45,1,0
4187,LR_8_features,8,10,Caucasian,Female,25 - 45,1,0
4198,LR_8_features,8,10,African-American,Male,25 - 45,1,1
4232,LR_8_features,8,10,African-American,Male,25 - 45,1,0
4236,LR_8_features,8,10,African-American,Male,25 - 45,1,1
4239,LR_8_features,8,10,Hispanic,Male,25 - 45,0,0
4262,LR_8_features,8,10,African-American,Male,25 - 45,1,1
4269,LR_8_features,8,10,African-American,Male,25 - 45,1,1
4270,LR_8_features,8,10,African-American,Male,Less than 25,0,1
4288,LR_8_features,8,10,Caucasian,Male,Greater than 45,0,0
4307,LR_8_features,8,10,African-American,Male,Less than 25,0,1
4329,LR_8_features,8,10,African-American,Male,25 - 45,0,1
4383,LR_8_features,8,10,African-American,Male,Greater than 45,1,1
4388,LR_8_features,8,10,Caucasian,Male,25 - 45,1,0
4402,LR_8_features,8,10,Hispanic,Male,25 - 45,0,0
4430,LR_8_features,8,10,Hispanic,Male,25 - 45,1,0
4463,LR_8_features,8,10,Caucasian,Female,Greater than 45,1,0
4473,LR_8_features,8,10,African-American,Male,25 - 45,1,0
4480,LR_8_features,8,10,Caucasian,Male,25 - 45,1,1
4503,LR_8_features,8,10,African-American,Male,25 - 45,1,0
4587,LR_8_features,8,10,Caucasian,Male,25 - 45,1,0
4599,LR_8_features,8,10,African-American,Male,Greater than 45,1,1
4605,LR_8_features,8,10,Other,Male,25 - 45,1,0
4667,LR_8_features,8,10,African-American,Male,25 - 45,1,1
4739,LR_8_features,8,10,African-American,Male,25 - 45,1,1
4748,LR_8_features,8,10,African-American,Female,25 - 45,0,0
4761,LR_8_features,8,10,Hispanic,Male,25 - 45,1,0
4772,LR_8_features,8,10,African-American,Male,Less than 25,0,0
4789,LR_8_features,8,10,African-American,Male,25 - 45,1,1
4812,LR_8_features,8,10,Caucasian,Female,Less than 25,0,0
4817,LR_8_features,8,10,African-American,Male,25 - 45,1,0
4846,LR_8_features,8,10,African-American,Male,25 - 45,0,1
4851,LR_8_features,8,10,African-American,Male,25 - 45,1,1
4865,LR_8_features,8,10,Hispanic,Female,25 - 45,0,0
4909,LR_8_features,8,10,Hispanic,Male,25 - 45,0,0
4937,LR_8_features,8,10,Other,Male,Greater than 45,0,0
4953,LR_8_features,8,10,African-American,Male,25 - 45,1,1
5023,LR_8_features,8,10,Caucasian,Male,Less than 25,1,0
5037,LR_8_features,8,10,Caucasian,Female,Less than 25,0,0
5054,LR_8_features,8,10,African-American,Male,Less than 25,0,0
5127,LR_8_features,8,10,Caucasian,Female,25 - 45,0,0
5137,LR_8_features,8,10,African-American,Female,25 - 45,1,0
5160,LR_8_features,8,10,African-American,Male,25 - 45,0,1
5162,LR_8_features,8,10,Caucasian,Female,25 - 45,0,0
5191,LR_8_features,8,10,Other,Male,Less than 25,1,0
5201,LR_8_features,8,10,African-American,Male,Less than 25,1,1
5209,LR_8_features,8,10,Caucasian,Male,25 - 45,0,0
5225,LR_8_features,8,10,African-American,Male,Less than 25,1,1
5232,LR_8_features,8,10,Caucasian,Male,Less than 25,1,1
5258,LR_8_features,8,10,Caucasian,Male,Greater than 45,0,0
5260,LR_8_features,8,10,African-American,Male,25 - 45,0,0
5278,LR_8_features,8,10,Caucasian,Male,Less than 25,1,1
5289,LR_8_features,8,10,African-American,Male,25 - 45,1,1
5301,LR_8_features,8,10,African-American,Male,25 - 45,1,0
5315,LR_8_features,8,10,Hispanic,Male,25 - 45,0,0
5316,LR_8_features,8,10,African-American,Male,25 - 45,1,0
5322,LR_8_features,8,10,Caucasian,Male,Greater than 45,0,0
5352,LR_8_features,8,10,African-American,Male,Less than 25,1,0
5381,LR_8_features,8,10,African-American,Male,25 - 45,0,0
5404,LR_8_features,8,10,African-American,Female,25 - 45,0,0
5418,LR_8_features,8,10,African-American,Male,25 - 45,0,0
5485,LR_8_features,8,10,African-American,Male,Less than 25,1,1
5500,LR_8_features,8,10,Caucasian,Male,Greater than 45,0,0
5512,LR_8_features,8,10,Hispanic,Male,Greater than 45,0,0
5518,LR_8_features,8,10,Caucasian,Male,25 - 45,0,0
5520,LR_8_features,8,10,Caucasian,Male,Greater than 45,0,0
5569,LR_8_features,8,10,Other,Male,Greater than 45,0,0
5573,LR_8_features,8,10,Caucasian,Female,25 - 45,0,0
5578,LR_8_features,8,10,African-American,Male,Less than 25,1,1
5586,LR_8_features,8,10,African-American,Male,25 - 45,1,1
5590,LR_8_features,8,10,Caucasian,Female,25 - 45,0,0
5638,LR_8_features,8,10,Hispanic,Male,25 - 45,0,0
5650,LR_8_features,8,10,African-American,Male,25 - 45,0,1
5695,LR_8_features,8,10,Caucasian,Female,Greater than 45,0,0
5711,LR_8_features,8,10,Caucasian,Male,Greater than 45,1,0
5726,LR_8_features,8,10,Caucasian,Female,Greater than 45,1,0
5727,LR_8_features,8,10,African-American,Male,25 - 45,0,1
5733,LR_8_features,8,10,African-American,Male,Less than 25,0,0
5754,LR_8_features,8,10,African-American,Male,25 - 45,1,1
5808,LR_8_features,8,10,African-American,Male,25 - 45,1,1
5812,LR_8_features,8,10,African-American,Male,Greater than 45,0,0
5813,LR_8_features,8,10,African-American,Male,25 - 45,1,0
5828,LR_8_features,8,10,African-American,Male,25 - 45,1,1
5875,LR_8_features,8,10,African-American,Male,Less than 25,1,0
5895,LR_8_features,8,10,Caucasian,Male,Less than 25,0,1
5898,LR_8_features,8,10,Caucasian,Male,Less than 25,0,0
5902,LR_8_features,8,10,African-American,Male,Less than 25,1,1
5953,LR_8_features,8,10,Hispanic,Male,Greater than 45,0,1
5963,LR_8_features,8,10,Caucasian,Male,Less than 25,1,1
5969,LR_8_features,8,10,Caucasian,Male,25 - 45,1,0
5992,LR_8_features,8,10,African-American,Male,Less than 25,0,0
5993,LR_8_features,8,10,Caucasian,Male,Greater than 45,0,0
6035,LR_8_features,8,10,Asian,Male,Greater than 45,0,0
6042,LR_8_features,8,10,Caucasian,Male,25 - 45,1,0
6044,LR_8_features,8,10,African-American,Male,Less than 25,1,1
6074,LR_8_features,8,10,Other,Male,Greater than 45,0,0
6096,LR_8_features,8,10,African-American,Male,Less than 25,1,1
6154,LR_8_features,8,10,African-American,Male,25 - 45,0,0
6172,LR_8_features,8,10,Caucasian,Male,25 - 45,1,0
6183,LR_8_features,8,10,Caucasian,Female,Less than 25,0,0
6189,LR_8_features,8,10,Caucasian,Female,Greater than 45,0,0
6212,LR_8_features,8,10,African-American,Male,Greater than 45,0,0
6226,LR_8_features,8,10,Caucasian,Female,25 - 45,1,0
6236,LR_8_features,8,10,Asian,Male,25 - 45,0,0
6242,LR_8_features,8,10,Caucasian,Female,Greater than 45,0,0
6248,LR_8_features,8,10,Caucasian,Male,25 - 45,0,0
6249,LR_8_features,8,10,Caucasian,Male,25 - 45,1,0
6267,LR_8_features,8,10,Caucasian,Female,Greater than 45,1,0
6271,LR_8_features,8,10,Caucasian,Male,25 - 45,0,0
6281,LR_8_features,8,10,Caucasian,Male,25 - 45,0,1
6285,LR_8_features,8,10,Caucasian,Female,25 - 45,1,0
6328,LR_8_features,8,10,African-American,Female,Greater than 45,0,0
6380,LR_8_features,8,10,African-American,Male,25 - 45,0,1
6447,LR_8_features,8,10,African-American,Male,Less than 25,0,0
6449,LR_8_features,8,10,African-American,Male,Greater than 45,1,1
6453,LR_8_features,8,10,African-American,Male,25 - 45,1,1
6458,LR_8_features,8,10,Hispanic,Female,25 - 45,0,0
6466,LR_8_features,8,10,Caucasian,Male,Greater than 45,0,0
6471,LR_8_features,8,10,Caucasian,Male,Greater than 45,1,1
6478,LR_8_features,8,10,Hispanic,Female,25 - 45,1,0
6484,LR_8_features,8,10,Caucasian,Female,Greater than 45,0,0
6487,LR_8_features,8,10,African-American,Female,25 - 45,0,0
6488,LR_8_features,8,10,Caucasian,Female,Greater than 45,0,0
6528,LR_8_features,8,10,African-American,Male,25 - 45,1,1
6533,LR_8_features,8,10,Hispanic,Female,Less than 25,0,0
6571,LR_8_features,8,10,African-American,Male,Greater than 45,1,1
6604,LR_8_features,8,10,African-American,Male,25 - 45,1,0
6605,LR_8_features,8,10,African-American,Female,Less than 25,0,0
6654,LR_8_features,8,10,African-American,Male,Less than 25,1,1
6702,LR_8_features,8,10,African-American,Female,25 - 45,0,0
6704,LR_8_features,8,10,Caucasian,Male,25 - 45,0,0
6705,LR_8_features,8,10,Caucasian,Female,25 - 45,0,0
6719,LR_8_features,8,10,African-American,Male,25 - 45,1,0
6735,LR_8_features,8,10,Hispanic,Female,Greater than 45,0,0
6741,LR_8_features,8,10,African-American,Male,Less than 25,0,1
6773,LR_8_features,8,10,Caucasian,Female,25 - 45,0,0
6782,LR_8_features,8,10,Hispanic,Male,Less than 25,0,1
6784,LR_8_features,8,10,Other,Male,25 - 45,0,0
6786,LR_8_features,8,10,Hispanic,Male,25 - 45,0,0
6834,LR_8_features,8,10,Hispanic,Male,25 - 45,0,0
6924,LR_8_features,8,10,African-American,Male,Less than 25,1,1
6952,LR_8_features,8,10,African-American,Male,Less than 25,0,1
6976,LR_8_features,8,10,Caucasian,Male,25 - 45,0,0
6991,LR_8_features,8,10,African-American,Male,25 - 45,1,1
6996,LR_8_features,8,10,African-American,Female,Less than 25,1,0
6997,LR_8_features,8,10,African-American,Male,25 - 45,1,1
7004,LR_8_features,8,10,Caucasian,Male,Less than 25,0,1
7026,LR_8_features,8,10,African-American,Male,25 - 45,0,1
7032,LR_8_features,8,10,Caucasian,Female,Greater than 45,0,0
7040,LR_8_features,8,10,Caucasian,Male,Less than 25,0,0
7043,LR_8_features,8,10,African-American,Male,25 - 45,0,0
7044,LR_8_features,8,10,African-American,Male,25 - 45,0,1
7076,LR_8_features,8,10,Caucasian,Female,25 - 45,1,0
7098,LR_8_features,8,10,African-American,Male,Less than 25,1,1
7099,LR_8_features,8,10,African-American,Male,25 - 45,0,0
7167,LR_8_features,8,10,African-American,Female,25 - 45,0,0
7189,LR_8_features,8,10,Caucasian,Male,Less than 25,1,0
7203,LR_8_features,8,10,African-American,Male,Greater than 45,0,0
7227,LR_8_features,8,10,Caucasian,Male,Greater than 45,0,0
7249,LR_8_features,8,10,African-American,Female,25 - 45,0,0
7260,LR_8_features,8,10,Hispanic,Male,Greater than 45,1,0
7294,LR_8_features,8,10,Other,Male,25 - 45,1,1
7321,LR_8_features,8,10,African-American,Male,25 - 45,0,0
7334,LR_8_features,8,10,African-American,Male,25 - 45,1,1
7337,LR_8_features,8,10,Other,Male,25 - 45,0,0
7359,LR_8_features,8,10,Caucasian,Male,Less than 25,0,1
7369,LR_8_features,8,10,African-American,Male,25 - 45,1,1
7399,LR_8_features,8,10,Other,Female,25 - 45,0,0
7402,LR_8_features,8,10,Caucasian,Male,25 - 45,1,1
7449,LR_8_features,8,10,African-American,Male,25 - 45,1,1
7500,LR_8_features,8,10,African-American,Female,25 - 45,0,0
7514,LR_8_features,8,10,Caucasian,Male,25 - 45,0,0
7515,LR_8_features,8,10,African-American,Male,Less than 25,1,1
7516,LR_8_features,8,10,African-American,Male,25 - 45,1,0
7542,LR_8_features,8,10,African-American,Female,Greater than 45,1,0
7551,LR_8_features,8,10,African-American,Male,Less than 25,1,0
7578,LR_8_features,8,10,African-American,Female,25 - 45,0,0
7589,LR_8_features,8,10,African-American,Male,25 - 45,1,1
7603,LR_8_features,8,10,Other,Male,Greater than 45,0,0
7618,LR_8_features,8,10,Other,Male,25 - 45,0,0
7637,LR_8_features,8,10,Hispanic,Male,25 - 45,0,1
7651,LR_8_features,8,10,Other,Male,25 - 45,0,0
7654,LR_8_features,8,10,African-American,Male,25 - 45,0,0
7663,LR_8_features,8,10,Caucasian,Female,Greater than 45,0,0
7678,LR_8_features,8,10,African-American,Male,25 - 45,1,1
7681,LR_8_features,8,10,Other,Male,Greater than 45,0,0
7697,LR_8_features,8,10,African-American,Male,25 - 45,0,0
7699,LR_8_features,8,10,African-American,Male,Less than 25,1,0
7735,LR_8_features,8,10,Caucasian,Female,Greater than 45,0,0
7774,LR_8_features,8,10,Caucasian,Female,25 - 45,1,1
7796,LR_8_features,8,10,African-American,Male,25 - 45,1,1
7809,LR_8_features,8,10,Caucasian,Female,Greater than 45,1,0
7815,LR_8_features,8,10,Caucasian,Female,25 - 45,1,0
7835,LR_8_features,8,10,African-American,Male,25 - 45,1,1
7853,LR_8_features,8,10,African-American,Male,25 - 45,1,0
7909,LR_8_features,8,10,African-American,Male,Greater than 45,0,0
7930,LR_8_features,8,10,Caucasian,Male,Less than 25,1,1
7975,LR_8_features,8,10,Caucasian,Male,Less than 25,1,1
7977,LR_8_features,8,10,African-American,Male,Less than 25,0,0
7979,LR_8_features,8,10,Caucasian,Male,Greater than 45,1,1
7981,LR_8_features,8,10,Caucasian,Male,25 - 45,0,1
7983,LR_8_features,8,10,African-American,Male,Less than 25,0,1
8004,LR_8_features,8,10,Caucasian,Male,25 - 45,1,1
8045,LR_8_features,8,10,Caucasian,Male,Less than 25,1,1
8050,LR_8_features,8,10,Caucasian,Female,25 - 45,0,0
8087,LR_8_features,8,10,Caucasian,Male,Greater than 45,1,0
8105,LR_8_features,8,10,African-American,Male,Less than 25,1,1
8112,LR_8_features,8,10,African-American,Female,Greater than 45,0,0
8135,LR_8_features,8,10,Hispanic,Female,Greater than 45,1,0
8225,LR_8_features,8,10,Caucasian,Male,Greater than 45,0,0
8235,LR_8_features,8,10,African-American,Male,Less than 25,1,1
8251,LR_8_features,8,10,Other,Female,25 - 45,0,0
8278,LR_8_features,8,10,African-American,Male,Greater than 45,1,0
8356,LR_8_features,8,10,Caucasian,Female,25 - 45,1,0
8394,LR_8_features,8,10,African-American,Male,Less than 25,1,1
8419,LR_8_features,8,10,African-American,Male,25 - 45,0,0
8434,LR_8_features,8,10,African-American,Male,25 - 45,1,0
8439,LR_8_features,8,10,Hispanic,Male,25 - 45,0,0
8471,LR_8_features,8,10,African-American,Male,Less than 25,1,1
8504,LR_8_features,8,10,Caucasian,Male,25 - 45,1,1
8505,LR_8_features,8,10,African-American,Male,Less than 25,1,1
8511,LR_8_features,8,10,Caucasian,Male,Less than 25,0,0
8535,LR_8_features,8,10,African-American,Male,Greater than 45,1,0
8605,LR_8_features,8,10,African-American,Male,25 - 45,0,1
8616,LR_8_features,8,10,Caucasian,Male,25 - 45,0,0
8634,LR_8_features,8,10,African-American,Male,25 - 45,0,0
8681,LR_8_features,8,10,African-American,Male,25 - 45,1,1
8726,LR_8_features,8,10,Hispanic,Female,25 - 45,0,0
8743,LR_8_features,8,10,African-American,Male,25 - 45,1,1
8754,LR_8_features,8,10,Caucasian,Male,25 - 45,0,0
8787,LR_8_features,8,10,Caucasian,Female,25 - 45,1,0
8791,LR_8_features,8,10,Caucasian,Female,25 - 45,0,0
8812,LR_8_features,8,10,Hispanic,Male,25 - 45,0,0
8830,LR_8_features,8,10,African-American,Male,Less than 25,1,1
8838,LR_8_features,8,10,Caucasian,Female,25 - 45,0,0
8843,LR_8_features,8,10,African-American,Male,25 - 45,1,1
8854,LR_8_features,8,10,African-American,Male,25 - 45,0,1
8877,LR_8_features,8,10,Caucasian,Female,Greater than 45,0,0
8885,LR_8_features,8,10,African-American,Male,Less than 25,1,1
8887,LR_8_features,8,10,Other,Female,25 - 45,1,1
8893,LR_8_features,8,10,African-American,Male,25 - 45,0,0
8961,LR_8_features,8,10,Native American,Male,Less than 25,1,1
8967,LR_8_features,8,10,Hispanic,Male,Greater than 45,0,0
8992,LR_8_features,8,10,Caucasian,Male,25 - 45,1,1
9012,LR_8_features,8,10,Caucasian,Male,Greater than 45,0,0
9023,LR_8_features,8,10,Caucasian,Male,Greater than 45,0,0
9041,LR_8_features,8,10,Caucasian,Male,25 - 45,0,0
9075,LR_8_features,8,10,Hispanic,Female,25 - 45,0,0
9174,LR_8_features,8,10,Caucasian,Female,Less than 25,1,0
9175,LR_8_features,8,10,Hispanic,Male,25 - 45,1,0
9183,LR_8_features,8,10,Caucasian,Female,25 - 45,0,0
9229,LR_8_features,8,10,African-American,Male,Less than 25,0,0
9230,LR_8_features,8,10,Caucasian,Female,Less than 25,0,0
9235,LR_8_features,8,10,Caucasian,Male,Greater than 45,0,0
9239,LR_8_features,8,10,African-American,Male,Less than 25,1,1
9269,LR_8_features,8,10,African-American,Female,25 - 45,0,0
9270,LR_8_features,8,10,African-American,Male,25 - 45,0,0
9284,LR_8_features,8,10,Caucasian,Male,25 - 45,0,0
9287,LR_8_features,8,10,African-American,Male,Less than 25,1,1
9296,LR_8_features,8,10,African-American,Female,25 - 45,1,1
9318,LR_8_features,8,10,African-American,Male,25 - 45,1,1
9325,LR_8_features,8,10,Hispanic,Male,Greater than 45,1,0
9328,LR_8_features,8,10,Hispanic,Female,25 - 45,0,0
9338,LR_8_features,8,10,African-American,Female,25 - 45,1,0
9348,LR_8_features,8,10,Caucasian,Male,Less than 25,0,1
9357,LR_8_features,8,10,African-American,Male,25 - 45,0,1
9370,LR_8_features,8,10,African-American,Male,Greater than 45,1,1
9414,LR_8_features,8,10,Caucasian,Male,25 - 45,1,0
9428,LR_8_features,8,10,Caucasian,Male,Greater than 45,0,0
9437,LR_8_features,8,10,Hispanic,Male,Less than 25,0,1
9458,LR_8_features,8,10,African-American,Male,Less than 25,1,0
9461,LR_8_features,8,10,Hispanic,Male,25 - 45,0,0
9465,LR_8_features,8,10,African-American,Female,Greater than 45,0,0
9488,LR_8_features,8,10,Caucasian,Male,Less than 25,1,0
9517,LR_8_features,8,10,Caucasian,Female,Greater than 45,0,0
9519,LR_8_features,8,10,Caucasian,Male,25 - 45,1,1
9570,LR_8_features,8,10,African-American,Male,Less than 25,1,1
9601,LR_8_features,8,10,Hispanic,Female,25 - 45,1,1
9604,LR_8_features,8,10,African-American,Male,Less than 25,1,1
9629,LR_8_features,8,10,African-American,Female,Less than 25,0,1
9648,LR_8_features,8,10,Caucasian,Male,Greater than 45,0,0
9670,LR_8_features,8,10,Caucasian,Male,Less than 25,0,0
9677,LR_8_features,8,10,African-American,Male,25 - 45,0,0
9693,LR_8_features,8,10,Hispanic,Male,25 - 45,0,0
9706,LR_8_features,8,10,Caucasian,Female,Less than 25,0,1
9734,LR_8_features,8,10,Caucasian,Male,Less than 25,0,0
9743,LR_8_features,8,10,African-American,Male,25 - 45,0,0
9746,LR_8_features,8,10,Hispanic,Male,Less than 25,0,0
9752,LR_8_features,8,10,African-American,Female,Less than 25,1,1
9781,LR_8_features,8,10,Caucasian,Male,Less than 25,1,1
9782,LR_8_features,8,10,African-American,Male,25 - 45,0,1
9789,LR_8_features,8,10,African-American,Male,Greater than 45,0,0
9791,LR_8_features,8,10,Caucasian,Male,Greater than 45,0,1
9815,LR_8_features,8,10,African-American,Female,25 - 45,1,0
9833,LR_8_features,8,10,Caucasian,Male,Greater than 45,0,0
9851,LR_8_features,8,10,African-American,Male,Greater than 45,1,0
9852,LR_8_features,8,10,African-American,Male,Less than 25,1,1
9856,LR_8_features,8,10,African-American,Male,25 - 45,0,1
9864,LR_8_features,8,10,African-American,Male,25 - 45,1,0
9865,LR_8_features,8,10,African-American,Male,25 - 45,1,1
9867,LR_8_features,8,10,African-American,Male,25 - 45,0,1
9885,LR_8_features,8,10,African-American,Female,Less than 25,0,0
9889,LR_8_features,8,10,African-American,Male,25 - 45,0,1
9891,LR_8_features,8,10,African-American,Male,25 - 45,0,0
9907,LR_8_features,8,10,African-American,Male,Greater than 45,1,0
9920,LR_8_features,8,10,Caucasian,Female,Greater than 45,1,0
9924,LR_8_features,8,10,Caucasian,Male,25 - 45,1,0
9931,LR_8_features,8,10,African-American,Male,Greater than 45,0,0
9959,LR_8_features,8,10,African-American,Female,Less than 25,0,0
9966,LR_8_features,8,10,African-American,Male,Greater than 45,1,1
9969,LR_8_features,8,10,Caucasian,Male,Greater than 45,1,0
9977,LR_8_features,8,10,African-American,Male,25 - 45,1,0
10010,LR_8_features,8,10,African-American,Male,Less than 25,1,1
10042,LR_8_features,8,10,African-American,Male,25 - 45,1,1
10043,LR_8_features,8,10,Caucasian,Female,Greater than 45,0,0
10047,LR_8_features,8,10,Caucasian,Male,Greater than 45,0,0
10051,LR_8_features,8,10,Caucasian,Male,25 - 45,1,1
10064,LR_8_features,8,10,African-American,Male,Greater than 45,0,0
10068,LR_8_features,8,10,Caucasian,Male,Less than 25,0,0
10111,LR_8_features,8,10,African-American,Male,25 - 45,0,0
10125,LR_8_features,8,10,Hispanic,Male,Greater than 45,1,0
10130,LR_8_features,8,10,African-American,Female,Greater than 45,0,0
10167,LR_8_features,8,10,African-American,Male,Less than 25,1,1
10183,LR_8_features,8,10,African-American,Male,25 - 45,0,0
10220,LR_8_features,8,10,African-American,Male,Less than 25,0,1
10253,LR_8_features,8,10,Other,Male,25 - 45,0,0
10256,LR_8_features,8,10,Caucasian,Male,25 - 45,0,1
10270,LR_8_features,8,10,Hispanic,Female,25 - 45,1,0
10299,LR_8_features,8,10,African-American,Male,25 - 45,0,0
10306,LR_8_features,8,10,Caucasian,Male,Greater than 45,1,0
10316,LR_8_features,8,10,Other,Male,Greater than 45,0,0
10351,LR_8_features,8,10,African-American,Female,25 - 45,1,0
10364,LR_8_features,8,10,Other,Male,Less than 25,1,1
10389,LR_8_features,8,10,Caucasian,Male,25 - 45,0,1
10394,LR_8_features,8,10,African-American,Male,25 - 45,0,0
10404,LR_8_features,8,10,Hispanic,Male,25 - 45,0,0
10415,LR_8_features,8,10,African-American,Male,25 - 45,0,0
10436,LR_8_features,8,10,African-American,Female,Less than 25,0,0
10445,LR_8_features,8,10,Hispanic,Male,25 - 45,1,0
10450,LR_8_features,8,10,Caucasian,Male,25 - 45,1,0
10491,LR_8_features,8,10,Caucasian,Male,25 - 45,0,0
10512,LR_8_features,8,10,African-American,Male,25 - 45,1,1
10518,LR_8_features,8,10,African-American,Male,25 - 45,1,1
10525,LR_8_features,8,10,African-American,Male,25 - 45,1,0
10544,LR_8_features,8,10,Caucasian,Male,Greater than 45,0,0
10545,LR_8_features,8,10,African-American,Male,25 - 45,0,1
10557,LR_8_features,8,10,African-American,Male,25 - 45,0,1
10561,LR_8_features,8,10,African-American,Male,Less than 25,0,1
10591,LR_8_features,8,10,Caucasian,Male,25 - 45,1,0
10606,LR_8_features,8,10,Caucasian,Male,25 - 45,0,0
10621,LR_8_features,8,10,Other,Male,Less than 25,1,1
10648,LR_8_features,8,10,Hispanic,Male,25 - 45,1,1
10651,LR_8_features,8,10,Caucasian,Male,Less than 25,0,0
10743,LR_8_features,8,10,African-American,Male,25 - 45,1,1
10756,LR_8_features,8,10,Caucasian,Male,25 - 45,0,0
10763,LR_8_features,8,10,African-American,Male,Greater than 45,0,0
10768,LR_8_features,8,10,Caucasian,Male,25 - 45,1,0
10794,LR_8_features,8,10,African-American,Male,25 - 45,1,1
10817,LR_8_features,8,10,Other,Male,Greater than 45,1,0
10851,LR_8_features,8,10,African-American,Female,25 - 45,1,0
10874,LR_8_features,8,10,African-American,Female,Less than 25,0,0
10889,LR_8_features,8,10,African-American,Male,Greater than 45,0,0
10941,LR_8_features,8,10,Caucasian,Male,25 - 45,1,0
10947,LR_8_features,8,10,African-American,Male,Greater than 45,1,0
10957,LR_8_features,8,10,African-American,Male,Greater than 45,1,0
10972,LR_8_features,8,10,Caucasian,Male,25 - 45,0,0
10977,LR_8_features,8,10,African-American,Male,25 - 45,1,1
10989,LR_8_features,8,10,African-American,Male,25 - 45,0,0
11000,LR_8_features,8,10,African-American,Female,25 - 45,0,0
